StudentID,Age,Gender,Ethnicity,ParentalEducation,StudyTimeWeekly,Absences,Tutoring,ParentalSupport,Extracurricular,Sports,Music,Volunteering,GPA,GradeClass,split
-0.790296078741229,-1.3084288370736354,-1.0205989410664063,1.081905431819191,1.276389250302744,-1.3841704102543333,-0.90205240401957,-0.6441590086324702,-0.11647529445320678,-0.7881538179048341,-0.668617921055841,-0.4986928082209321,-0.4269939772562403,0.1542331288179603,3.0,train
-1.4500122266286355,0.47562274191557835,-1.0205989410664063,0.11113381311838781,0.26490100016639395,0.152787613826363,0.3986114809868581,-0.6441590086324702,-1.0149319004571768,-0.7881538179048341,-0.668617921055841,2.0052424729513594,-0.4269939772562403,-0.2749670578966146,4.0,train
0.5975835877856989,-0.4164030475790286,0.9798168112492035,0.11113381311838781,-1.7580755001063062,-0.6239505913381722,1.4627910232648447,-0.6441590086324702,-1.0149319004571768,-0.7881538179048341,1.4956224900775326,-0.4986928082209321,-0.4269939772562403,-1.5963361881519085,4.0,train
-0.2383481316124717,-1.3084288370736354,-1.0205989410664063,1.081905431819191,-0.7465872499699562,-0.6362084438049715,1.1080645091721826,1.5524117284689836,0.7819813115507633,1.2687878651128297,-0.668617921055841,2.0052424729513594,-0.4269939772562403,-0.33691760134583665,4.0,train
0.1417532251173585,-1.3084288370736354,0.9798168112492035,0.11113381311838781,0.26490100016639395,-1.6678841235955464,0.9898223378079618,-0.6441590086324702,-1.9133885064611469,1.2687878651128297,-0.668617921055841,-0.4986928082209321,-0.4269939772562403,-1.8470359851934532,4.0,train
-1.7339959988980487,1.3676485314101854,-1.0205989410664063,-0.8596378055824154,-0.7465872499699562,-0.26589355166844686,-1.729747603569115,-0.6441590086324702,-1.0149319004571768,1.2687878651128297,-0.668617921055841,-0.4986928082209321,-0.4269939772562403,1.286140489968767,1.0,train
-0.6461197020506038,-0.4164030475790286,-1.0205989410664063,-0.8596378055824154,-0.7465872499699562,1.024681849868325,1.4627910232648447,-0.6441590086324702,0.7819813115507633,-0.7881538179048341,-0.668617921055841,2.0052424729513594,-0.4269939772562403,-1.129893287698077,4.0,train
1.3315724145743366,1.3676485314101854,-1.0205989410664063,-0.8596378055824154,0.26490100016639395,0.45016912103451756,0.7533379950795204,-0.6441590086324702,-1.9133885064611469,-0.7881538179048341,-0.668617921055841,-0.4986928082209321,-0.4269939772562403,-1.3917486671668575,4.0,train
1.245649119374873,0.47562274191557835,0.9798168112492035,-0.8596378055824154,-0.7465872499699562,1.4434696749825888,-1.0202945753837906,-0.6441590086324702,-0.11647529445320678,1.2687878651128297,-0.668617921055841,-0.4986928082209321,-0.4269939772562403,1.4129151856297018,1.0,train
-0.08980277381000933,0.47562274191557835,0.9798168112492035,2.052677050519994,-0.7465872499699562,-0.026976953458998983,0.7533379950795204,-0.6441590086324702,0.7819813115507633,1.2687878651128297,1.4956224900775326,-0.4986928082209321,-0.4269939772562403,-0.2902523027911013,4.0,train
-0.8514618143069488,-0.4164030475790286,0.9798168112492035,0.11113381311838781,-0.7465872499699562,1.5640636709877853,-0.429083718562687,1.5524117284689836,0.7819813115507633,1.2687878651128297,-0.668617921055841,-0.4986928082209321,-0.4269939772562403,0.9476657210567418,2.0,train
0.5131166196235144,-1.3084288370736354,-1.0205989410664063,1.081905431819191,0.26490100016639395,1.3560877099222737,1.6992753659932862,-0.6441590086324702,1.6804379175547333,-0.7881538179048341,1.4956224900775326,-0.4986928082209321,-0.4269939772562403,-0.9172941655623531,4.0,train
-0.4990306712854204,0.47562274191557835,0.9798168112492035,-0.8596378055824154,1.276389250302744,1.1440607935825038,1.6992753659932862,-0.6441590086324702,-0.11647529445320678,-0.7881538179048341,1.4956224900775326,2.0052424729513594,-0.4269939772562403,-1.6624712000112387,4.0,train
1.0242874097084584,-0.4164030475790286,0.9798168112492035,-0.8596378055824154,-0.7465872499699562,0.9118148901981858,-1.1385367467480114,1.5524117284689836,0.7819813115507633,-0.7881538179048341,-0.668617921055841,-0.4986928082209321,2.3419534074596497,1.4329648641555432,1.0,train
-0.19902730160593754,1.3676485314101854,-1.0205989410664063,0.11113381311838781,-1.7580755001063062,0.2264278782760397,-0.7838102326553492,1.5524117284689836,-0.11647529445320678,1.2687878651128297,-0.668617921055841,2.0052424729513594,-0.4269939772562403,1.2544360842208913,1.0,train
1.4174957097738001,1.3676485314101854,0.9798168112492035,-0.8596378055824154,-1.7580755001063062,1.8279050531105292,1.1080645091721826,-0.6441590086324702,-1.0149319004571768,-0.7881538179048341,-0.668617921055841,-0.4986928082209321,-0.4269939772562403,-1.0737520312274438,4.0,train
-1.3102048310498473,-0.4164030475790286,-1.0205989410664063,-0.8596378055824154,-1.7580755001063062,1.374114775413993,-0.5473258899269078,1.5524117284689836,1.6804379175547333,-0.7881538179048341,1.4956224900775326,-0.4986928082209321,-0.4269939772562403,1.2908308855477484,1.0,train
0.801469373004765,1.3676485314101854,-1.0205989410664063,0.11113381311838781,0.26490100016639395,0.4653460805306573,-0.6655680612911284,-0.6441590086324702,0.7819813115507633,-0.7881538179048341,-0.668617921055841,-0.4986928082209321,-0.4269939772562403,1.0231988772700475,2.0,train
1.175745421585479,1.3676485314101854,-1.0205989410664063,1.081905431819191,1.276389250302744,-1.7016423802895209,0.7533379950795204,1.5524117284689836,-0.11647529445320678,1.2687878651128297,-0.668617921055841,-0.4986928082209321,-0.4269939772562403,-0.9685505242801944,4.0,train
-1.4339926292185659,0.47562274191557835,-1.0205989410664063,-0.8596378055824154,1.276389250302744,1.7477231575122623,0.9898223378079618,-0.6441590086324702,-1.0149319004571768,-0.7881538179048341,-0.668617921055841,2.0052424729513594,2.3419534074596497,-1.850077593638683,4.0,train
-0.35631062163207416,1.3676485314101854,0.9798168112492035,-0.8596378055824154,0.26490100016639395,1.5974761898894265,-1.2567789181122322,1.5524117284689836,0.7819813115507633,1.2687878651128297,1.4956224900775326,-0.4986928082209321,2.3419534074596497,2.1015355005348257,0.0,train
-0.48446740091262996,-0.4164030475790286,0.9798168112492035,-0.8596378055824154,0.26490100016639395,1.7376765375002152,-1.6115054322048943,-0.6441590086324702,-1.9133885064611469,1.2687878651128297,-0.668617921055841,-0.4986928082209321,-0.4269939772562403,1.521822215233024,1.0,train
0.35437697256009876,0.47562274191557835,0.9798168112492035,1.081905431819191,-0.7465872499699562,1.657084931988377,0.6350958237152996,-0.6441590086324702,-1.0149319004571768,1.2687878651128297,-0.668617921055841,-0.4986928082209321,-0.4269939772562403,-0.6332894290365362,4.0,train
0.09369443288715007,0.47562274191557835,0.9798168112492035,1.081905431819191,0.26490100016639395,-0.12176641937770619,-1.4932632608406737,1.5524117284689836,0.7819813115507633,1.2687878651128297,1.4956224900775326,-0.4986928082209321,-0.4269939772562403,2.261875217238179,0.0,train
0.70243913446979,-0.4164030475790286,-1.0205989410664063,-0.8596378055824154,1.276389250302744,-0.008902089546803882,1.1080645091721826,-0.6441590086324702,-1.9133885064611469,-0.7881538179048341,-0.668617921055841,-0.4986928082209321,-0.4269939772562403,-1.370051771000847,4.0,train
0.5043786573998401,1.3676485314101854,-1.0205989410664063,-0.8596378055824154,2.2878775004390945,1.4187475461198418,-0.7838102326553492,1.5524117284689836,-0.11647529445320678,-0.7881538179048341,1.4956224900775326,-0.4986928082209321,2.3419534074596497,1.0583639463635865,2.0,train
-0.9257344932081799,1.3676485314101854,0.9798168112492035,1.081905431819191,2.2878775004390945,1.5299221050079717,0.5168536523510788,-0.6441590086324702,0.7819813115507633,-0.7881538179048341,1.4956224900775326,-0.4986928082209321,-0.4269939772562403,-0.33963623062224924,4.0,train
-1.026221058780434,-1.3084288370736354,-1.0205989410664063,-0.8596378055824154,-0.7465872499699562,0.7412181152203591,0.3986114809868581,-0.6441590086324702,1.6804379175547333,1.2687878651128297,1.4956224900775326,-0.4986928082209321,-0.4269939772562403,0.27844695502172095,3.0,train
-0.9883565558111788,-0.4164030475790286,-1.0205989410664063,-0.8596378055824154,-1.7580755001063062,0.38630279284142777,0.04388496689419592,1.5524117284689836,1.6804379175547333,1.2687878651128297,-0.668617921055841,-0.4986928082209321,-0.4269939772562403,0.8093890929458847,2.0,train
1.7087611172296087,-0.4164030475790286,-1.0205989410664063,2.052677050519994,1.276389250302744,-1.3404192598831235,0.5168536523510788,-0.6441590086324702,-1.0149319004571768,-0.7881538179048341,-0.668617921055841,-0.4986928082209321,2.3419534074596497,-0.899153349260098,3.0,train
-0.8805883550525296,1.3676485314101854,-1.0205989410664063,1.081905431819191,0.26490100016639395,-0.3780253860439207,-1.6115054322048943,-0.6441590086324702,-1.0149319004571768,-0.7881538179048341,-0.668617921055841,-0.4986928082209321,-0.4269939772562403,0.5681339832992617,3.0,train
-0.4582535142416072,-0.4164030475790286,-1.0205989410664063,0.11113381311838781,0.26490100016639395,-0.8884109937203002,0.3986114809868581,-0.6441590086324702,0.7819813115507633,-0.7881538179048341,1.4956224900775326,-0.4986928082209321,-0.4269939772562403,-0.5330133246522001,4.0,train
-0.33446571607288855,-1.3084288370736354,0.9798168112492035,1.081905431819191,-0.7465872499699562,0.5707405029098398,-0.0743572044700248,-0.6441590086324702,-0.11647529445320678,-0.7881538179048341,1.4956224900775326,-0.4986928082209321,2.3419534074596497,0.2254716368887252,3.0,train
-0.9577736880283189,-1.3084288370736354,0.9798168112492035,0.11113381311838781,0.26490100016639395,-1.4648137352826467,0.7533379950795204,-0.6441590086324702,-1.0149319004571768,-0.7881538179048341,-0.668617921055841,-0.4986928082209321,-0.4269939772562403,-1.7630997145870904,4.0,train
-0.6490323561251617,1.3676485314101854,-1.0205989410664063,0.11113381311838781,-0.7465872499699562,1.312065766527637,0.9898223378079618,-0.6441590086324702,0.7819813115507633,-0.7881538179048341,1.4956224900775326,-0.4986928082209321,-0.4269939772562403,-0.6068628841680609,4.0,train
-1.4456432455167982,-1.3084288370736354,0.9798168112492035,1.081905431819191,0.26490100016639395,-1.4049155565366593,-0.3108415471984663,-0.6441590086324702,-0.11647529445320678,1.2687878651128297,-0.668617921055841,-0.4986928082209321,-0.4269939772562403,0.12143819722739183,3.0,train
0.2640846962487981,-1.3084288370736354,0.9798168112492035,-0.8596378055824154,-0.7465872499699562,-0.2529738064260073,-1.4932632608406737,-0.6441590086324702,-1.0149319004571768,1.2687878651128297,-0.668617921055841,-0.4986928082209321,-0.4269939772562403,0.9931699320739377,2.0,train
-1.2257378628876627,1.3676485314101854,-1.0205989410664063,0.11113381311838781,0.26490100016639395,-1.4211771532744648,1.2263066805364033,-0.6441590086324702,0.7819813115507633,-0.7881538179048341,-0.668617921055841,-0.4986928082209321,-0.4269939772562403,-1.545093389077682,4.0,train
-0.15242483641300816,0.47562274191557835,-1.0205989410664063,2.052677050519994,-0.7465872499699562,-0.42400398333851924,0.2803693096226374,-0.6441590086324702,0.7819813115507633,-0.7881538179048341,-0.668617921055841,-0.4986928082209321,-0.4269939772562403,0.03636176176171848,4.0,train
0.8975869574651818,0.47562274191557835,0.9798168112492035,-0.8596378055824154,-0.7465872499699562,1.1863307953694266,-0.5473258899269078,-0.6441590086324702,0.7819813115507633,-0.7881538179048341,1.4956224900775326,-0.4986928082209321,-0.4269939772562403,0.8403334934008629,2.0,train
1.4597291938548922,-0.4164030475790286,0.9798168112492035,0.11113381311838781,1.276389250302744,-1.4535134277883117,-1.375021089476453,-0.6441590086324702,0.7819813115507633,-0.7881538179048341,-0.668617921055841,-0.4986928082209321,-0.4269939772562403,0.9052449391970959,0.0,train
-0.8048593491140194,-1.3084288370736354,-1.0205989410664063,-0.8596378055824154,-0.7465872499699562,0.29321992575988537,0.7533379950795204,1.5524117284689836,-0.11647529445320678,1.2687878651128297,-0.668617921055841,-0.4986928082209321,-0.4269939772562403,-0.31178165704501876,4.0,train
-1.26068971178236,-1.3084288370736354,0.9798168112492035,1.081905431819191,-0.7465872499699562,-0.24656192197615964,-1.2567789181122322,-0.6441590086324702,-0.11647529445320678,1.2687878651128297,1.4956224900775326,2.0052424729513594,-0.4269939772562403,1.6152768998414795,1.0,train
0.05000462176877878,0.47562274191557835,0.9798168112492035,-0.8596378055824154,0.26490100016639395,-1.7089350809252852,1.5810331946290654,-0.6441590086324702,0.7819813115507633,-0.7881538179048341,-0.668617921055841,-0.4986928082209321,-0.4269939772562403,-2.02707643118811,4.0,train
1.4014761123637305,-0.4164030475790286,0.9798168112492035,2.052677050519994,0.26490100016639395,-0.3479131407621194,0.16212713825841665,-0.6441590086324702,1.6804379175547333,-0.7881538179048341,-0.668617921055841,2.0052424729513594,-0.4269939772562403,-0.4656952897222397,4.0,train
-1.7267143637116535,0.47562274191557835,-1.0205989410664063,-0.8596378055824154,-0.7465872499699562,0.38482162118425867,-0.429083718562687,-0.6441590086324702,-1.0149319004571768,-0.7881538179048341,-0.668617921055841,-0.4986928082209321,-0.4269939772562403,0.27083199126212776,3.0,train
0.5000096762880031,-1.3084288370736354,-1.0205989410664063,-0.8596378055824154,-0.7465872499699562,1.2831903074529865,-0.6655680612911284,-0.6441590086324702,-0.11647529445320678,1.2687878651128297,1.4956224900775326,-0.4986928082209321,-0.4269939772562403,0.9368443098478694,2.0,train
-0.7975777139276242,1.3676485314101854,-1.0205989410664063,-0.8596378055824154,0.26490100016639395,-0.11627742096603241,0.9898223378079618,-0.6441590086324702,-1.0149319004571768,-0.7881538179048341,-0.668617921055841,2.0052424729513594,-0.4269939772562403,-1.1318244993440907,4.0,train
-0.20630893679233275,-1.3084288370736354,-1.0205989410664063,1.081905431819191,0.26490100016639395,-1.000380937162024,0.9898223378079618,-0.6441590086324702,1.6804379175547333,1.2687878651128297,1.4956224900775326,-0.4986928082209321,-0.4269939772562403,-0.4468247378004899,4.0,train
-0.17281341493491478,-1.3084288370736354,-1.0205989410664063,-0.8596378055824154,0.26490100016639395,0.49210747589950127,0.9898223378079618,1.5524117284689836,-0.11647529445320678,-0.7881538179048341,1.4956224900775326,-0.4986928082209321,-0.4269939772562403,-0.48567834855188885,4.0,train
0.18398670919845073,-1.3084288370736354,-1.0205989410664063,2.052677050519994,0.26490100016639395,-1.1171879255756765,-1.2567789181122322,-0.6441590086324702,-1.0149319004571768,1.2687878651128297,1.4956224900775326,2.0052424729513594,2.3419534074596497,0.6718112568764818,2.0,train
0.13447158993096328,1.3676485314101854,-1.0205989410664063,1.081905431819191,-0.7465872499699562,1.8178885893477108,-0.7838102326553492,-0.6441590086324702,0.7819813115507633,1.2687878651128297,-0.668617921055841,2.0052424729513594,2.3419534074596497,1.427485240007859,1.0,train
0.06165523806701113,-1.3084288370736354,0.9798168112492035,1.081905431819191,1.276389250302744,-1.2474224752470484,1.5810331946290654,-0.6441590086324702,0.7819813115507633,-0.7881538179048341,-0.668617921055841,-0.4986928082209321,-0.4269939772562403,-1.8335534151976725,4.0,train
0.9500147308072273,-1.3084288370736354,0.9798168112492035,0.11113381311838781,0.26490100016639395,0.11839722271679218,0.04388496689419592,1.5524117284689836,-1.0149319004571768,1.2687878651128297,-0.668617921055841,-0.4986928082209321,-0.4269939772562403,0.4806518424170197,3.0,train
-1.2927289066024987,1.3676485314101854,-1.0205989410664063,0.11113381311838781,1.276389250302744,-0.28692266872737515,1.2263066805364033,-0.6441590086324702,-1.0149319004571768,1.2687878651128297,-0.668617921055841,-0.4986928082209321,-0.4269939772562403,-1.7065405740837079,4.0,train
-0.8194226194868098,-1.3084288370736354,-1.0205989410664063,-0.8596378055824154,-0.7465872499699562,-1.647813475824936,-0.19259937583424555,-0.6441590086324702,0.7819813115507633,-0.7881538179048341,1.4956224900775326,-0.4986928082209321,-0.4269939772562403,-0.020064020256311037,4.0,train
1.5034190049732636,-1.3084288370736354,-1.0205989410664063,1.081905431819191,-0.7465872499699562,-1.1278849221993306,0.3986114809868581,1.5524117284689836,0.7819813115507633,1.2687878651128297,1.4956224900775326,-0.4986928082209321,-0.4269939772562403,-0.266630446649948,0.0,train
1.1626384782499675,-1.3084288370736354,-1.0205989410664063,2.052677050519994,2.2878775004390945,-0.7588945930600302,-0.90205240401957,-0.6441590086324702,0.7819813115507633,-0.7881538179048341,-0.668617921055841,-0.4986928082209321,-0.4269939772562403,0.8601504403393685,2.0,train
-1.0116577884076434,-1.3084288370736354,-1.0205989410664063,0.11113381311838781,0.26490100016639395,1.70796929388583,-0.0743572044700248,-0.6441590086324702,0.7819813115507633,1.2687878651128297,1.4956224900775326,-0.4986928082209321,-0.4269939772562403,0.23976522398296982,3.0,train
1.6650713061112374,-1.3084288370736354,-1.0205989410664063,-0.8596378055824154,1.276389250302744,-1.0500760987969409,-0.429083718562687,1.5524117284689836,-1.0149319004571768,-0.7881538179048341,1.4956224900775326,-0.4986928082209321,-0.4269939772562403,0.19049854070974992,2.0,train
1.2543870815985472,0.47562274191557835,-1.0205989410664063,1.081905431819191,-0.7465872499699562,-0.10753899028995872,0.5168536523510788,-0.6441590086324702,-0.11647529445320678,-0.7881538179048341,-0.668617921055841,-0.4986928082209321,-0.4269939772562403,-0.7821973658097905,4.0,train
-0.6111678531559067,-1.3084288370736354,0.9798168112492035,1.081905431819191,-0.7465872499699562,0.42196311504678935,-1.6115054322048943,1.5524117284689836,-0.11647529445320678,-0.7881538179048341,1.4956224900775326,2.0052424729513594,2.3419534074596497,1.6860740396018097,1.0,train
1.3752622256927078,1.3676485314101854,0.9798168112492035,-0.8596378055824154,0.26490100016639395,1.1402240206595002,1.1080645091721826,1.5524117284689836,0.7819813115507633,-0.7881538179048341,-0.668617921055841,2.0052424729513594,-0.4269939772562403,-0.8574481957870149,4.0,train
-1.0684545428615262,-0.4164030475790286,0.9798168112492035,-0.8596378055824154,0.26490100016639395,-1.5218579140974302,1.1080645091721826,1.5524117284689836,-0.11647529445320678,-0.7881538179048341,-0.668617921055841,-0.4986928082209321,2.3419534074596497,-1.3604915799959356,4.0,train
1.657789670924842,-1.3084288370736354,-1.0205989410664063,2.052677050519994,0.26490100016639395,0.21401782981016276,-0.6655680612911284,-0.6441590086324702,-0.11647529445320678,1.2687878651128297,-0.668617921055841,-0.4986928082209321,-0.4269939772562403,0.35680375835107947,2.0,train
-1.4572938618150306,-0.4164030475790286,0.9798168112492035,0.11113381311838781,-1.7580755001063062,0.5295403945464793,1.3445488519006241,-0.6441590086324702,0.7819813115507633,1.2687878651128297,1.4956224900775326,-0.4986928082209321,-0.4269939772562403,-1.0831165423216194,4.0,train
-0.25291140198526213,-0.4164030475790286,-1.0205989410664063,1.081905431819191,-0.7465872499699562,0.3301763849422104,-1.6115054322048943,-0.6441590086324702,-0.11647529445320678,1.2687878651128297,1.4956224900775326,-0.4986928082209321,-0.4269939772562403,1.7231694608025119,1.0,train
-0.5762160042612097,-1.3084288370736354,-1.0205989410664063,2.052677050519994,0.26490100016639395,1.5552037515126713,1.6992753659932862,-0.6441590086324702,-1.0149319004571768,-0.7881538179048341,-0.668617921055841,-0.4986928082209321,-0.4269939772562403,-1.5750456398621737,4.0,train
-0.22961016938879744,-1.3084288370736354,-1.0205989410664063,0.11113381311838781,0.26490100016639395,-0.37291789701352707,-1.1385367467480114,-0.6441590086324702,-1.0149319004571768,1.2687878651128297,1.4956224900775326,-0.4986928082209321,-0.4269939772562403,0.7859881933449832,2.0,train
1.5558467783153092,-0.4164030475790286,-1.0205989410664063,1.081905431819191,-0.7465872499699562,-1.1134828943814417,1.4627910232648447,-0.6441590086324702,0.7819813115507633,1.2687878651128297,-0.668617921055841,-0.4986928082209321,-0.4269939772562403,-1.4516192619880401,2.0,train
-1.029133712854992,-1.3084288370736354,-1.0205989410664063,1.081905431819191,0.26490100016639395,-0.7357204099061433,1.5810331946290654,-0.6441590086324702,-0.11647529445320678,1.2687878651128297,-0.668617921055841,-0.4986928082209321,-0.4269939772562403,-1.8235288148890592,4.0,train
0.7504979266999984,-1.3084288370736354,0.9798168112492035,-0.8596378055824154,-0.7465872499699562,0.7601191320018639,1.6992753659932862,1.5524117284689836,0.7819813115507633,-0.7881538179048341,-0.668617921055841,-0.4986928082209321,-0.4269939772562403,-1.1074241151830622,4.0,train
1.7320623498260734,-0.4164030475790286,0.9798168112492035,-0.8596378055824154,-0.7465872499699562,-1.465185958700236,0.6350958237152996,-0.6441590086324702,0.7819813115507633,1.2687878651128297,1.4956224900775326,-0.4986928082209321,-0.4269939772562403,-0.5435075498971008,1.0,train
-0.7058291105790445,-0.4164030475790286,0.9798168112492035,-0.8596378055824154,-0.7465872499699562,-0.32092579665274645,0.9898223378079618,-0.6441590086324702,-1.0149319004571768,-0.7881538179048341,1.4956224900775326,2.0052424729513594,-0.4269939772562403,-1.0079894869985835,4.0,train
0.5276798899963049,0.47562274191557835,-1.0205989410664063,-0.8596378055824154,0.26490100016639395,-0.35016842312202556,0.6350958237152996,1.5524117284689836,-0.11647529445320678,1.2687878651128297,1.4956224900775326,-0.4986928082209321,-0.4269939772562403,-0.3909544650723019,4.0,train
-1.1907860139929658,-0.4164030475790286,-1.0205989410664063,-0.8596378055824154,-0.7465872499699562,0.5200103907516496,-0.5473258899269078,-0.6441590086324702,0.7819813115507633,-0.7881538179048341,-0.668617921055841,2.0052424729513594,-0.4269939772562403,0.516607030537468,3.0,train
-1.2737966551178712,-1.3084288370736354,0.9798168112492035,-0.8596378055824154,-0.7465872499699562,1.3012963615343023,-0.429083718562687,-0.6441590086324702,1.6804379175547333,1.2687878651128297,-0.668617921055841,-0.4986928082209321,-0.4269939772562403,0.791506604532539,2.0,train
0.47670844369153836,-1.3084288370736354,0.9798168112492035,-0.8596378055824154,-0.7465872499699562,0.3166714851115211,-0.0743572044700248,1.5524117284689836,-0.11647529445320678,-0.7881538179048341,-0.668617921055841,-0.4986928082209321,2.3419534074596497,0.25746223009535574,3.0,train
1.1204049941688754,-1.3084288370736354,0.9798168112492035,0.11113381311838781,0.26490100016639395,-1.0168118015701326,1.5810331946290654,-0.6441590086324702,-0.11647529445320678,1.2687878651128297,1.4956224900775326,-0.4986928082209321,-0.4269939772562403,-1.3265902137621242,4.0,train
-1.2883599254906617,0.47562274191557835,-1.0205989410664063,-0.8596378055824154,0.26490100016639395,1.6963319064920186,-0.90205240401957,-0.6441590086324702,-0.11647529445320678,-0.7881538179048341,-0.668617921055841,2.0052424729513594,2.3419534074596497,1.3652902235048436,1.0,train
1.043219661193086,-0.4164030475790286,-1.0205989410664063,1.081905431819191,0.26490100016639395,-0.9189990615455637,-1.1385367467480114,-0.6441590086324702,1.6804379175547333,1.2687878651128297,-0.668617921055841,-0.4986928082209321,-0.4269939772562403,1.0606517641655993,2.0,train
-0.823791600598647,-1.3084288370736354,0.9798168112492035,0.11113381311838781,-1.7580755001063062,0.8360081575950737,-1.375021089476453,1.5524117284689836,-1.0149319004571768,-0.7881538179048341,-0.668617921055841,-0.4986928082209321,-0.4269939772562403,1.2943012270730194,1.0,train
-0.9723369584011093,-0.4164030475790286,-1.0205989410664063,-0.8596378055824154,1.276389250302744,-1.5473608437297648,0.6350958237152996,-0.6441590086324702,-1.0149319004571768,1.2687878651128297,-0.668617921055841,2.0052424729513594,-0.4269939772562403,-1.313895521893275,4.0,train
0.11262668437177763,0.47562274191557835,0.9798168112492035,-0.8596378055824154,0.26490100016639395,1.0714177392953543,-0.429083718562687,-0.6441590086324702,0.7819813115507633,1.2687878651128297,-0.668617921055841,-0.4986928082209321,-0.4269939772562403,0.6057084898453512,3.0,train
-0.9359287824691332,1.3676485314101854,0.9798168112492035,-0.8596378055824154,0.26490100016639395,0.20639184735975213,-1.1385367467480114,-0.6441590086324702,1.6804379175547333,-0.7881538179048341,-0.668617921055841,-0.4986928082209321,-0.4269939772562403,0.7436205558291179,2.0,train
-0.09999706307096264,-0.4164030475790286,-1.0205989410664063,-0.8596378055824154,1.276389250302744,-0.9582068529719079,0.9898223378079618,-0.6441590086324702,-1.9133885064611469,-0.7881538179048341,-0.668617921055841,-0.4986928082209321,-0.4269939772562403,-1.5115647858180028,4.0,train
-0.05048194380347518,-1.3084288370736354,0.9798168112492035,0.11113381311838781,-0.7465872499699562,0.007222374498744903,-1.0202945753837906,1.5524117284689836,-1.0149319004571768,-0.7881538179048341,-0.668617921055841,-0.4986928082209321,-0.4269939772562403,0.37083628093120957,3.0,train
-0.07669583047449795,0.47562274191557835,-1.0205989410664063,-0.8596378055824154,0.26490100016639395,0.03783924346323202,-0.0743572044700248,-0.6441590086324702,1.6804379175547333,1.2687878651128297,-0.668617921055841,2.0052424729513594,-0.4269939772562403,0.5144284614297228,3.0,train
1.3621552823571965,-1.3084288370736354,-1.0205989410664063,0.11113381311838781,-0.7465872499699562,0.8798003609530862,-1.0202945753837906,-0.6441590086324702,0.7819813115507633,-0.7881538179048341,1.4956224900775326,2.0052424729513594,-0.4269939772562403,1.4356245768475049,1.0,train
1.650508035738447,-0.4164030475790286,-1.0205989410664063,-0.8596378055824154,-0.7465872499699562,-0.07347837978184911,1.2263066805364033,-0.6441590086324702,-0.11647529445320678,1.2687878651128297,-0.668617921055841,-0.4986928082209321,-0.4269939772562403,-1.1746627495723743,3.0,train
-1.5140906162689132,0.47562274191557835,0.9798168112492035,-0.8596378055824154,-0.7465872499699562,1.6279486369862153,1.5810331946290654,-0.6441590086324702,-1.9133885064611469,-0.7881538179048341,1.4956224900775326,2.0052424729513594,2.3419534074596497,-1.5106537436033478,4.0,train
-0.6038862179695115,0.47562274191557835,0.9798168112492035,-0.8596378055824154,-1.7580755001063062,1.2346494765712581,-1.375021089476453,1.5524117284689836,0.7819813115507633,-0.7881538179048341,-0.668617921055841,-0.4986928082209321,-0.4269939772562403,1.5190488322324367,1.0,train
1.4131267286619629,1.3676485314101854,0.9798168112492035,2.052677050519994,0.26490100016639395,1.276798040101132,-1.1385367467480114,-0.6441590086324702,-1.0149319004571768,1.2687878651128297,-0.668617921055841,-0.4986928082209321,-0.4269939772562403,1.1638590378711027,2.0,train
0.9048685926515769,0.47562274191557835,0.9798168112492035,-0.8596378055824154,0.26490100016639395,-0.027638067831414214,-1.4932632608406737,-0.6441590086324702,-1.0149319004571768,1.2687878651128297,-0.668617921055841,-0.4986928082209321,-0.4269939772562403,0.890660180865602,2.0,train
1.1684637863990837,0.47562274191557835,0.9798168112492035,-0.8596378055824154,0.26490100016639395,-0.7482074738471007,-0.0743572044700248,-0.6441590086324702,1.6804379175547333,-0.7881538179048341,1.4956224900775326,-0.4986928082209321,-0.4269939772562403,0.3234293622841654,3.0,train
0.15777282252742797,-0.4164030475790286,0.9798168112492035,2.052677050519994,0.26490100016639395,-1.7114197523894765,0.7533379950795204,-0.6441590086324702,-0.11647529445320678,-0.7881538179048341,-0.668617921055841,-0.4986928082209321,2.3419534074596497,-1.4946970028669793,4.0,train
1.0781715100877831,0.47562274191557835,-1.0205989410664063,-0.8596378055824154,0.26490100016639395,0.1980098022016254,0.3986114809868581,-0.6441590086324702,-0.11647529445320678,-0.7881538179048341,-0.668617921055841,-0.4986928082209321,-0.4269939772562403,-0.6275443458955376,4.0,train
-0.4451465709060958,0.47562274191557835,-1.0205989410664063,1.081905431819191,2.2878775004390945,-0.011432175209258233,1.5810331946290654,1.5524117284689836,-1.9133885064611469,-0.7881538179048341,-0.668617921055841,-0.4986928082209321,-0.4269939772562403,-1.4622036510517256,4.0,train
-0.6665082805725103,-1.3084288370736354,0.9798168112492035,1.081905431819191,0.26490100016639395,-1.7138141381315093,0.871580166443741,-0.6441590086324702,-0.11647529445320678,-0.7881538179048341,-0.668617921055841,-0.4986928082209321,2.3419534074596497,-1.4340143345124574,4.0,train
1.1844833838091533,-1.3084288370736354,-1.0205989410664063,0.11113381311838781,-0.7465872499699562,0.8411043403573444,-0.0743572044700248,1.5524117284689836,1.6804379175547333,1.2687878651128297,1.4956224900775326,-0.4986928082209321,-0.4269939772562403,0.9128737093921138,2.0,train
-1.404866088472985,1.3676485314101854,0.9798168112492035,2.052677050519994,-0.7465872499699562,1.7292235430552725,1.2263066805364033,-0.6441590086324702,-0.11647529445320678,-0.7881538179048341,-0.668617921055841,-0.4986928082209321,-0.4269939772562403,-1.3223840781859695,4.0,train
0.035441351395988356,-1.3084288370736354,-1.0205989410664063,-0.8596378055824154,-0.7465872499699562,0.37472652510186494,1.6992753659932862,-0.6441590086324702,0.7819813115507633,-0.7881538179048341,1.4956224900775326,-0.4986928082209321,-0.4269939772562403,-1.1893519508176837,4.0,train
0.13155893585640518,-0.4164030475790286,-1.0205989410664063,1.081905431819191,1.276389250302744,-0.7607648376571257,1.3445488519006241,-0.6441590086324702,-1.9133885064611469,-0.7881538179048341,-0.668617921055841,-0.4986928082209321,-0.4269939772562403,-2.055756807565376,4.0,train
-0.5208755768446061,1.3676485314101854,0.9798168112492035,0.11113381311838781,1.276389250302744,0.6852962135210682,-1.375021089476453,1.5524117284689836,0.7819813115507633,1.2687878651128297,-0.668617921055841,-0.4986928082209321,2.3419534074596497,1.531260840258254,1.0,train
-1.2082619384403144,-0.4164030475790286,0.9798168112492035,1.081905431819191,-0.7465872499699562,0.3789473186252544,-0.7838102326553492,-0.6441590086324702,-1.9133885064611469,-0.7881538179048341,-0.668617921055841,-0.4986928082209321,-0.4269939772562403,0.25915980002540706,3.0,train
-1.263602365856918,1.3676485314101854,0.9798168112492035,1.081905431819191,0.26490100016639395,0.2577067051394446,0.871580166443741,-0.6441590086324702,-1.9133885064611469,-0.7881538179048341,-0.668617921055841,-0.4986928082209321,-0.4269939772562403,-0.9600035254524126,4.0,train
0.03107237028415123,-0.4164030475790286,0.9798168112492035,2.052677050519994,-0.7465872499699562,0.8225061198276336,-0.90205240401957,-0.6441590086324702,-0.11647529445320678,-0.7881538179048341,1.4956224900775326,-0.4986928082209321,-0.4269939772562403,0.8581034955679009,2.0,train
-0.015530094908778144,1.3676485314101854,-1.0205989410664063,-0.8596378055824154,1.276389250302744,-1.250663692736904,0.6350958237152996,-0.6441590086324702,-1.0149319004571768,-0.7881538179048341,-0.668617921055841,-0.4986928082209321,2.3419534074596497,-0.9388205123589477,4.0,train
0.33981370218730833,0.47562274191557835,0.9798168112492035,-0.8596378055824154,-0.7465872499699562,-0.2713722707861002,-1.1385367467480114,1.5524117284689836,-1.9133885064611469,-0.7881538179048341,-0.668617921055841,-0.4986928082209321,-0.4269939772562403,0.7446690365646225,2.0,train
0.8990432845024607,-1.3084288370736354,0.9798168112492035,-0.8596378055824154,-0.7465872499699562,0.36749225825558046,0.6350958237152996,-0.6441590086324702,1.6804379175547333,-0.7881538179048341,-0.668617921055841,2.0052424729513594,-0.4269939772562403,-0.1976557387145696,4.0,train
1.621381494992866,0.47562274191557835,-1.0205989410664063,-0.8596378055824154,-0.7465872499699562,0.4957062076819812,0.7533379950795204,-0.6441590086324702,-1.0149319004571768,-0.7881538179048341,-0.668617921055841,-0.4986928082209321,-0.4269939772562403,-1.0211874350802144,0.0,train
1.2077846164056179,-0.4164030475790286,0.9798168112492035,-0.8596378055824154,-0.7465872499699562,-0.1472184964344194,-1.729747603569115,1.5524117284689836,-0.11647529445320678,-0.7881538179048341,1.4956224900775326,2.0052424729513594,-0.4269939772562403,2.005536049108728,0.0,train
0.9660343282172967,-1.3084288370736354,0.9798168112492035,-0.8596378055824154,1.276389250302744,0.8363581985947738,0.7533379950795204,-0.6441590086324702,-0.11647529445320678,-0.7881538179048341,-0.668617921055841,2.0052424729513594,2.3419534074596497,-0.37178258780448087,4.0,train
0.5655443929655599,-0.4164030475790286,-1.0205989410664063,-0.8596378055824154,0.26490100016639395,-1.6524322320728815,0.2803693096226374,-0.6441590086324702,-1.9133885064611469,-0.7881538179048341,-0.668617921055841,-0.4986928082209321,-0.4269939772562403,-1.1649537697576378,4.0,train
0.3252504318145179,-1.3084288370736354,-1.0205989410664063,-0.8596378055824154,0.26490100016639395,0.20800902075148228,-1.729747603569115,-0.6441590086324702,0.7819813115507633,1.2687878651128297,-0.668617921055841,2.0052424729513594,-0.4269939772562403,1.8077017454344602,0.0,train
-1.5475861381263312,-1.3084288370736354,0.9798168112492035,-0.8596378055824154,-0.7465872499699562,-1.6111755821016276,-1.4932632608406737,-0.6441590086324702,-1.0149319004571768,1.2687878651128297,-0.668617921055841,-0.4986928082209321,-0.4269939772562403,0.5735515906647858,3.0,train
1.5733227027626577,1.3676485314101854,0.9798168112492035,0.11113381311838781,1.276389250302744,-1.2017052700664017,0.7533379950795204,-0.6441590086324702,-0.11647529445320678,-0.7881538179048341,-0.668617921055841,-0.4986928082209321,-0.4269939772562403,-0.9494214170783443,2.0,train
-1.3640889314291718,0.47562274191557835,-1.0205989410664063,-0.8596378055824154,0.26490100016639395,1.4663824489786024,-1.729747603569115,-0.6441590086324702,-1.0149319004571768,-0.7881538179048341,-0.668617921055841,-0.4986928082209321,-0.4269939772562403,1.7026584121083614,1.0,train
-1.164572127321943,1.3676485314101854,0.9798168112492035,2.052677050519994,-0.7465872499699562,-1.1955620084303078,0.3986114809868581,-0.6441590086324702,-0.11647529445320678,-0.7881538179048341,-0.668617921055841,-0.4986928082209321,-0.4269939772562403,-0.875282793716085,4.0,train
0.3660275888583311,1.3676485314101854,0.9798168112492035,0.11113381311838781,1.276389250302744,1.2945406351858277,-1.6115054322048943,1.5524117284689836,-1.9133885064611469,-0.7881538179048341,1.4956224900775326,-0.4986928082209321,-0.4269939772562403,1.6375455949403326,1.0,train
-1.2941852336397779,-0.4164030475790286,0.9798168112492035,1.081905431819191,-1.7580755001063062,0.042603770881671194,-1.2567789181122322,-0.6441590086324702,1.6804379175547333,-0.7881538179048341,1.4956224900775326,-0.4986928082209321,2.3419534074596497,1.8946182853689888,0.0,train
1.550021470166193,-1.3084288370736354,0.9798168112492035,-0.8596378055824154,1.276389250302744,0.8577272440516671,-0.90205240401957,-0.6441590086324702,-0.11647529445320678,-0.7881538179048341,1.4956224900775326,-0.4986928082209321,2.3419534074596497,0.5462752992579798,4.0,train
0.023790735097756012,-0.4164030475790286,0.9798168112492035,-0.8596378055824154,0.26490100016639395,0.39363317192404657,0.5168536523510788,1.5524117284689836,-0.11647529445320678,-0.7881538179048341,1.4956224900775326,-0.4986928082209321,-0.4269939772562403,-0.03610993960275551,4.0,train
-0.8267042546732051,0.47562274191557835,0.9798168112492035,-0.8596378055824154,0.26490100016639395,-1.3121872634761373,-0.3108415471984663,-0.6441590086324702,-1.0149319004571768,-0.7881538179048341,-0.668617921055841,-0.4986928082209321,-0.4269939772562403,-0.48595907660566745,4.0,train
0.21748223105586872,0.47562274191557835,-1.0205989410664063,1.081905431819191,-0.7465872499699562,-0.21316961103548498,-1.729747603569115,-0.6441590086324702,0.7819813115507633,-0.7881538179048341,-0.668617921055841,-0.4986928082209321,-0.4269939772562403,1.296518078691054,1.0,train
-0.23689180457519265,-0.4164030475790286,0.9798168112492035,0.11113381311838781,0.26490100016639395,-1.1615688997476235,-0.19259937583424555,1.5524117284689836,-1.9133885064611469,-0.7881538179048341,1.4956224900775326,-0.4986928082209321,-0.4269939772562403,0.17483256950966086,3.0,train
-1.266515019931476,0.47562274191557835,-1.0205989410664063,1.081905431819191,2.2878775004390945,-1.2773849129431485,0.2803693096226374,-0.6441590086324702,0.7819813115507633,-0.7881538179048341,1.4956224900775326,-0.4986928082209321,-0.4269939772562403,-0.5802751788690611,4.0,train
-0.45097187905521197,-1.3084288370736354,0.9798168112492035,-0.8596378055824154,1.276389250302744,1.650949000240286,1.6992753659932862,1.5524117284689836,-1.0149319004571768,1.2687878651128297,-0.668617921055841,-0.4986928082209321,-0.4269939772562403,-0.9771276194696954,4.0,train
-0.9024332606117152,-1.3084288370736354,-1.0205989410664063,2.052677050519994,0.26490100016639395,-1.2663652822469356,0.2803693096226374,1.5524117284689836,-1.9133885064611469,1.2687878651128297,-0.668617921055841,-0.4986928082209321,-0.4269939772562403,-0.6648755604621218,4.0,train
1.1364245915789448,0.47562274191557835,0.9798168112492035,-0.8596378055824154,-0.7465872499699562,-1.2429059316198827,-0.7838102326553492,-0.6441590086324702,-0.11647529445320678,1.2687878651128297,1.4956224900775326,-0.4986928082209321,-0.4269939772562403,0.7315833686620381,2.0,train
0.7242840400289756,0.47562274191557835,0.9798168112492035,-0.8596378055824154,-0.7465872499699562,-0.4768318034890645,-0.19259937583424555,-0.6441590086324702,0.7819813115507633,1.2687878651128297,-0.668617921055841,2.0052424729513594,-0.4269939772562403,0.3114871401527808,3.0,train
-1.4616628429268677,-1.3084288370736354,-1.0205989410664063,0.11113381311838781,-0.7465872499699562,-1.049861438747978,-0.6655680612911284,-0.6441590086324702,-0.11647529445320678,1.2687878651128297,-0.668617921055841,-0.4986928082209321,-0.4269939772562403,0.2579319194629952,3.0,train
-1.5927322762819816,-0.4164030475790286,-1.0205989410664063,0.11113381311838781,-0.7465872499699562,0.9744122904886168,1.4627910232648447,-0.6441590086324702,0.7819813115507633,1.2687878651128297,1.4956224900775326,-0.4986928082209321,-0.4269939772562403,-1.0345933955967803,4.0,train
-0.22378486123968128,0.47562274191557835,0.9798168112492035,1.081905431819191,0.26490100016639395,-0.67284843664137,1.4627910232648447,1.5524117284689836,-0.11647529445320678,1.2687878651128297,1.4956224900775326,2.0052424729513594,-0.4269939772562403,-1.1482621485173807,4.0,train
1.717499079453283,1.3676485314101854,-1.0205989410664063,-0.8596378055824154,0.26490100016639395,1.642452391190182,1.1080645091721826,-0.6441590086324702,-1.0149319004571768,1.2687878651128297,-0.668617921055841,2.0052424729513594,2.3419534074596497,-0.7939090129759399,0.0,train
-0.13203625789110157,1.3676485314101854,-1.0205989410664063,1.081905431819191,0.26490100016639395,1.7482540017834445,0.9898223378079618,1.5524117284689836,0.7819813115507633,1.2687878651128297,1.4956224900775326,-0.4986928082209321,-0.4269939772562403,0.3239759657568555,3.0,train
1.0403070071185279,1.3676485314101854,0.9798168112492035,1.081905431819191,0.26490100016639395,-0.3033009912189376,-0.429083718562687,-0.6441590086324702,-0.11647529445320678,1.2687878651128297,-0.668617921055841,2.0052424729513594,-0.4269939772562403,0.24366837450069434,3.0,train
0.2029189606830783,-0.4164030475790286,0.9798168112492035,-0.8596378055824154,0.26490100016639395,0.5950035770227055,-1.2567789181122322,-0.6441590086324702,0.7819813115507633,-0.7881538179048341,-0.668617921055841,-0.4986928082209321,2.3419534074596497,1.5949929394232487,1.0,train
0.5509811225927695,1.3676485314101854,-1.0205989410664063,-0.8596378055824154,1.276389250302744,0.4457660156727312,-1.729747603569115,-0.6441590086324702,-1.0149319004571768,-0.7881538179048341,-0.668617921055841,-0.4986928082209321,-0.4269939772562403,0.9494787548099598,2.0,train
1.382543860879103,1.3676485314101854,-1.0205989410664063,0.11113381311838781,0.26490100016639395,1.4234598312149465,-1.4932632608406737,1.5524117284689836,0.7819813115507633,-0.7881538179048341,1.4956224900775326,-0.4986928082209321,2.3419534074596497,1.6923249194389414,1.0,train
-1.0538912724887357,0.47562274191557835,0.9798168112492035,-0.8596378055824154,-1.7580755001063062,-0.585803386204624,-1.0202945753837906,1.5524117284689836,-0.11647529445320678,1.2687878651128297,-0.668617921055841,2.0052424729513594,-0.4269939772562403,1.4538193096144916,1.0,train
0.9136065548752512,1.3676485314101854,-1.0205989410664063,1.081905431819191,0.26490100016639395,1.5915338023121601,0.6350958237152996,-0.6441590086324702,-0.11647529445320678,1.2687878651128297,1.4956224900775326,-0.4986928082209321,-0.4269939772562403,-0.48256644926898556,4.0,train
0.9019559385770188,0.47562274191557835,0.9798168112492035,0.11113381311838781,0.26490100016639395,-0.9978072150360856,0.2803693096226374,-0.6441590086324702,0.7819813115507633,1.2687878651128297,-0.668617921055841,-0.4986928082209321,-0.4269939772562403,-0.04134163562964389,4.0,train
-0.11456033344375306,-1.3084288370736354,-1.0205989410664063,-0.8596378055824154,0.26490100016639395,-1.0488543920001672,-1.4932632608406737,-0.6441590086324702,0.7819813115507633,-0.7881538179048341,-0.668617921055841,-0.4986928082209321,-0.4269939772562403,1.0285825082218523,2.0,train
0.8466155111604152,0.47562274191557835,0.9798168112492035,-0.8596378055824154,-0.7465872499699562,0.2861549960981422,1.4627910232648447,-0.6441590086324702,-0.11647529445320678,-0.7881538179048341,1.4956224900775326,-0.4986928082209321,-0.4269939772562403,-1.3810173154147003,4.0,train
-0.46116616831616525,-1.3084288370736354,-1.0205989410664063,-0.8596378055824154,0.26490100016639395,-0.30829837918561775,1.2263066805364033,-0.6441590086324702,-1.9133885064611469,-0.7881538179048341,-0.668617921055841,-0.4986928082209321,-0.4269939772562403,-2.055756807565376,4.0,train
1.0505012963794813,-0.4164030475790286,-1.0205989410664063,1.081905431819191,0.26490100016639395,0.7745104060185821,-0.90205240401957,1.5524117284689836,-1.9133885064611469,-0.7881538179048341,-0.668617921055841,-0.4986928082209321,-0.4269939772562403,0.7110966528803454,2.0,train
0.1621418036392651,1.3676485314101854,-1.0205989410664063,-0.8596378055824154,0.26490100016639395,1.5922085840614593,0.871580166443741,-0.6441590086324702,0.7819813115507633,1.2687878651128297,-0.668617921055841,-0.4986928082209321,-0.4269939772562403,-0.7032763886716342,4.0,train
0.44030026775956227,0.47562274191557835,0.9798168112492035,1.081905431819191,0.26490100016639395,-1.5085600613825172,-1.0202945753837906,-0.6441590086324702,-1.0149319004571768,-0.7881538179048341,-0.668617921055841,-0.4986928082209321,-0.4269939772562403,0.29359465629185655,3.0,train
-0.7771891354057175,-1.3084288370736354,-1.0205989410664063,0.11113381311838781,-0.7465872499699562,-0.3600890435021518,0.16212713825841665,-0.6441590086324702,-1.9133885064611469,1.2687878651128297,-0.668617921055841,-0.4986928082209321,2.3419534074596497,-0.6473519687348591,4.0,train
1.586429646098169,1.3676485314101854,-1.0205989410664063,2.052677050519994,-0.7465872499699562,-1.6521737949395212,-0.0743572044700248,1.5524117284689836,-0.11647529445320678,-0.7881538179048341,1.4956224900775326,2.0052424729513594,2.3419534074596497,0.21500327054984386,1.0,train
0.4912717140643288,-1.3084288370736354,0.9798168112492035,-0.8596378055824154,0.26490100016639395,0.850660163218328,1.2263066805364033,-0.6441590086324702,-1.0149319004571768,-0.7881538179048341,-0.668617921055841,-0.4986928082209321,-0.4269939772562403,-1.5708823852579248,4.0,train
0.9281698252480417,0.47562274191557835,0.9798168112492035,1.081905431819191,-0.7465872499699562,0.33848466680672457,0.04388496689419592,-0.6441590086324702,-1.9133885064611469,-0.7881538179048341,-0.668617921055841,-0.4986928082209321,2.3419534074596497,-0.3526322562770839,4.0,train
-1.227194189924942,1.3676485314101854,0.9798168112492035,1.081905431819191,-1.7580755001063062,-0.7996428672962455,-1.4932632608406737,1.5524117284689836,0.7819813115507633,-0.7881538179048341,-0.668617921055841,-0.4986928082209321,-0.4269939772562403,1.391380136142553,1.0,train
0.27573531254703043,1.3676485314101854,-1.0205989410664063,0.11113381311838781,-0.7465872499699562,1.468773644144297,-1.0202945753837906,-0.6441590086324702,-0.11647529445320678,-0.7881538179048341,-0.668617921055841,2.0052424729513594,2.3419534074596497,1.1807741869448944,2.0,train
-1.0087451343330853,1.3676485314101854,-1.0205989410664063,1.081905431819191,-1.7580755001063062,-1.5321646752371905,1.4627910232648447,-0.6441590086324702,-1.9133885064611469,-0.7881538179048341,1.4956224900775326,2.0052424729513594,-0.4269939772562403,-1.6050712415793462,4.0,train
-0.10145339010824167,1.3676485314101854,0.9798168112492035,-0.8596378055824154,0.26490100016639395,0.7976663832503104,1.3445488519006241,-0.6441590086324702,-1.9133885064611469,1.2687878651128297,-0.668617921055841,-0.4986928082209321,-0.4269939772562403,-1.717166503379369,4.0,train
1.0213747556339003,0.47562274191557835,0.9798168112492035,1.081905431819191,-0.7465872499699562,0.11666001220469575,-0.19259937583424555,-0.6441590086324702,-0.11647529445320678,-0.7881538179048341,-0.668617921055841,2.0052424729513594,2.3419534074596497,0.02744264863913855,4.0,train
-1.5257412325671456,-1.3084288370736354,-1.0205989410664063,0.11113381311838781,2.2878775004390945,-1.4803384059264337,0.871580166443741,-0.6441590086324702,-1.0149319004571768,1.2687878651128297,1.4956224900775326,-0.4986928082209321,2.3419534074596497,-0.964367426346443,4.0,train
1.545652489054356,-0.4164030475790286,0.9798168112492035,-0.8596378055824154,-0.7465872499699562,-0.68872771392184,0.6350958237152996,1.5524117284689836,-1.0149319004571768,-0.7881538179048341,-0.668617921055841,-0.4986928082209321,-0.4269939772562403,-0.9629088653474911,1.0,train
-1.1820480517692915,-1.3084288370736354,-1.0205989410664063,-0.8596378055824154,-0.7465872499699562,0.8931149971876394,0.5168536523510788,1.5524117284689836,-1.0149319004571768,1.2687878651128297,-0.668617921055841,-0.4986928082209321,-0.4269939772562403,-0.1059894381608096,4.0,train
-0.3737865460794227,-0.4164030475790286,0.9798168112492035,1.081905431819191,-0.7465872499699562,-0.7249236263482826,-0.3108415471984663,-0.6441590086324702,1.6804379175547333,-0.7881538179048341,-0.668617921055841,-0.4986928082209321,-0.4269939772562403,0.22247301498078587,3.0,train
-0.49466169017358325,0.47562274191557835,-1.0205989410664063,1.081905431819191,0.26490100016639395,-0.8487738157284187,1.3445488519006241,-0.6441590086324702,1.6804379175547333,-0.7881538179048341,-0.668617921055841,-0.4986928082209321,-0.4269939772562403,-1.3442731231184633,4.0,train
-1.4529248807031934,-1.3084288370736354,0.9798168112492035,1.081905431819191,0.26490100016639395,-1.2920636388869924,0.7533379950795204,-0.6441590086324702,-0.11647529445320678,-0.7881538179048341,-0.668617921055841,-0.4986928082209321,-0.4269939772562403,-1.4369866422284874,4.0,train
-1.7165200744507003,1.3676485314101854,0.9798168112492035,-0.8596378055824154,-1.7580755001063062,-1.0948967645386538,0.16212713825841665,1.5524117284689836,-0.11647529445320678,-0.7881538179048341,-0.668617921055841,-0.4986928082209321,-0.4269939772562403,-0.5556721330615442,4.0,train
-1.7005004770406307,1.3676485314101854,-1.0205989410664063,-0.8596378055824154,-1.7580755001063062,1.5987990473527454,-0.5473258899269078,-0.6441590086324702,0.7819813115507633,1.2687878651128297,-0.668617921055841,-0.4986928082209321,-0.4269939772562403,1.0375938899874624,2.0,train
1.2194352327038502,-0.4164030475790286,-1.0205989410664063,-0.8596378055824154,1.276389250302744,0.3508665328474064,1.4627910232648447,-0.6441590086324702,-1.0149319004571768,1.2687878651128297,-0.668617921055841,-0.4986928082209321,-0.4269939772562403,-1.75676463314002,4.0,train
-1.3524383151309396,1.3676485314101854,0.9798168112492035,0.11113381311838781,1.276389250302744,0.570387364044978,1.5810331946290654,-0.6441590086324702,0.7819813115507633,-0.7881538179048341,-0.668617921055841,-0.4986928082209321,-0.4269939772562403,-1.4264377683435894,4.0,train
1.3505046660589641,-1.3084288370736354,0.9798168112492035,-0.8596378055824154,1.276389250302744,-1.3719456108410222,0.7533379950795204,-0.6441590086324702,-0.11647529445320678,1.2687878651128297,-0.668617921055841,-0.4986928082209321,-0.4269939772562403,-0.9050856799786396,4.0,train
1.075258856013225,0.47562274191557835,-1.0205989410664063,-0.8596378055824154,-0.7465872499699562,1.6319059048872442,-1.1385367467480114,-0.6441590086324702,-0.11647529445320678,-0.7881538179048341,-0.668617921055841,-0.4986928082209321,-0.4269939772562403,1.0602742664569778,2.0,train
-0.6315564316778133,-1.3084288370736354,-1.0205989410664063,-0.8596378055824154,-0.7465872499699562,-0.4444666697748327,0.2803693096226374,-0.6441590086324702,0.7819813115507633,-0.7881538179048341,1.4956224900775326,-0.4986928082209321,-0.4269939772562403,-0.4200606160295611,4.0,train
-0.39271879756405026,-1.3084288370736354,-1.0205989410664063,1.081905431819191,-0.7465872499699562,-0.3395296531342685,0.3986114809868581,-0.6441590086324702,-1.0149319004571768,-0.7881538179048341,1.4956224900775326,-0.4986928082209321,-0.4269939772562403,-0.4982796835085714,4.0,train
0.8262269326385087,0.47562274191557835,0.9798168112492035,-0.8596378055824154,0.26490100016639395,-0.607919784089955,-0.3108415471984663,1.5524117284689836,-0.11647529445320678,-0.7881538179048341,-0.668617921055841,-0.4986928082209321,2.3419534074596497,0.39541543665677975,3.0,train
1.079627837125062,-0.4164030475790286,0.9798168112492035,1.081905431819191,-1.7580755001063062,-0.08287333049527541,-1.2567789181122322,-0.6441590086324702,-1.0149319004571768,1.2687878651128297,-0.668617921055841,-0.4986928082209321,-0.4269939772562403,0.8870928586242902,2.0,train
1.4509912316312181,-0.4164030475790286,0.9798168112492035,0.11113381311838781,0.26490100016639395,1.0916357664978698,1.5810331946290654,-0.6441590086324702,-1.0149319004571768,1.2687878651128297,1.4956224900775326,-0.4986928082209321,-0.4269939772562403,-1.1692682733041977,2.0,train
1.2296295219648035,-1.3084288370736354,-1.0205989410664063,-0.8596378055824154,-0.7465872499699562,0.18677039026732667,1.1080645091721826,-0.6441590086324702,-1.9133885064611469,-0.7881538179048341,1.4956224900775326,-0.4986928082209321,-0.4269939772562403,-1.8899376924548192,4.0,train
-0.8660250846797392,1.3676485314101854,0.9798168112492035,-0.8596378055824154,0.26490100016639395,1.1341327157577286,0.3986114809868581,1.5524117284689836,-1.0149319004571768,1.2687878651128297,-0.668617921055841,2.0052424729513594,-0.4269939772562403,0.060384515282820475,4.0,train
-0.9752496124756674,0.47562274191557835,0.9798168112492035,-0.8596378055824154,-0.7465872499699562,0.5702566956332289,1.4627910232648447,-0.6441590086324702,0.7819813115507633,-0.7881538179048341,1.4956224900775326,-0.4986928082209321,-0.4269939772562403,-1.2953559422941836,4.0,train
-0.691265840206254,0.47562274191557835,0.9798168112492035,-0.8596378055824154,-0.7465872499699562,0.0217377528637309,-1.6115054322048943,-0.6441590086324702,-0.11647529445320678,-0.7881538179048341,-0.668617921055841,-0.4986928082209321,-0.4269939772562403,1.3598644571110334,1.0,train
0.466514154430585,0.47562274191557835,-1.0205989410664063,0.11113381311838781,0.26490100016639395,-0.7841511128711182,0.04388496689419592,1.5524117284689836,1.6804379175547333,1.2687878651128297,-0.668617921055841,-0.4986928082209321,-0.4269939772562403,0.5804318618257498,3.0,train
-1.1878733599184077,1.3676485314101854,0.9798168112492035,1.081905431819191,-0.7465872499699562,-1.0514451646102712,-0.90205240401957,-0.6441590086324702,-0.11647529445320678,1.2687878651128297,1.4956224900775326,-0.4986928082209321,2.3419534074596497,0.6803568073471372,2.0,train
1.485943080525915,-0.4164030475790286,0.9798168112492035,2.052677050519994,-1.7580755001063062,-0.8851282407281335,0.16212713825841665,1.5524117284689836,0.7819813115507633,-0.7881538179048341,-0.668617921055841,-0.4986928082209321,-0.4269939772562403,-0.2144115590131991,1.0,train
0.2917549099570999,0.47562274191557835,0.9798168112492035,-0.8596378055824154,0.26490100016639395,-0.7021542956375992,-0.7838102326553492,-0.6441590086324702,-1.0149319004571768,1.2687878651128297,1.4956224900775326,-0.4986928082209321,-0.4269939772562403,0.8711879091025452,2.0,train
-1.6844808796305613,0.47562274191557835,0.9798168112492035,1.081905431819191,-0.7465872499699562,0.45269063105173507,0.7533379950795204,1.5524117284689836,0.7819813115507633,1.2687878651128297,1.4956224900775326,-0.4986928082209321,-0.4269939772562403,-0.40130424618321103,4.0,train
-0.5951482557458372,1.3676485314101854,-1.0205989410664063,0.11113381311838781,-1.7580755001063062,-0.05646291907753124,-1.0202945753837906,-0.6441590086324702,-0.11647529445320678,-0.7881538179048341,-0.668617921055841,-0.4986928082209321,2.3419534074596497,0.7997930690674042,2.0,train
1.0184621015593422,0.47562274191557835,-1.0205989410664063,0.11113381311838781,0.26490100016639395,0.9505714422758875,-1.6115054322048943,-0.6441590086324702,-1.0149319004571768,-0.7881538179048341,-0.668617921055841,-0.4986928082209321,-0.4269939772562403,1.1675525449250934,2.0,train
1.0650645667522716,0.47562274191557835,-1.0205989410664063,0.11113381311838781,-0.7465872499699562,0.824290666035193,0.6350958237152996,-0.6441590086324702,0.7819813115507633,1.2687878651128297,-0.668617921055841,-0.4986928082209321,2.3419534074596497,-0.5982264643033667,4.0,train
-1.1398145676881992,-1.3084288370736354,-1.0205989410664063,2.052677050519994,-1.7580755001063062,-1.4584142145274415,-0.3108415471984663,-0.6441590086324702,0.7819813115507633,-0.7881538179048341,-0.668617921055841,-0.4986928082209321,-0.4269939772562403,-0.32577249890670545,4.0,train
0.006314810650407499,-1.3084288370736354,-1.0205989410664063,0.11113381311838781,-0.7465872499699562,-1.1149921395305855,0.04388496689419592,-0.6441590086324702,-0.11647529445320678,1.2687878651128297,-0.668617921055841,-0.4986928082209321,-0.4269939772562403,-0.23851784320605512,4.0,train
-0.3941751246013293,0.47562274191557835,0.9798168112492035,-0.8596378055824154,1.276389250302744,1.7917824812748064,-1.6115054322048943,-0.6441590086324702,-1.0149319004571768,1.2687878651128297,1.4956224900775326,-0.4986928082209321,-0.4269939772562403,1.7482757810259941,0.0,train
1.0359380260066908,-1.3084288370736354,0.9798168112492035,0.11113381311838781,-0.7465872499699562,0.9621644979715522,0.9898223378079618,-0.6441590086324702,-0.11647529445320678,-0.7881538179048341,-0.668617921055841,-0.4986928082209321,2.3419534074596497,-1.1592850169367421,4.0,train
-0.8878699902389249,-0.4164030475790286,-1.0205989410664063,1.081905431819191,-0.7465872499699562,-0.32998050876544804,1.4627910232648447,1.5524117284689836,-0.11647529445320678,-0.7881538179048341,-0.668617921055841,-0.4986928082209321,-0.4269939772562403,-1.544120424603794,4.0,train
-0.5834976394476049,0.47562274191557835,0.9798168112492035,-0.8596378055824154,0.26490100016639395,0.5429760142395208,-0.0743572044700248,-0.6441590086324702,-1.0149319004571768,-0.7881538179048341,-0.668617921055841,-0.4986928082209321,-0.4269939772562403,-0.1947877399548643,4.0,train
1.3534173201335222,-0.4164030475790286,0.9798168112492035,1.081905431819191,0.26490100016639395,0.03809934477898482,-0.6655680612911284,-0.6441590086324702,0.7819813115507633,-0.7881538179048341,-0.668617921055841,-0.4986928082209321,-0.4269939772562403,0.27564988302085996,3.0,train
-0.21213424494144895,-0.4164030475790286,-1.0205989410664063,-0.8596378055824154,0.26490100016639395,-0.443740763538069,-0.5473258899269078,1.5524117284689836,-0.11647529445320678,-0.7881538179048341,-0.668617921055841,-0.4986928082209321,-0.4269939772562403,0.30943228700604614,3.0,train
0.8000130459674859,-0.4164030475790286,0.9798168112492035,-0.8596378055824154,1.276389250302744,-1.5863241426738002,-0.429083718562687,-0.6441590086324702,0.7819813115507633,-0.7881538179048341,-0.668617921055841,-0.4986928082209321,-0.4269939772562403,0.0750787013651521,4.0,train
-0.42621431942146826,0.47562274191557835,0.9798168112492035,-0.8596378055824154,1.276389250302744,0.006103903741705653,-1.4932632608406737,1.5524117284689836,0.7819813115507633,-0.7881538179048341,-0.668617921055841,-0.4986928082209321,-0.4269939772562403,1.630948688184241,1.0,train
-0.13349258492838062,-0.4164030475790286,0.9798168112492035,1.081905431819191,1.276389250302744,-0.5290270921455774,0.5168536523510788,1.5524117284689836,0.7819813115507633,1.2687878651128297,-0.668617921055841,-0.4986928082209321,2.3419534074596497,-0.29939175814459695,4.0,train
-0.17135708789763573,-0.4164030475790286,0.9798168112492035,-0.8596378055824154,-1.7580755001063062,-0.25423636086527357,-1.0202945753837906,1.5524117284689836,-0.11647529445320678,-0.7881538179048341,-0.668617921055841,2.0052424729513594,-0.4269939772562403,1.282900581550368,1.0,train
1.6039055705455176,0.47562274191557835,0.9798168112492035,2.052677050519994,0.26490100016639395,-0.986184019282194,-0.5473258899269078,-0.6441590086324702,1.6804379175547333,1.2687878651128297,-0.668617921055841,-0.4986928082209321,-0.4269939772562403,0.8813150673119861,3.0,train
-0.6679646076097894,-1.3084288370736354,0.9798168112492035,1.081905431819191,0.26490100016639395,-1.5468671971543566,1.5810331946290654,1.5524117284689836,-0.11647529445320678,1.2687878651128297,-0.668617921055841,2.0052424729513594,-0.4269939772562403,-1.439787659671532,4.0,train
0.6296227826058378,0.47562274191557835,0.9798168112492035,-0.8596378055824154,1.276389250302744,0.7193479287852305,-1.0202945753837906,-0.6441590086324702,-0.11647529445320678,1.2687878651128297,1.4956224900775326,-0.4986928082209321,-0.4269939772562403,0.9804576806301024,2.0,train
0.4475819029459575,0.47562274191557835,0.9798168112492035,1.081905431819191,0.26490100016639395,-1.2107317027575484,-1.0202945753837906,-0.6441590086324702,-0.11647529445320678,-0.7881538179048341,-0.668617921055841,-0.4986928082209321,-0.4269939772562403,0.6153452582008823,3.0,train
0.5466121414809324,1.3676485314101854,-1.0205989410664063,0.11113381311838781,2.2878775004390945,-1.3529414118705125,0.9898223378079618,-0.6441590086324702,-0.11647529445320678,-0.7881538179048341,-0.668617921055841,-0.4986928082209321,-0.4269939772562403,-1.3498013397745214,4.0,train
1.624294149067424,1.3676485314101854,-1.0205989410664063,0.11113381311838781,0.26490100016639395,-1.0596782338166473,-0.7838102326553492,-0.6441590086324702,1.6804379175547333,-0.7881538179048341,-0.668617921055841,-0.4986928082209321,2.3419534074596497,0.4548078166647202,0.0,train
1.1611821512126885,-1.3084288370736354,-1.0205989410664063,0.11113381311838781,0.26490100016639395,-0.7065643172703463,1.2263066805364033,1.5524117284689836,0.7819813115507633,1.2687878651128297,-0.668617921055841,-0.4986928082209321,-0.4269939772562403,-1.0080099778987865,4.0,train
-0.03591867343068474,0.47562274191557835,0.9798168112492035,-0.8596378055824154,0.26490100016639395,-1.6054440452612844,-0.7838102326553492,-0.6441590086324702,1.6804379175547333,-0.7881538179048341,-0.668617921055841,2.0052424729513594,-0.4269939772562403,0.5238380964036023,3.0,train
-1.7354523259353278,0.47562274191557835,0.9798168112492035,-0.8596378055824154,0.26490100016639395,-0.8914661870421239,0.2803693096226374,1.5524117284689836,0.7819813115507633,-0.7881538179048341,-0.668617921055841,-0.4986928082209321,-0.4269939772562403,-0.6600655256708394,4.0,train
0.012140118799523671,-1.3084288370736354,0.9798168112492035,-0.8596378055824154,0.26490100016639395,0.1087562575391387,-0.90205240401957,-0.6441590086324702,-0.11647529445320678,1.2687878651128297,-0.668617921055841,-0.4986928082209321,-0.4269939772562403,0.8447456764317322,2.0,train
1.2674940249340587,1.3676485314101854,-1.0205989410664063,-0.8596378055824154,-0.7465872499699562,0.7619633398226499,1.2263066805364033,-0.6441590086324702,0.7819813115507633,1.2687878651128297,-0.668617921055841,-0.4986928082209321,-0.4269939772562403,-0.8065568372754139,4.0,train
1.2631250438222215,1.3676485314101854,-1.0205989410664063,-0.8596378055824154,0.26490100016639395,0.7311312156366836,1.2263066805364033,-0.6441590086324702,-0.11647529445320678,-0.7881538179048341,-0.668617921055841,2.0052424729513594,-0.4269939772562403,-0.9611468553206063,4.0,train
1.284969949381407,0.47562274191557835,0.9798168112492035,2.052677050519994,2.2878775004390945,1.0186084997917988,-0.6655680612911284,-0.6441590086324702,-1.0149319004571768,1.2687878651128297,-0.668617921055841,-0.4986928082209321,-0.4269939772562403,0.6036312054424209,3.0,train
-0.9665116502519931,-1.3084288370736354,0.9798168112492035,-0.8596378055824154,-0.7465872499699562,0.18858724468844232,0.3986114809868581,-0.6441590086324702,-0.11647529445320678,-0.7881538179048341,-0.668617921055841,2.0052424729513594,-0.4269939772562403,-0.5257904463106804,4.0,train
0.9485584037699483,1.3676485314101854,-1.0205989410664063,-0.8596378055824154,-0.7465872499699562,-0.6356290074589269,-0.5473258899269078,-0.6441590086324702,-0.11647529445320678,-0.7881538179048341,-0.668617921055841,-0.4986928082209321,-0.4269939772562403,0.08702386716294491,4.0,train
0.8174889704148344,-1.3084288370736354,0.9798168112492035,1.081905431819191,1.276389250302744,0.6516168192338297,-1.4932632608406737,-0.6441590086324702,-0.11647529445320678,-0.7881538179048341,-0.668617921055841,2.0052424729513594,-0.4269939772562403,1.254508342426079,1.0,train
-1.7238017096370954,0.47562274191557835,-1.0205989410664063,0.11113381311838781,-0.7465872499699562,0.06256112334656393,0.7533379950795204,-0.6441590086324702,0.7819813115507633,1.2687878651128297,-0.668617921055841,-0.4986928082209321,-0.4269939772562403,-0.40866163537418193,4.0,train
-0.1699007608603567,-1.3084288370736354,-1.0205989410664063,1.081905431819191,0.26490100016639395,1.3352061037796135,1.2263066805364033,-0.6441590086324702,0.7819813115507633,1.2687878651128297,-0.668617921055841,-0.4986928082209321,-0.4269939772562403,-0.8435217050245587,4.0,train
-1.6903061877796774,-1.3084288370736354,-1.0205989410664063,2.052677050519994,-0.7465872499699562,-1.1149637774636378,0.9898223378079618,-0.6441590086324702,-1.0149319004571768,-0.7881538179048341,-0.668617921055841,-0.4986928082209321,-0.4269939772562403,-1.772435984790929,4.0,train
1.7262370416769572,-1.3084288370736354,-1.0205989410664063,1.081905431819191,-1.7580755001063062,0.07258366968401156,-1.1385367467480114,-0.6441590086324702,0.7819813115507633,-0.7881538179048341,-0.668617921055841,-0.4986928082209321,-0.4269939772562403,1.1475216732910036,0.0,train
1.4946810427495894,-0.4164030475790286,-1.0205989410664063,-0.8596378055824154,0.26490100016639395,0.014201505806688502,-1.729747603569115,-0.6441590086324702,-1.9133885064611469,-0.7881538179048341,1.4956224900775326,-0.4986928082209321,-0.4269939772562403,1.2425250527264637,2.0,train
0.5291362170335839,0.47562274191557835,-1.0205989410664063,1.081905431819191,1.276389250302744,1.7697915395795367,0.2803693096226374,-0.6441590086324702,1.6804379175547333,1.2687878651128297,1.4956224900775326,2.0052424729513594,-0.4269939772562403,0.6481360338557238,3.0,train
1.7116737713041668,1.3676485314101854,0.9798168112492035,-0.8596378055824154,1.276389250302744,-1.6032662386218486,-0.7838102326553492,-0.6441590086324702,-0.11647529445320678,-0.7881538179048341,-0.668617921055841,-0.4986928082209321,2.3419534074596497,0.04067317079816411,3.0,train
-0.10727869825735785,0.47562274191557835,0.9798168112492035,1.081905431819191,0.26490100016639395,-1.6214021077200265,-0.429083718562687,-0.6441590086324702,0.7819813115507633,1.2687878651128297,-0.668617921055841,-0.4986928082209321,-0.4269939772562403,-0.03592158370599404,4.0,train
-0.1771823960467519,-1.3084288370736354,-1.0205989410664063,-0.8596378055824154,-1.7580755001063062,1.5542475110832756,0.5168536523510788,-0.6441590086324702,-0.11647529445320678,-0.7881538179048341,1.4956224900775326,2.0052424729513594,-0.4269939772562403,-0.05810917103296999,4.0,train
-1.368457912541009,0.47562274191557835,-1.0205989410664063,-0.8596378055824154,0.26490100016639395,-1.034324632598419,-1.729747603569115,1.5524117284689836,0.7819813115507633,-0.7881538179048341,-0.668617921055841,-0.4986928082209321,-0.4269939772562403,1.3645083539757197,1.0,train
-0.024268057132452402,0.47562274191557835,0.9798168112492035,0.11113381311838781,0.26490100016639395,-0.5941030885088504,-0.90205240401957,1.5524117284689836,-0.11647529445320678,-0.7881538179048341,-0.668617921055841,2.0052424729513594,2.3419534074596497,0.8053569149268872,2.0,train
1.416039382736521,-0.4164030475790286,-1.0205989410664063,1.081905431819191,0.26490100016639395,-1.5148748221750712,0.2803693096226374,1.5524117284689836,-1.0149319004571768,1.2687878651128297,1.4956224900775326,-0.4986928082209321,2.3419534074596497,-0.28339246252202144,4.0,train
-0.8776757009779715,1.3676485314101854,0.9798168112492035,2.052677050519994,-0.7465872499699562,0.8344538020658554,0.16212713825841665,-0.6441590086324702,0.7819813115507633,-0.7881538179048341,-0.668617921055841,-0.4986928082209321,-0.4269939772562403,-0.10022759967839633,4.0,train
-1.5315665407162617,1.3676485314101854,-1.0205989410664063,1.081905431819191,0.26490100016639395,-0.8474647344597945,-0.90205240401957,1.5524117284689836,-0.11647529445320678,1.2687878651128297,1.4956224900775326,-0.4986928082209321,-0.4269939772562403,0.5795456447596928,3.0,train
0.8204016244893925,0.47562274191557835,0.9798168112492035,-0.8596378055824154,-0.7465872499699562,0.5661041795374434,1.3445488519006241,-0.6441590086324702,-1.0149319004571768,-0.7881538179048341,1.4956224900775326,-0.4986928082209321,-0.4269939772562403,-1.3930849096385656,4.0,train
1.2150662515920132,0.47562274191557835,-1.0205989410664063,0.11113381311838781,0.26490100016639395,0.059660115597876054,1.1080645091721826,1.5524117284689836,-0.11647529445320678,-0.7881538179048341,-0.668617921055841,-0.4986928082209321,-0.4269939772562403,-0.9713566721759346,4.0,train
0.4941843681388869,-0.4164030475790286,-1.0205989410664063,0.11113381311838781,-1.7580755001063062,-0.6927993375676355,-0.429083718562687,1.5524117284689836,-1.9133885064611469,1.2687878651128297,-0.668617921055841,-0.4986928082209321,-0.4269939772562403,0.002137273100362172,4.0,train
0.8932179763533447,-0.4164030475790286,0.9798168112492035,-0.8596378055824154,1.276389250302744,0.7543954100968555,1.3445488519006241,-0.6441590086324702,-1.0149319004571768,1.2687878651128297,-0.668617921055841,-0.4986928082209321,-0.4269939772562403,-1.356368405756818,4.0,train
-0.13494891196565967,-1.3084288370736354,-1.0205989410664063,-0.8596378055824154,1.276389250302744,-1.628124289995219,0.04388496689419592,1.5524117284689836,-0.11647529445320678,-0.7881538179048341,-0.668617921055841,-0.4986928082209321,-0.4269939772562403,-0.4933516469859515,4.0,train
-0.2572803830970993,-1.3084288370736354,-1.0205989410664063,-0.8596378055824154,1.276389250302744,-0.5961328853284775,-0.7838102326553492,1.5524117284689836,-0.11647529445320678,1.2687878651128297,-0.668617921055841,-0.4986928082209321,-0.4269939772562403,0.8548418484836051,2.0,train
-1.7223453825998165,0.47562274191557835,-1.0205989410664063,0.11113381311838781,0.26490100016639395,0.4292785350469648,0.7533379950795204,-0.6441590086324702,1.6804379175547333,-0.7881538179048341,1.4956224900775326,-0.4986928082209321,-0.4269939772562403,-0.15781414177382702,4.0,train
0.4373876136850042,1.3676485314101854,-1.0205989410664063,0.11113381311838781,1.276389250302744,0.04732138697026187,-1.1385367467480114,-0.6441590086324702,-0.11647529445320678,1.2687878651128297,-0.668617921055841,-0.4986928082209321,-0.4269939772562403,1.0930387429507131,2.0,train
-0.31116448347642384,1.3676485314101854,0.9798168112492035,1.081905431819191,-0.7465872499699562,-0.29173000597843995,0.2803693096226374,-0.6441590086324702,0.7819813115507633,-0.7881538179048341,1.4956224900775326,-0.4986928082209321,-0.4269939772562403,-0.189080157361636,4.0,train
-0.9068022417235524,-0.4164030475790286,-1.0205989410664063,1.081905431819191,2.2878775004390945,0.6330211350034929,-0.5473258899269078,1.5524117284689836,-0.11647529445320678,-0.7881538179048341,-0.668617921055841,-0.4986928082209321,-0.4269939772562403,0.6269791103299887,3.0,train
-0.7626258650329272,-0.4164030475790286,0.9798168112492035,0.11113381311838781,-0.7465872499699562,-1.3009491299318854,-1.729747603569115,1.5524117284689836,-0.11647529445320678,1.2687878651128297,-0.668617921055841,-0.4986928082209321,-0.4269939772562403,1.588981226573923,1.0,train
-1.166028454359222,1.3676485314101854,-1.0205989410664063,-0.8596378055824154,1.276389250302744,0.20608398036910977,0.9898223378079618,-0.6441590086324702,0.7819813115507633,-0.7881538179048341,-0.668617921055841,2.0052424729513594,-0.4269939772562403,-1.332470949166638,4.0,train
-0.2616493642089364,-0.4164030475790286,0.9798168112492035,-0.8596378055824154,-0.7465872499699562,-0.5309778508511316,-0.0743572044700248,-0.6441590086324702,0.7819813115507633,-0.7881538179048341,-0.668617921055841,-0.4986928082209321,-0.4269939772562403,0.046356652861512304,4.0,train
-1.2869035984533825,1.3676485314101854,0.9798168112492035,1.081905431819191,1.276389250302744,0.4086778672686426,1.1080645091721826,-0.6441590086324702,-1.0149319004571768,-0.7881538179048341,-0.668617921055841,-0.4986928082209321,-0.4269939772562403,-1.318841038852454,4.0,train
0.7898187567065326,0.47562274191557835,-1.0205989410664063,-0.8596378055824154,0.26490100016639395,-1.424180260707344,1.6992753659932862,-0.6441590086324702,-1.0149319004571768,1.2687878651128297,-0.668617921055841,-0.4986928082209321,-0.4269939772562403,-1.8205788156901428,4.0,train
-1.4267109940321707,1.3676485314101854,0.9798168112492035,1.081905431819191,-0.7465872499699562,1.1588608925038455,1.3445488519006241,1.5524117284689836,-0.11647529445320678,1.2687878651128297,-0.668617921055841,-0.4986928082209321,-0.4269939772562403,-0.6612008464497625,4.0,train
0.12136464659545189,1.3676485314101854,0.9798168112492035,-0.8596378055824154,0.26490100016639395,-1.2186364066089639,0.3986114809868581,1.5524117284689836,1.6804379175547333,1.2687878651128297,-0.668617921055841,-0.4986928082209321,-0.4269939772562403,-0.5176191833122586,4.0,train
-1.4208856858830545,0.47562274191557835,0.9798168112492035,-0.8596378055824154,1.276389250302744,-1.144368695303177,0.871580166443741,-0.6441590086324702,0.7819813115507633,1.2687878651128297,1.4956224900775326,-0.4986928082209321,2.3419534074596497,-0.2023637489892638,4.0,train
0.5699133740773971,-1.3084288370736354,0.9798168112492035,-0.8596378055824154,-0.7465872499699562,1.4731111403081187,0.7533379950795204,1.5524117284689836,1.6804379175547333,-0.7881538179048341,-0.668617921055841,2.0052424729513594,-0.4269939772562403,-0.0768894335779715,4.0,train
-0.06941419528810273,0.47562274191557835,0.9798168112492035,-0.8596378055824154,-0.7465872499699562,-1.4910390211499045,-1.0202945753837906,-0.6441590086324702,-0.11647529445320678,1.2687878651128297,-0.668617921055841,-0.4986928082209321,-0.4269939772562403,0.6106058903486992,3.0,train
-0.962142669140156,-0.4164030475790286,0.9798168112492035,2.052677050519994,0.26490100016639395,-0.41810811111464885,1.4627910232648447,-0.6441590086324702,1.6804379175547333,1.2687878651128297,1.4956224900775326,-0.4986928082209321,-0.4269939772562403,-1.3414710451174163,4.0,train
1.587885973135448,0.47562274191557835,0.9798168112492035,0.11113381311838781,-0.7465872499699562,0.8935486273171533,1.5810331946290654,-0.6441590086324702,0.7819813115507633,-0.7881538179048341,-0.668617921055841,-0.4986928082209321,-0.4269939772562403,-1.487740074325441,1.0,train
-1.1835043788065704,-1.3084288370736354,0.9798168112492035,-0.8596378055824154,-0.7465872499699562,1.1600865983646544,0.6350958237152996,-0.6441590086324702,0.7819813115507633,-0.7881538179048341,-0.668617921055841,-0.4986928082209321,-0.4269939772562403,-0.3225012175149381,4.0,train
1.0534139504540394,-1.3084288370736354,-1.0205989410664063,2.052677050519994,-0.7465872499699562,1.378768773949564,-1.6115054322048943,1.5524117284689836,-1.0149319004571768,1.2687878651128297,1.4956224900775326,-0.4986928082209321,-0.4269939772562403,2.2784822848638417,0.0,train
-0.8296169087477632,-1.3084288370736354,0.9798168112492035,-0.8596378055824154,0.26490100016639395,1.7849833383998386,1.4627910232648447,-0.6441590086324702,-0.11647529445320678,1.2687878651128297,1.4956224900775326,-0.4986928082209321,-0.4269939772562403,-0.547732223490303,4.0,train
0.8422465300485781,0.47562274191557835,0.9798168112492035,-0.8596378055824154,0.26490100016639395,-0.7459684122035408,-0.7838102326553492,1.5524117284689836,0.7819813115507633,-0.7881538179048341,-0.668617921055841,-0.4986928082209321,2.3419534074596497,0.5676083382851562,3.0,train
-1.1165133350917347,1.3676485314101854,-1.0205989410664063,-0.8596378055824154,0.26490100016639395,0.6610474148738992,-1.6115054322048943,-0.6441590086324702,-0.11647529445320678,-0.7881538179048341,-0.668617921055841,-0.4986928082209321,-0.4269939772562403,1.4856443596324544,1.0,train
-1.5810816599837492,1.3676485314101854,-1.0205989410664063,0.11113381311838781,-0.7465872499699562,0.21526371551125362,-1.2567789181122322,1.5524117284689836,0.7819813115507633,-0.7881538179048341,-0.668617921055841,-0.4986928082209321,-0.4269939772562403,1.4341800709498833,1.0,train
0.7475852726254403,-0.4164030475790286,0.9798168112492035,-0.8596378055824154,-0.7465872499699562,0.7301967038611792,-0.19259937583424555,-0.6441590086324702,1.6804379175547333,-0.7881538179048341,-0.668617921055841,2.0052424729513594,2.3419534074596497,0.05971339855060532,4.0,train
-1.0233084047058758,-0.4164030475790286,-1.0205989410664063,2.052677050519994,-0.7465872499699562,-0.5049306751709529,1.2263066805364033,1.5524117284689836,-1.0149319004571768,-0.7881538179048341,1.4956224900775326,-0.4986928082209321,-0.4269939772562403,-1.44112149682313,4.0,train
-0.2689309993953316,-1.3084288370736354,0.9798168112492035,-0.8596378055824154,0.26490100016639395,1.6064016345456276,1.1080645091721826,-0.6441590086324702,0.7819813115507633,-0.7881538179048341,1.4956224900775326,-0.4986928082209321,-0.4269939772562403,-0.8298143161786439,4.0,train
1.076715183050504,1.3676485314101854,0.9798168112492035,2.052677050519994,-0.7465872499699562,0.15442789658580747,-1.375021089476453,1.5524117284689836,0.7819813115507633,-0.7881538179048341,-0.668617921055841,-0.4986928082209321,-0.4269939772562403,1.7056445569511818,1.0,train
-0.16553177974851957,-1.3084288370736354,-1.0205989410664063,1.081905431819191,0.26490100016639395,0.4599879306847056,-0.90205240401957,-0.6441590086324702,0.7819813115507633,-0.7881538179048341,-0.668617921055841,2.0052424729513594,-0.4269939772562403,0.6453822867730054,3.0,train
0.7446726185508823,-0.4164030475790286,0.9798168112492035,-0.8596378055824154,-0.7465872499699562,-0.5855806726712285,0.3986114809868581,-0.6441590086324702,1.6804379175547333,1.2687878651128297,-0.668617921055841,-0.4986928082209321,-0.4269939772562403,-0.04607801729858593,4.0,train
0.9776849445155291,-1.3084288370736354,-1.0205989410664063,-0.8596378055824154,1.276389250302744,-0.8089502018876698,0.871580166443741,1.5524117284689836,-0.11647529445320678,-0.7881538179048341,-0.668617921055841,-0.4986928082209321,2.3419534074596497,-1.3238572671809306,4.0,train
1.3024458738287557,-0.4164030475790286,0.9798168112492035,0.11113381311838781,1.276389250302744,-0.6681127528137215,0.16212713825841665,-0.6441590086324702,-1.9133885064611469,-0.7881538179048341,1.4956224900775326,-0.4986928082209321,2.3419534074596497,-0.7883272198402487,4.0,train
-1.2767093091924293,-0.4164030475790286,-1.0205989410664063,0.11113381311838781,-0.7465872499699562,-1.443615397033379,-0.5473258899269078,-0.6441590086324702,0.7819813115507633,-0.7881538179048341,-0.668617921055841,-0.4986928082209321,-0.4269939772562403,0.2816141459252569,3.0,train
-1.1208823162035717,-1.3084288370736354,-1.0205989410664063,-0.8596378055824154,1.276389250302744,0.3409457768700419,-0.7838102326553492,1.5524117284689836,-1.0149319004571768,-0.7881538179048341,-0.668617921055841,2.0052424729513594,-0.4269939772562403,0.691491196526566,2.0,train
1.0927347804605736,-1.3084288370736354,0.9798168112492035,-0.8596378055824154,0.26490100016639395,0.6155004071679772,1.4627910232648447,-0.6441590086324702,0.7819813115507633,-0.7881538179048341,-0.668617921055841,-0.4986928082209321,-0.4269939772562403,-1.3664687504725894,4.0,train
1.3272034334624994,0.47562274191557835,-1.0205989410664063,-0.8596378055824154,1.276389250302744,-1.4088111540212014,-0.3108415471984663,1.5524117284689836,-0.11647529445320678,-0.7881538179048341,1.4956224900775326,-0.4986928082209321,-0.4269939772562403,0.25988422485889356,3.0,train
1.55439045127803,-0.4164030475790286,-1.0205989410664063,-0.8596378055824154,-1.7580755001063062,0.8209921164504318,0.3986114809868581,1.5524117284689836,-0.11647529445320678,1.2687878651128297,-0.668617921055841,-0.4986928082209321,-0.4269939772562403,-0.1272846635456052,1.0,train
-0.40291308682500354,1.3676485314101854,-1.0205989410664063,0.11113381311838781,-0.7465872499699562,1.4968733920588277,-1.6115054322048943,-0.6441590086324702,-0.11647529445320678,-0.7881538179048341,-0.668617921055841,2.0052424729513594,2.3419534074596497,2.137171705332548,0.0,train
-0.9927255369230159,-0.4164030475790286,0.9798168112492035,2.052677050519994,0.26490100016639395,-1.4648817748226062,0.871580166443741,-0.6441590086324702,0.7819813115507633,1.2687878651128297,1.4956224900775326,-0.4986928082209321,-0.4269939772562403,-0.7973599501352899,4.0,train
1.6228378220301451,-0.4164030475790286,0.9798168112492035,0.11113381311838781,-0.7465872499699562,-1.7021378590739098,1.5810331946290654,-0.6441590086324702,-0.11647529445320678,-0.7881538179048341,-0.668617921055841,-0.4986928082209321,-0.4269939772562403,-2.055756807565376,1.0,train
0.1490348603037537,-1.3084288370736354,0.9798168112492035,1.081905431819191,-0.7465872499699562,1.3828517357982615,1.4627910232648447,-0.6441590086324702,-0.11647529445320678,1.2687878651128297,-0.668617921055841,-0.4986928082209321,-0.4269939772562403,-1.5636966700808848,4.0,train
1.5762353568372158,-1.3084288370736354,0.9798168112492035,-0.8596378055824154,0.26490100016639395,1.3337130472244683,-1.2567789181122322,-0.6441590086324702,-0.11647529445320678,-0.7881538179048341,1.4956224900775326,-0.4986928082209321,-0.4269939772562403,1.4938803944749253,3.0,train
0.40971739997670237,1.3676485314101854,0.9798168112492035,-0.8596378055824154,1.276389250302744,0.3538519521049925,-1.6115054322048943,1.5524117284689836,-0.11647529445320678,-0.7881538179048341,-0.668617921055841,-0.4986928082209321,-0.4269939772562403,1.687359751729824,1.0,train
0.9165192089498093,-1.3084288370736354,-1.0205989410664063,-0.8596378055824154,-0.7465872499699562,0.14585256710148906,0.6350958237152996,-0.6441590086324702,-0.11647529445320678,-0.7881538179048341,-0.668617921055841,-0.4986928082209321,-0.4269939772562403,-0.7743768854502484,4.0,train
-0.37815552719125983,-0.4164030475790286,0.9798168112492035,-0.8596378055824154,-0.7465872499699562,1.7401556729932002,1.3445488519006241,1.5524117284689836,0.7819813115507633,1.2687878651128297,-0.668617921055841,-0.4986928082209321,2.3419534074596497,-0.24873994177103834,4.0,train
0.7606922159609517,-0.4164030475790286,0.9798168112492035,0.11113381311838781,0.26490100016639395,-1.6876696486470886,0.3986114809868581,-0.6441590086324702,0.7819813115507633,-0.7881538179048341,-0.668617921055841,-0.4986928082209321,-0.4269939772562403,-0.6132900879226301,4.0,train
-1.024764731743155,-1.3084288370736354,0.9798168112492035,-0.8596378055824154,-0.7465872499699562,1.374720761093159,0.2803693096226374,-0.6441590086324702,0.7819813115507633,-0.7881538179048341,1.4956224900775326,-0.4986928082209321,-0.4269939772562403,0.18793716275679556,3.0,train
-0.030093365281568574,0.47562274191557835,-1.0205989410664063,0.11113381311838781,1.276389250302744,-1.546959676208912,0.04388496689419592,-0.6441590086324702,0.7819813115507633,-0.7881538179048341,1.4956224900775326,-0.4986928082209321,-0.4269939772562403,-0.0002435383397652904,4.0,train
0.1286462817818471,0.47562274191557835,0.9798168112492035,-0.8596378055824154,-0.7465872499699562,1.6990638476817792,-0.6655680612911284,1.5524117284689836,0.7819813115507633,-0.7881538179048341,1.4956224900775326,-0.4986928082209321,-0.4269939772562403,1.1944285210982408,2.0,train
-1.5883632951701445,-0.4164030475790286,0.9798168112492035,1.081905431819191,0.26490100016639395,-1.531659920852738,-0.0743572044700248,-0.6441590086324702,0.7819813115507633,-0.7881538179048341,1.4956224900775326,2.0052424729513594,2.3419534074596497,0.16429472256788977,3.0,train
0.11117035733449859,0.47562274191557835,-1.0205989410664063,0.11113381311838781,0.26490100016639395,-1.304454341032818,-1.0202945753837906,1.5524117284689836,0.7819813115507633,1.2687878651128297,-0.668617921055841,-0.4986928082209321,-0.4269939772562403,0.6553196415859813,2.0,train
1.3009895467914767,-1.3084288370736354,0.9798168112492035,-0.8596378055824154,-0.7465872499699562,-1.563039240581384,1.5810331946290654,-0.6441590086324702,0.7819813115507633,1.2687878651128297,-0.668617921055841,-0.4986928082209321,-0.4269939772562403,-1.8963988961594866,4.0,train
-0.7844707705921128,0.47562274191557835,0.9798168112492035,-0.8596378055824154,-0.7465872499699562,1.3946072895031008,1.2263066805364033,1.5524117284689836,0.7819813115507633,-0.7881538179048341,-0.668617921055841,-0.4986928082209321,-0.4269939772562403,-0.8390390445826761,4.0,train
-1.3378750447581491,-0.4164030475790286,-1.0205989410664063,-0.8596378055824154,1.276389250302744,0.4254872713668259,1.5810331946290654,1.5524117284689836,0.7819813115507633,-0.7881538179048341,-0.668617921055841,-0.4986928082209321,-0.4269939772562403,-1.301999111139094,4.0,train
-0.36796123793030655,-1.3084288370736354,-1.0205989410664063,1.081905431819191,-1.7580755001063062,0.16175856981176134,-0.3108415471984663,-0.6441590086324702,-1.0149319004571768,-0.7881538179048341,-0.668617921055841,-0.4986928082209321,2.3419534074596497,-0.2992932883100788,4.0,train
1.0621519126777137,-1.3084288370736354,0.9798168112492035,-0.8596378055824154,1.276389250302744,1.0939483893479522,-0.429083718562687,-0.6441590086324702,0.7819813115507633,-0.7881538179048341,1.4956224900775326,-0.4986928082209321,-0.4269939772562403,0.6666749417801937,2.0,train
1.2966205656796395,-0.4164030475790286,-1.0205989410664063,0.11113381311838781,0.26490100016639395,0.7219773159478561,-0.7838102326553492,-0.6441590086324702,-0.11647529445320678,-0.7881538179048341,-0.668617921055841,-0.4986928082209321,-0.4269939772562403,0.04158426402306642,4.0,train
-0.6169931613050229,-1.3084288370736354,-1.0205989410664063,-0.8596378055824154,-0.7465872499699562,1.5914221288792472,-1.0202945753837906,1.5524117284689836,-1.0149319004571768,-0.7881538179048341,-0.668617921055841,2.0052424729513594,-0.4269939772562403,1.0361129511598652,2.0,train
-1.5155469433061923,-0.4164030475790286,-1.0205989410664063,-0.8596378055824154,1.276389250302744,1.3415012914668105,0.16212713825841665,1.5524117284689836,0.7819813115507633,1.2687878651128297,1.4956224900775326,-0.4986928082209321,-0.4269939772562403,0.7955592909876702,2.0,train
-1.5941886033192607,-0.4164030475790286,0.9798168112492035,-0.8596378055824154,1.276389250302744,-1.3859489329730217,-1.0202945753837906,-0.6441590086324702,0.7819813115507633,1.2687878651128297,-0.668617921055841,2.0052424729513594,2.3419534074596497,0.6814691980287285,2.0,train
1.0140931204475052,-1.3084288370736354,-1.0205989410664063,0.11113381311838781,0.26490100016639395,-1.613725048801622,-0.3108415471984663,-0.6441590086324702,-0.11647529445320678,1.2687878651128297,1.4956224900775326,-0.4986928082209321,-0.4269939772562403,-0.2918979759739035,4.0,train
0.8189452974521134,0.47562274191557835,0.9798168112492035,-0.8596378055824154,2.2878775004390945,0.44483123386118223,1.6992753659932862,-0.6441590086324702,0.7819813115507633,-0.7881538179048341,-0.668617921055841,-0.4986928082209321,-0.4269939772562403,-1.7002563366886934,4.0,train
0.8087510081911601,1.3676485314101854,-1.0205989410664063,1.081905431819191,-0.7465872499699562,-1.1383718688440594,0.3986114809868581,-0.6441590086324702,-0.11647529445320678,-0.7881538179048341,-0.668617921055841,-0.4986928082209321,-0.4269939772562403,-0.6171508720350017,4.0,train
1.4684671560785665,-1.3084288370736354,0.9798168112492035,1.081905431819191,-0.7465872499699562,-1.6799502974902782,1.4627910232648447,-0.6441590086324702,-1.9133885064611469,-0.7881538179048341,1.4956224900775326,-0.4986928082209321,-0.4269939772562403,-2.055756807565376,3.0,train
-0.43640860868242154,-0.4164030475790286,0.9798168112492035,2.052677050519994,-0.7465872499699562,0.8831687287278265,1.2263066805364033,-0.6441590086324702,-0.11647529445320678,1.2687878651128297,-0.668617921055841,-0.4986928082209321,-0.4269939772562403,-0.9163595454614127,4.0,train
-1.611664527766609,-0.4164030475790286,-1.0205989410664063,1.081905431819191,-0.7465872499699562,-1.440374791966981,-0.5473258899269078,-0.6441590086324702,-0.11647529445320678,-0.7881538179048341,-0.668617921055841,2.0052424729513594,2.3419534074596497,0.3602999604872734,3.0,train
-0.7131107457654396,1.3676485314101854,0.9798168112492035,-0.8596378055824154,-0.7465872499699562,0.23211982403305947,1.5810331946290654,-0.6441590086324702,0.7819813115507633,-0.7881538179048341,-0.668617921055841,-0.4986928082209321,-0.4269939772562403,-1.615934660519633,4.0,train
0.4271933244240509,-1.3084288370736354,0.9798168112492035,1.081905431819191,0.26490100016639395,0.2648981051784814,-1.4932632608406737,-0.6441590086324702,-0.11647529445320678,-0.7881538179048341,1.4956224900775326,-0.4986928082209321,-0.4269939772562403,1.4498869227212572,1.0,train
-0.2878632508799592,1.3676485314101854,0.9798168112492035,-0.8596378055824154,0.26490100016639395,0.5466923120842134,-0.6655680612911284,1.5524117284689836,0.7819813115507633,-0.7881538179048341,-0.668617921055841,2.0052424729513594,-0.4269939772562403,0.7931510317687819,2.0,train
-1.5606930814618427,-1.3084288370736354,-1.0205989410664063,-0.8596378055824154,0.26490100016639395,-1.2633488709208134,-1.6115054322048943,1.5524117284689836,-0.11647529445320678,1.2687878651128297,-0.668617921055841,2.0052424729513594,-0.4269939772562403,1.7348141239574852,1.0,train
-0.3330093890356095,-0.4164030475790286,-1.0205989410664063,0.11113381311838781,0.26490100016639395,-0.39255473160208065,-1.729747603569115,-0.6441590086324702,0.7819813115507633,-0.7881538179048341,-0.668617921055841,-0.4986928082209321,-0.4269939772562403,1.369269545141944,1.0,train
0.767973851147347,-0.4164030475790286,-1.0205989410664063,-0.8596378055824154,1.276389250302744,1.632115339624529,0.7533379950795204,1.5524117284689836,-0.11647529445320678,1.2687878651128297,-0.668617921055841,-0.4986928082209321,-0.4269939772562403,-0.3424278942740531,4.0,train
-0.15096850937572914,1.3676485314101854,0.9798168112492035,0.11113381311838781,1.276389250302744,0.45211879624478296,1.3445488519006241,-0.6441590086324702,-1.9133885064611469,1.2687878651128297,1.4956224900775326,-0.4986928082209321,-0.4269939772562403,-0.9783356707087795,4.0,train
0.42573699738677184,-1.3084288370736354,0.9798168112492035,0.11113381311838781,-1.7580755001063062,0.24828899454927905,1.1080645091721826,-0.6441590086324702,1.6804379175547333,-0.7881538179048341,-0.668617921055841,-0.4986928082209321,-0.4269939772562403,-1.023476464905979,4.0,train
-1.167484781396501,0.47562274191557835,0.9798168112492035,2.052677050519994,0.26490100016639395,-0.4166234396787554,1.3445488519006241,-0.6441590086324702,-1.0149319004571768,-0.7881538179048341,-0.668617921055841,-0.4986928082209321,-0.4269939772562403,-1.7597381063515884,4.0,train
1.0155494474847842,0.47562274191557835,0.9798168112492035,0.11113381311838781,-0.7465872499699562,-1.2534855414345054,0.7533379950795204,-0.6441590086324702,-1.0149319004571768,1.2687878651128297,1.4956224900775326,-0.4986928082209321,-0.4269939772562403,-0.8968634596958455,4.0,train
0.7082644426189062,-1.3084288370736354,0.9798168112492035,0.11113381311838781,0.26490100016639395,0.319842844891858,-1.6115054322048943,-0.6441590086324702,-0.11647529445320678,-0.7881538179048341,1.4956224900775326,-0.4986928082209321,-0.4269939772562403,1.3261627105920855,1.0,train
-0.5048559794345365,-0.4164030475790286,0.9798168112492035,-0.8596378055824154,-0.7465872499699562,-0.2782630311740438,-1.1385367467480114,-0.6441590086324702,-0.11647529445320678,-0.7881538179048341,-0.668617921055841,-0.4986928082209321,-0.4269939772562403,0.9330714411638311,2.0,train
-0.7713638272566014,-0.4164030475790286,-1.0205989410664063,-0.8596378055824154,-0.7465872499699562,-1.4830748495138795,0.2803693096226374,1.5524117284689836,0.7819813115507633,1.2687878651128297,1.4956224900775326,-0.4986928082209321,-0.4269939772562403,0.10202176425035013,4.0,train
-0.45679718720432816,0.47562274191557835,0.9798168112492035,1.081905431819191,0.26490100016639395,-0.013130593608035975,-0.5473258899269078,-0.6441590086324702,-1.0149319004571768,-0.7881538179048341,-0.668617921055841,-0.4986928082209321,-0.4269939772562403,-0.020545298821062367,4.0,train
-0.7640821920702062,-0.4164030475790286,0.9798168112492035,0.11113381311838781,-0.7465872499699562,0.03438623722356766,-0.90205240401957,-0.6441590086324702,-1.0149319004571768,-0.7881538179048341,1.4956224900775326,-0.4986928082209321,-0.4269939772562403,0.4053680494318124,3.0,train
1.6825472305585858,-1.3084288370736354,-1.0205989410664063,2.052677050519994,0.26490100016639395,-1.386282878754451,-1.4932632608406737,-0.6441590086324702,-1.9133885064611469,-0.7881538179048341,1.4956224900775326,-0.4986928082209321,-0.4269939772562403,0.6005926204561807,3.0,train
1.2922515845678024,-0.4164030475790286,-1.0205989410664063,-0.8596378055824154,-0.7465872499699562,-1.2609671021101343,0.871580166443741,-0.6441590086324702,-0.11647529445320678,-0.7881538179048341,-0.668617921055841,-0.4986928082209321,-0.4269939772562403,-1.2527273494304647,4.0,train
1.6665276331485164,-0.4164030475790286,-1.0205989410664063,1.081905431819191,0.26490100016639395,-0.053001020247346105,0.3986114809868581,-0.6441590086324702,-1.0149319004571768,-0.7881538179048341,1.4956224900775326,-0.4986928082209321,-0.4269939772562403,-0.6591157699402705,2.0,train
-0.5296135390682802,0.47562274191557835,0.9798168112492035,-0.8596378055824154,1.276389250302744,0.7437378064116162,-0.429083718562687,-0.6441590086324702,-1.0149319004571768,-0.7881538179048341,-0.668617921055841,2.0052424729513594,-0.4269939772562403,-0.18836540423140982,4.0,train
0.5757386822265133,0.47562274191557835,0.9798168112492035,-0.8596378055824154,-1.7580755001063062,-1.2699454377431603,-0.0743572044700248,-0.6441590086324702,0.7819813115507633,-0.7881538179048341,1.4956224900775326,-0.4986928082209321,-0.4269939772562403,0.25943465891478396,3.0,train
-1.7150637474134212,1.3676485314101854,-1.0205989410664063,0.11113381311838781,1.276389250302744,1.1676568396002778,1.6992753659932862,-0.6441590086324702,-0.11647529445320678,1.2687878651128297,-0.668617921055841,-0.4986928082209321,2.3419534074596497,-1.546967715022103,4.0,train
1.351960993096243,-0.4164030475790286,0.9798168112492035,0.11113381311838781,1.276389250302744,-0.7794676196496502,1.4627910232648447,-0.6441590086324702,-1.9133885064611469,-0.7881538179048341,1.4956224900775326,-0.4986928082209321,-0.4269939772562403,-2.055756807565376,4.0,train
-0.022811730095173358,-0.4164030475790286,0.9798168112492035,1.081905431819191,0.26490100016639395,-0.7197098353402366,0.5168536523510788,-0.6441590086324702,-1.0149319004571768,-0.7881538179048341,-0.668617921055841,2.0052424729513594,-0.4269939772562403,-1.083568637458701,4.0,train
-0.06358888713898656,1.3676485314101854,-1.0205989410664063,1.081905431819191,0.26490100016639395,1.3507661558705375,-1.1385367467480114,1.5524117284689836,-0.11647529445320678,-0.7881538179048341,-0.668617921055841,2.0052424729513594,-0.4269939772562403,1.389368145323741,1.0,train
0.3936978025666329,-0.4164030475790286,0.9798168112492035,-0.8596378055824154,0.26490100016639395,-0.7427608511982624,1.1080645091721826,-0.6441590086324702,0.7819813115507633,1.2687878651128297,1.4956224900775326,-0.4986928082209321,-0.4269939772562403,-0.6485061912505752,4.0,train
-0.5106812875836527,-1.3084288370736354,-1.0205989410664063,2.052677050519994,-1.7580755001063062,1.2710410865524997,-0.5473258899269078,-0.6441590086324702,0.7819813115507633,-0.7881538179048341,-0.668617921055841,-0.4986928082209321,-0.4269939772562403,0.41010032738725793,3.0,train
-0.9446667446928075,1.3676485314101854,-1.0205989410664063,-0.8596378055824154,-0.7465872499699562,0.9383364878284162,0.6350958237152996,-0.6441590086324702,-1.0149319004571768,1.2687878651128297,1.4956224900775326,2.0052424729513594,-0.4269939772562403,-0.006419742823044187,4.0,train
1.5340018727561235,-1.3084288370736354,-1.0205989410664063,-0.8596378055824154,0.26490100016639395,1.0412631136000254,1.5810331946290654,-0.6441590086324702,0.7819813115507633,1.2687878651128297,-0.668617921055841,2.0052424729513594,-0.4269939772562403,-0.6873847222724252,4.0,train
0.3135998155162856,-0.4164030475790286,0.9798168112492035,2.052677050519994,-0.7465872499699562,0.9901080605939198,0.9898223378079618,-0.6441590086324702,-0.11647529445320678,-0.7881538179048341,-0.668617921055841,-0.4986928082209321,2.3419534074596497,-0.9899923394349834,4.0,train
0.013596445836802713,-0.4164030475790286,-1.0205989410664063,0.11113381311838781,1.276389250302744,-1.115286721004403,-0.5473258899269078,-0.6441590086324702,-0.11647529445320678,1.2687878651128297,-0.668617921055841,-0.4986928082209321,-0.4269939772562403,0.4338733747613975,3.0,train
-1.2038929573284771,0.47562274191557835,-1.0205989410664063,-0.8596378055824154,0.26490100016639395,-1.5561647394356144,-0.7838102326553492,1.5524117284689836,0.7819813115507633,1.2687878651128297,-0.668617921055841,-0.4986928082209321,2.3419534074596497,0.48981216410122863,3.0,train
0.1694234388256603,-1.3084288370736354,-1.0205989410664063,2.052677050519994,-1.7580755001063062,-0.8987260754560276,-1.0202945753837906,1.5524117284689836,-0.11647529445320678,-0.7881538179048341,-0.668617921055841,2.0052424729513594,-0.4269939772562403,0.7741637612253627,2.0,train
-0.2281538423515184,0.47562274191557835,0.9798168112492035,2.052677050519994,0.26490100016639395,0.078968519501682,1.3445488519006241,-0.6441590086324702,-1.0149319004571768,-0.7881538179048341,-0.668617921055841,-0.4986928082209321,-0.4269939772562403,-1.7709310214579521,4.0,train
0.5873892985247456,-1.3084288370736354,-1.0205989410664063,-0.8596378055824154,-0.7465872499699562,-1.2728292620099317,0.5168536523510788,-0.6441590086324702,-0.11647529445320678,-0.7881538179048341,-0.668617921055841,-0.4986928082209321,-0.4269939772562403,-0.8248655306539765,4.0,train
-0.9854439017366207,-0.4164030475790286,-1.0205989410664063,-0.8596378055824154,1.276389250302744,0.6890253707847497,-0.0743572044700248,-0.6441590086324702,-0.11647529445320678,-0.7881538179048341,-0.668617921055841,-0.4986928082209321,-0.4269939772562403,0.1317086310655617,3.0,train
-1.0786488321224794,0.47562274191557835,0.9798168112492035,-0.8596378055824154,-0.7465872499699562,0.4227036646004791,0.871580166443741,-0.6441590086324702,-1.9133885064611469,1.2687878651128297,1.4956224900775326,-0.4986928082209321,2.3419534074596497,-0.645592599815291,4.0,train
-1.6553543388849805,-1.3084288370736354,0.9798168112492035,2.052677050519994,-1.7580755001063062,-0.03877804765884662,0.9898223378079618,-0.6441590086324702,0.7819813115507633,-0.7881538179048341,1.4956224900775326,-0.4986928082209321,-0.4269939772562403,-1.0491161746610587,4.0,train
-0.2339791505006346,-0.4164030475790286,-1.0205989410664063,0.11113381311838781,0.26490100016639395,0.9828553826386238,-1.0202945753837906,1.5524117284689836,1.6804379175547333,1.2687878651128297,1.4956224900775326,-0.4986928082209321,-0.4269939772562403,1.7791765452843045,0.0,train
1.3679805905063127,-1.3084288370736354,0.9798168112492035,2.052677050519994,0.26490100016639395,-0.4781648992726169,-0.429083718562687,1.5524117284689836,0.7819813115507633,-0.7881538179048341,-0.668617921055841,2.0052424729513594,-0.4269939772562403,1.1084348277046316,2.0,train
-1.0189394235940388,0.47562274191557835,-1.0205989410664063,1.081905431819191,2.2878775004390945,1.4169227345471789,0.04388496689419592,-0.6441590086324702,-0.11647529445320678,-0.7881538179048341,1.4956224900775326,2.0052424729513594,-0.4269939772562403,0.4799425184485163,3.0,train
0.6849632100224415,1.3676485314101854,-1.0205989410664063,1.081905431819191,1.276389250302744,-0.8619435052998501,0.9898223378079618,-0.6441590086324702,-0.11647529445320678,-0.7881538179048341,-0.668617921055841,-0.4986928082209321,2.3419534074596497,-1.471018379754309,4.0,train
0.3383573751500293,-0.4164030475790286,-1.0205989410664063,-0.8596378055824154,0.26490100016639395,-0.11660444642813143,0.16212713825841665,-0.6441590086324702,0.7819813115507633,-0.7881538179048341,-0.668617921055841,2.0052424729513594,-0.4269939772562403,-0.09034557307192902,4.0,train
-0.48738005498718806,-1.3084288370736354,-1.0205989410664063,-0.8596378055824154,-0.7465872499699562,1.3183341608881831,-0.90205240401957,-0.6441590086324702,-1.0149319004571768,1.2687878651128297,-0.668617921055841,-0.4986928082209321,-0.4269939772562403,0.7438779298572273,2.0,train
0.24660877180144958,-0.4164030475790286,0.9798168112492035,-0.8596378055824154,1.276389250302744,0.6750501811309497,1.6992753659932862,1.5524117284689836,1.6804379175547333,1.2687878651128297,-0.668617921055841,-0.4986928082209321,-0.4269939772562403,-0.8443750939482356,4.0,train
1.418952036811079,0.47562274191557835,-1.0205989410664063,1.081905431819191,1.276389250302744,0.9531410846206024,1.2263066805364033,-0.6441590086324702,-0.11647529445320678,-0.7881538179048341,-0.668617921055841,-0.4986928082209321,-0.4269939772562403,-1.1790834281734435,4.0,train
0.8961306304279028,-1.3084288370736354,0.9798168112492035,2.052677050519994,-0.7465872499699562,1.6294571542318323,-1.375021089476453,-0.6441590086324702,-1.9133885064611469,1.2687878651128297,-0.668617921055841,-0.4986928082209321,-0.4269939772562403,0.8833128975929184,2.0,train
-0.6737899157589056,1.3676485314101854,0.9798168112492035,0.11113381311838781,0.26490100016639395,0.028002059540168867,0.5168536523510788,-0.6441590086324702,-0.11647529445320678,-0.7881538179048341,-0.668617921055841,2.0052424729513594,2.3419534074596497,-0.9677407186093314,4.0,train
0.7592358889236727,0.47562274191557835,-1.0205989410664063,0.11113381311838781,-1.7580755001063062,0.03380077374213821,1.6992753659932862,-0.6441590086324702,0.7819813115507633,1.2687878651128297,-0.668617921055841,-0.4986928082209321,2.3419534074596497,-1.497464120669737,4.0,train
-1.6058392196174929,-0.4164030475790286,-1.0205989410664063,2.052677050519994,0.26490100016639395,-0.4599120966225461,0.16212713825841665,1.5524117284689836,0.7819813115507633,-0.7881538179048341,1.4956224900775326,-0.4986928082209321,-0.4269939772562403,0.36978237639200817,3.0,train
-1.3495256610563815,0.47562274191557835,0.9798168112492035,1.081905431819191,-1.7580755001063062,0.795074672308687,0.7533379950795204,1.5524117284689836,-0.11647529445320678,-0.7881538179048341,1.4956224900775326,-0.4986928082209321,-0.4269939772562403,-0.9691648402501558,4.0,train
0.05146094880605783,1.3676485314101854,0.9798168112492035,1.081905431819191,0.26490100016639395,-0.8634422287606872,0.2803693096226374,-0.6441590086324702,0.7819813115507633,1.2687878651128297,-0.668617921055841,-0.4986928082209321,-0.4269939772562403,-0.2826162245451385,4.0,train
1.1539005160262934,0.47562274191557835,0.9798168112492035,-0.8596378055824154,0.26490100016639395,1.6913336981877434,1.1080645091721826,-0.6441590086324702,0.7819813115507633,-0.7881538179048341,-0.668617921055841,-0.4986928082209321,-0.4269939772562403,-0.49935815584522275,4.0,train
-0.32864040792377236,1.3676485314101854,0.9798168112492035,0.11113381311838781,1.276389250302744,-0.6422162869294701,0.04388496689419592,-0.6441590086324702,0.7819813115507633,1.2687878651128297,-0.668617921055841,2.0052424729513594,-0.4269939772562403,0.25312787567182893,3.0,train
-0.30097019421547055,1.3676485314101854,0.9798168112492035,-0.8596378055824154,0.26490100016639395,-0.43077682953242186,-1.0202945753837906,-0.6441590086324702,-1.0149319004571768,-0.7881538179048341,-0.668617921055841,-0.4986928082209321,-0.4269939772562403,0.18841257730165076,3.0,train
-0.5077686335090946,-0.4164030475790286,-1.0205989410664063,0.11113381311838781,0.26490100016639395,-0.2625373666825519,0.7533379950795204,-0.6441590086324702,-1.9133885064611469,1.2687878651128297,-0.668617921055841,2.0052424729513594,-0.4269939772562403,-0.5889169403415425,4.0,train
-0.8223352735613679,1.3676485314101854,0.9798168112492035,-0.8596378055824154,-0.7465872499699562,1.3164113988011286,-0.7838102326553492,-0.6441590086324702,-0.11647529445320678,-0.7881538179048341,-0.668617921055841,-0.4986928082209321,-0.4269939772562403,0.7364983814327084,2.0,train
-0.551458444627466,0.47562274191557835,-1.0205989410664063,0.11113381311838781,-0.7465872499699562,-0.6026867162084003,-1.0202945753837906,-0.6441590086324702,0.7819813115507633,1.2687878651128297,-0.668617921055841,-0.4986928082209321,-0.4269939772562403,1.2382924640867028,1.0,train
-1.096124756569828,1.3676485314101854,-1.0205989410664063,2.052677050519994,1.276389250302744,-0.16465364724433393,-0.19259937583424555,-0.6441590086324702,0.7819813115507633,1.2687878651128297,1.4956224900775326,2.0052424729513594,-0.4269939772562403,0.4719540547774924,3.0,train
0.5815639903756294,1.3676485314101854,-1.0205989410664063,-0.8596378055824154,1.276389250302744,-0.7861419383148505,0.5168536523510788,-0.6441590086324702,0.7819813115507633,1.2687878651128297,-0.668617921055841,-0.4986928082209321,-0.4269939772562403,-0.5617692304353249,4.0,train
1.6971105009313763,-0.4164030475790286,0.9798168112492035,0.11113381311838781,0.26490100016639395,1.031632590262815,-0.90205240401957,-0.6441590086324702,-1.9133885064611469,-0.7881538179048341,-0.668617921055841,-0.4986928082209321,-0.4269939772562403,0.6129892788118063,0.0,train
1.411670401624684,0.47562274191557835,0.9798168112492035,0.11113381311838781,-1.7580755001063062,0.20326186055364,-0.7838102326553492,-0.6441590086324702,-0.11647529445320678,-0.7881538179048341,-0.668617921055841,-0.4986928082209321,-0.4269939772562403,0.6290771682073645,3.0,train
-0.15970647159940338,-1.3084288370736354,0.9798168112492035,-0.8596378055824154,-0.7465872499699562,0.9744794979692799,-0.3108415471984663,-0.6441590086324702,-0.11647529445320678,1.2687878651128297,-0.668617921055841,2.0052424729513594,-0.4269939772562403,0.5703428027705569,3.0,train
-1.6014702385056558,-0.4164030475790286,0.9798168112492035,0.11113381311838781,-0.7465872499699562,0.5590908085818436,1.6992753659932862,-0.6441590086324702,1.6804379175547333,-0.7881538179048341,-0.668617921055841,2.0052424729513594,-0.4269939772562403,-1.0095988681921135,4.0,train
0.2713663314351933,0.47562274191557835,-1.0205989410664063,0.11113381311838781,0.26490100016639395,1.0229367017116375,1.4627910232648447,-0.6441590086324702,-0.11647529445320678,-0.7881538179048341,1.4956224900775326,-0.4986928082209321,-0.4269939772562403,-1.6217158341848852,4.0,train
1.1174923400943173,-0.4164030475790286,-1.0205989410664063,0.11113381311838781,-1.7580755001063062,0.4729529393877627,-1.6115054322048943,-0.6441590086324702,-1.9133885064611469,1.2687878651128297,-0.668617921055841,-0.4986928082209321,2.3419534074596497,0.8811141854590718,2.0,train
0.7199150589171385,-0.4164030475790286,-1.0205989410664063,0.11113381311838781,0.26490100016639395,-0.2358896969130025,-0.7838102326553492,1.5524117284689836,0.7819813115507633,1.2687878651128297,-0.668617921055841,2.0052424729513594,-0.4269939772562403,0.9797155554287132,2.0,train
0.7213713859544175,-0.4164030475790286,-1.0205989410664063,1.081905431819191,1.276389250302744,0.28878022670082637,-0.3108415471984663,1.5524117284689836,-0.11647529445320678,-0.7881538179048341,-0.668617921055841,-0.4986928082209321,2.3419534074596497,-0.0905814977002345,4.0,train
-0.8703940657915763,1.3676485314101854,0.9798168112492035,-0.8596378055824154,-0.7465872499699562,-0.5337983322058306,-1.2567789181122322,-0.6441590086324702,-1.9133885064611469,-0.7881538179048341,-0.668617921055841,-0.4986928082209321,-0.4269939772562403,0.5504943269139924,3.0,train
0.8524408193095314,1.3676485314101854,-1.0205989410664063,0.11113381311838781,-0.7465872499699562,1.3054449193123752,-0.7838102326553492,-0.6441590086324702,0.7819813115507633,-0.7881538179048341,-0.668617921055841,-0.4986928082209321,-0.4269939772562403,0.9192151515012168,2.0,train
-0.2718436534698897,1.3676485314101854,0.9798168112492035,-0.8596378055824154,1.276389250302744,-1.1914117692220898,-0.3108415471984663,-0.6441590086324702,-0.11647529445320678,1.2687878651128297,-0.668617921055841,-0.4986928082209321,-0.4269939772562403,-0.2450458791888714,4.0,train
1.0257437367457376,1.3676485314101854,0.9798168112492035,0.11113381311838781,0.26490100016639395,1.0661573860740357,-1.6115054322048943,1.5524117284689836,1.6804379175547333,-0.7881538179048341,1.4956224900775326,-0.4986928082209321,-0.4269939772562403,2.225886240183057,0.0,train
0.3500079914482616,-0.4164030475790286,-1.0205989410664063,1.081905431819191,0.26490100016639395,1.8092110852020327,1.1080645091721826,-0.6441590086324702,-1.0149319004571768,-0.7881538179048341,1.4956224900775326,2.0052424729513594,-0.4269939772562403,-0.7963810087229367,4.0,train
0.4213680162749347,0.47562274191557835,-1.0205989410664063,1.081905431819191,0.26490100016639395,-0.25688814452395187,-0.90205240401957,1.5524117284689836,0.7819813115507633,-0.7881538179048341,-0.668617921055841,-0.4986928082209321,-0.4269939772562403,1.026680636844414,2.0,train
-0.995638190997574,0.47562274191557835,0.9798168112492035,0.11113381311838781,0.26490100016639395,-0.6332723531247969,-1.729747603569115,-0.6441590086324702,-1.0149319004571768,1.2687878651128297,-0.668617921055841,-0.4986928082209321,2.3419534074596497,1.3570715360977432,1.0,train
-1.5825379870210283,0.47562274191557835,-1.0205989410664063,1.081905431819191,-0.7465872499699562,0.07015071787285654,-0.3108415471984663,1.5524117284689836,1.6804379175547333,-0.7881538179048341,-0.668617921055841,-0.4986928082209321,-0.4269939772562403,0.7480253996502108,2.0,train
-1.4281673210694497,-1.3084288370736354,-1.0205989410664063,-0.8596378055824154,0.26490100016639395,-1.6343453245619757,1.6992753659932862,1.5524117284689836,-1.0149319004571768,1.2687878651128297,-0.668617921055841,-0.4986928082209321,-0.4269939772562403,-1.9193007937980602,4.0,train
-0.7786454624429966,0.47562274191557835,0.9798168112492035,-0.8596378055824154,-0.7465872499699562,0.7378854105802268,-0.429083718562687,1.5524117284689836,-1.9133885064611469,1.2687878651128297,-0.668617921055841,-0.4986928082209321,-0.4269939772562403,0.25662697021633935,3.0,train
-1.4907893836724486,0.47562274191557835,0.9798168112492035,-0.8596378055824154,-0.7465872499699562,0.7904334260624613,-0.0743572044700248,1.5524117284689836,0.7819813115507633,-0.7881538179048341,-0.668617921055841,-0.4986928082209321,-0.4269939772562403,0.47893277472095275,3.0,train
0.19418099845940404,-1.3084288370736354,-1.0205989410664063,1.081905431819191,0.26490100016639395,0.885318113261417,1.4627910232648447,1.5524117284689836,-0.11647529445320678,1.2687878651128297,-0.668617921055841,-0.4986928082209321,-0.4269939772562403,-0.7476091756362104,4.0,train
0.5422431603690953,0.47562274191557835,-1.0205989410664063,0.11113381311838781,-1.7580755001063062,0.11451290831581812,1.1080645091721826,-0.6441590086324702,-0.11647529445320678,-0.7881538179048341,-0.668617921055841,-0.4986928082209321,-0.4269939772562403,-1.2173153691005463,4.0,train
0.6543803422395816,0.47562274191557835,0.9798168112492035,1.081905431819191,0.26490100016639395,1.8079318912360387,0.9898223378079618,1.5524117284689836,-1.0149319004571768,1.2687878651128297,-0.668617921055841,-0.4986928082209321,-0.4269939772562403,-0.5480572047814246,4.0,train
-1.3815648558765203,-1.3084288370736354,0.9798168112492035,1.081905431819191,0.26490100016639395,-0.24379900735465052,0.6350958237152996,-0.6441590086324702,-0.11647529445320678,1.2687878651128297,-0.668617921055841,-0.4986928082209321,-0.4269939772562403,-0.9239786298775524,4.0,train
1.7408003120497475,-0.4164030475790286,0.9798168112492035,-0.8596378055824154,0.26490100016639395,1.4459331121727503,-0.19259937583424555,-0.6441590086324702,-0.11647529445320678,-0.7881538179048341,-0.668617921055841,-0.4986928082209321,2.3419534074596497,0.26307614431484055,1.0,train
0.04854829473149974,0.47562274191557835,0.9798168112492035,-0.8596378055824154,0.26490100016639395,-0.978000770038595,-1.729747603569115,-0.6441590086324702,-0.11647529445320678,1.2687878651128297,1.4956224900775326,-0.4986928082209321,-0.4269939772562403,1.5666386282404783,1.0,train
-1.5548677733127265,1.3676485314101854,-1.0205989410664063,0.11113381311838781,0.26490100016639395,-1.577851212752651,-0.3108415471984663,1.5524117284689836,-1.0149319004571768,1.2687878651128297,1.4956224900775326,-0.4986928082209321,-0.4269939772562403,0.12934633587990324,3.0,train
0.9951608689628776,-1.3084288370736354,0.9798168112492035,2.052677050519994,0.26490100016639395,1.6578466099439655,0.2803693096226374,-0.6441590086324702,-0.11647529445320678,1.2687878651128297,-0.668617921055841,-0.4986928082209321,-0.4269939772562403,0.2864212871413961,3.0,train
0.45923251924418984,0.47562274191557835,-1.0205989410664063,-0.8596378055824154,1.276389250302744,-1.4130317770765708,1.1080645091721826,-0.6441590086324702,-1.0149319004571768,1.2687878651128297,-0.668617921055841,-0.4986928082209321,-0.4269939772562403,-1.531542085436825,4.0,train
0.13301526289368423,-0.4164030475790286,-1.0205989410664063,-0.8596378055824154,-0.7465872499699562,1.1349761347325626,-0.3108415471984663,1.5524117284689836,-0.11647529445320678,-0.7881538179048341,1.4956224900775326,-0.4986928082209321,2.3419534074596497,0.9195453289954124,2.0,train
0.07039320029068538,0.47562274191557835,-1.0205989410664063,2.052677050519994,0.26490100016639395,0.3110789176204539,-1.6115054322048943,-0.6441590086324702,0.7819813115507633,1.2687878651128297,-0.668617921055841,-0.4986928082209321,-0.4269939772562403,1.6973556872774054,1.0,train
0.24515244476417053,1.3676485314101854,-1.0205989410664063,-0.8596378055824154,0.26490100016639395,0.36094146218395645,0.5168536523510788,1.5524117284689836,-0.11647529445320678,-0.7881538179048341,-0.668617921055841,-0.4986928082209321,-0.4269939772562403,-0.5937571502084932,4.0,train
-1.7106947663015841,-1.3084288370736354,-1.0205989410664063,-0.8596378055824154,0.26490100016639395,1.0020482060204372,1.2263066805364033,-0.6441590086324702,-1.0149319004571768,1.2687878651128297,-0.668617921055841,-0.4986928082209321,-0.4269939772562403,-1.6798763838610133,4.0,train
-1.3174864662362424,0.47562274191557835,-1.0205989410664063,-0.8596378055824154,0.26490100016639395,0.5918337809568314,0.3986114809868581,-0.6441590086324702,1.6804379175547333,1.2687878651128297,-0.668617921055841,-0.4986928082209321,-0.4269939772562403,-0.051430515441012126,4.0,train
0.9471020767326692,1.3676485314101854,0.9798168112492035,1.081905431819191,0.26490100016639395,0.002316189956340711,-0.429083718562687,-0.6441590086324702,0.7819813115507633,1.2687878651128297,-0.668617921055841,-0.4986928082209321,2.3419534074596497,0.6600941102402833,2.0,train
0.4810774248033755,0.47562274191557835,0.9798168112492035,0.11113381311838781,-0.7465872499699562,-0.5737520959328103,-0.5473258899269078,-0.6441590086324702,0.7819813115507633,-0.7881538179048341,-0.668617921055841,2.0052424729513594,-0.4269939772562403,0.38504341656681734,3.0,train
-0.05921990602714943,-1.3084288370736354,0.9798168112492035,-0.8596378055824154,-0.7465872499699562,0.48038723556115487,0.3986114809868581,-0.6441590086324702,-0.11647529445320678,1.2687878651128297,-0.668617921055841,-0.4986928082209321,-0.4269939772562403,-0.5139406309502181,4.0,train
-0.2966012131036334,-0.4164030475790286,-1.0205989410664063,-0.8596378055824154,0.26490100016639395,-0.17112228037557295,-0.429083718562687,-0.6441590086324702,0.7819813115507633,-0.7881538179048341,-0.668617921055841,2.0052424729513594,-0.4269939772562403,0.4054410897051144,3.0,train
0.15049118734103276,-0.4164030475790286,0.9798168112492035,0.11113381311838781,-0.7465872499699562,0.7842771613790255,-0.7838102326553492,1.5524117284689836,-0.11647529445320678,1.2687878651128297,-0.668617921055841,-0.4986928082209321,-0.4269939772562403,0.9888654252162659,2.0,train
-0.012617440834220058,-1.3084288370736354,-1.0205989410664063,-0.8596378055824154,-0.7465872499699562,-0.11012037023659947,0.6350958237152996,-0.6441590086324702,-0.11647529445320678,1.2687878651128297,1.4956224900775326,2.0052424729513594,-0.4269939772562403,-0.11700849605651588,4.0,train
0.5378741792572581,0.47562274191557835,-1.0205989410664063,-0.8596378055824154,0.26490100016639395,-0.2331881855244722,-0.6655680612911284,-0.6441590086324702,0.7819813115507633,-0.7881538179048341,-0.668617921055841,-0.4986928082209321,-0.4269939772562403,0.6745156494082954,2.0,train
1.314096490126988,-0.4164030475790286,-1.0205989410664063,-0.8596378055824154,-0.7465872499699562,0.8360446518230044,0.5168536523510788,-0.6441590086324702,1.6804379175547333,1.2687878651128297,1.4956224900775326,-0.4986928082209321,-0.4269939772562403,-0.002104018180885825,4.0,train
-0.6388380668642085,0.47562274191557835,-1.0205989410664063,-0.8596378055824154,0.26490100016639395,-0.523178591252534,-1.0202945753837906,-0.6441590086324702,-0.11647529445320678,-0.7881538179048341,-0.668617921055841,-0.4986928082209321,2.3419534074596497,0.7705863080997407,2.0,train
1.618468840918308,1.3676485314101854,0.9798168112492035,2.052677050519994,1.276389250302744,1.137744406525375,0.6350958237152996,-0.6441590086324702,-1.0149319004571768,-0.7881538179048341,-0.668617921055841,2.0052424729513594,-0.4269939772562403,-0.6604922587590317,3.0,train
-1.129620278427246,-0.4164030475790286,-1.0205989410664063,0.11113381311838781,2.2878775004390945,-0.9775778133410155,0.6350958237152996,1.5524117284689836,-0.11647529445320678,-0.7881538179048341,1.4956224900775326,-0.4986928082209321,-0.4269939772562403,-0.4973757583591545,4.0,train
-1.0713671969360843,-0.4164030475790286,-1.0205989410664063,-0.8596378055824154,0.26490100016639395,-0.560798142051526,0.2803693096226374,-0.6441590086324702,-1.9133885064611469,1.2687878651128297,1.4956224900775326,-0.4986928082209321,-0.4269939772562403,-0.4157709349702219,4.0,train
-0.41165104904867783,-0.4164030475790286,-1.0205989410664063,-0.8596378055824154,0.26490100016639395,1.4219315609053027,-1.2567789181122322,-0.6441590086324702,0.7819813115507633,1.2687878651128297,-0.668617921055841,-0.4986928082209321,-0.4269939772562403,1.2604678551969,1.0,train
0.8844800141296704,1.3676485314101854,0.9798168112492035,-0.8596378055824154,-1.7580755001063062,-0.5387655319292743,-0.3108415471984663,-0.6441590086324702,1.6804379175547333,-0.7881538179048341,-0.668617921055841,-0.4986928082209321,-0.4269939772562403,0.6527971641675638,3.0,train
-0.9534047069164817,-0.4164030475790286,-1.0205989410664063,0.11113381311838781,0.26490100016639395,1.5572699784006203,-0.429083718562687,-0.6441590086324702,-1.9133885064611469,-0.7881538179048341,1.4956224900775326,-0.4986928082209321,-0.4269939772562403,0.17306710070330983,3.0,train
1.4888557346004732,1.3676485314101854,-1.0205989410664063,-0.8596378055824154,1.276389250302744,-0.3780036508896923,-0.3108415471984663,-0.6441590086324702,-1.9133885064611469,-0.7881538179048341,-0.668617921055841,-0.4986928082209321,-0.4269939772562403,-0.6603279465916808,3.0,train
0.8597224544959267,1.3676485314101854,0.9798168112492035,-0.8596378055824154,0.26490100016639395,-0.1201974029285061,0.9898223378079618,-0.6441590086324702,-1.0149319004571768,-0.7881538179048341,-0.668617921055841,-0.4986928082209321,-0.4269939772562403,-1.2571204287618347,4.0,train
-0.44223391683153773,-1.3084288370736354,-1.0205989410664063,-0.8596378055824154,0.26490100016639395,-0.1252220232100779,-0.429083718562687,1.5524117284689836,-1.0149319004571768,-0.7881538179048341,-0.668617921055841,-0.4986928082209321,-0.4269939772562403,0.44724009792698083,3.0,train
0.3019491992180532,-0.4164030475790286,0.9798168112492035,0.11113381311838781,-0.7465872499699562,-1.5033336895516136,-0.429083718562687,-0.6441590086324702,-0.11647529445320678,1.2687878651128297,-0.668617921055841,2.0052424729513594,-0.4269939772562403,0.32263562619979885,3.0,train
-0.5660217150002563,-1.3084288370736354,0.9798168112492035,-0.8596378055824154,0.26490100016639395,-0.9408972935720842,0.16212713825841665,-0.6441590086324702,-0.11647529445320678,-0.7881538179048341,-0.668617921055841,-0.4986928082209321,2.3419534074596497,-0.5073572187058075,4.0,train
-0.8179662924495308,-0.4164030475790286,-1.0205989410664063,2.052677050519994,0.26490100016639395,-0.9289243661020227,0.3986114809868581,1.5524117284689836,0.7819813115507633,1.2687878651128297,1.4956224900775326,-0.4986928082209321,-0.4269939772562403,-0.2891208108882004,4.0,train
0.5932146066738618,-1.3084288370736354,0.9798168112492035,-0.8596378055824154,0.26490100016639395,-0.5168925371995974,-1.375021089476453,1.5524117284689836,1.6804379175547333,-0.7881538179048341,-0.668617921055841,-0.4986928082209321,-0.4269939772562403,1.8271228664061103,0.0,train
-0.1538811634502872,1.3676485314101854,-1.0205989410664063,-0.8596378055824154,0.26490100016639395,0.6143430756993007,1.4627910232648447,1.5524117284689836,1.6804379175547333,-0.7881538179048341,1.4956224900775326,-0.4986928082209321,-0.4269939772562403,-1.0116040113179423,4.0,train
-0.8208789465240889,-1.3084288370736354,-1.0205989410664063,-0.8596378055824154,-0.7465872499699562,-0.80852094267113,-0.0743572044700248,-0.6441590086324702,-0.11647529445320678,-0.7881538179048341,-0.668617921055841,-0.4986928082209321,-0.4269939772562403,0.06354798354386172,4.0,train
1.516525948308775,0.47562274191557835,-1.0205989410664063,0.11113381311838781,1.276389250302744,-1.3296344717817759,0.7533379950795204,1.5524117284689836,0.7819813115507633,-0.7881538179048341,-0.668617921055841,-0.4986928082209321,-0.4269939772562403,-0.6103161313186636,0.0,train
-0.6432070479760457,-0.4164030475790286,0.9798168112492035,1.081905431819191,0.26490100016639395,1.199901715822833,0.6350958237152996,-0.6441590086324702,-0.11647529445320678,1.2687878651128297,1.4956224900775326,-0.4986928082209321,-0.4269939772562403,-0.06826221877199741,4.0,train
-0.928647147282738,1.3676485314101854,0.9798168112492035,1.081905431819191,-1.7580755001063062,-1.4107739123467953,-0.7838102326553492,1.5524117284689836,-0.11647529445320678,1.2687878651128297,1.4956224900775326,-0.4986928082209321,-0.4269939772562403,0.7673771652539126,2.0,train
-1.332049736609033,1.3676485314101854,-1.0205989410664063,-0.8596378055824154,-1.7580755001063062,-0.2831565645476645,-0.7838102326553492,1.5524117284689836,0.7819813115507633,-0.7881538179048341,-0.668617921055841,2.0052424729513594,-0.4269939772562403,1.1586753073871758,2.0,train
-1.372826893652846,-1.3084288370736354,-1.0205989410664063,-0.8596378055824154,2.2878775004390945,0.6451550395443862,-1.375021089476453,-0.6441590086324702,0.7819813115507633,-0.7881538179048341,-0.668617921055841,-0.4986928082209321,2.3419534074596497,1.3242929532001535,1.0,train
1.6359447653656565,0.47562274191557835,-1.0205989410664063,-0.8596378055824154,0.26490100016639395,-0.07135719090741627,-1.729747603569115,-0.6441590086324702,1.6804379175547333,1.2687878651128297,-0.668617921055841,2.0052424729513594,2.3419534074596497,2.2784822848638417,3.0,train
-1.6247714711021206,0.47562274191557835,-1.0205989410664063,2.052677050519994,-0.7465872499699562,-1.5425726173320369,-1.0202945753837906,-0.6441590086324702,-1.0149319004571768,-0.7881538179048341,1.4956224900775326,-0.4986928082209321,-0.4269939772562403,0.19230462854153652,3.0,train
-0.8398111980087164,0.47562274191557835,0.9798168112492035,-0.8596378055824154,-0.7465872499699562,-1.7196120832640753,0.5168536523510788,-0.6441590086324702,0.7819813115507633,1.2687878651128297,-0.668617921055841,-0.4986928082209321,-0.4269939772562403,-0.556621437394248,4.0,train
-0.06650154121354465,-1.3084288370736354,-1.0205989410664063,-0.8596378055824154,-0.7465872499699562,-1.2743564296148135,-0.5473258899269078,-0.6441590086324702,0.7819813115507633,-0.7881538179048341,-0.668617921055841,-0.4986928082209321,-0.4269939772562403,0.2020545092311903,3.0,train
0.2233075392049849,-1.3084288370736354,0.9798168112492035,1.081905431819191,-1.7580755001063062,-1.6421428242633085,1.2263066805364033,-0.6441590086324702,-1.0149319004571768,1.2687878651128297,-0.668617921055841,-0.4986928082209321,-0.4269939772562403,-1.5682565389637155,4.0,train
0.04417931361966261,0.47562274191557835,-1.0205989410664063,1.081905431819191,1.276389250302744,0.3519839497789197,1.5810331946290654,-0.6441590086324702,-1.0149319004571768,-0.7881538179048341,-0.668617921055841,-0.4986928082209321,-0.4269939772562403,-1.8256443660707822,4.0,train
1.2747756601204538,0.47562274191557835,-1.0205989410664063,-0.8596378055824154,-0.7465872499699562,-0.12116222084944381,-1.6115054322048943,1.5524117284689836,1.6804379175547333,-0.7881538179048341,1.4956224900775326,2.0052424729513594,-0.4269939772562403,2.0324021854753047,0.0,train
-0.3883498164522131,-1.3084288370736354,0.9798168112492035,-0.8596378055824154,1.276389250302744,0.4268232160985478,1.1080645091721826,-0.6441590086324702,0.7819813115507633,-0.7881538179048341,1.4956224900775326,-0.4986928082209321,-0.4269939772562403,-0.788362192479535,4.0,train
-1.1543778380609897,-1.3084288370736354,0.9798168112492035,0.11113381311838781,-0.7465872499699562,0.786359080090555,0.6350958237152996,-0.6441590086324702,-0.11647529445320678,-0.7881538179048341,-0.668617921055841,-0.4986928082209321,-0.4269939772562403,-0.7202074447221403,4.0,train
1.3344850686488947,-0.4164030475790286,0.9798168112492035,-0.8596378055824154,1.276389250302744,-0.28527584414675955,0.16212713825841665,-0.6441590086324702,-0.11647529445320678,-0.7881538179048341,-0.668617921055841,-0.4986928082209321,-0.4269939772562403,-0.5276535934375235,4.0,train
0.6106905311212103,0.47562274191557835,0.9798168112492035,-0.8596378055824154,1.276389250302744,-1.5166846874429092,-1.1385367467480114,-0.6441590086324702,0.7819813115507633,-0.7881538179048341,-0.668617921055841,-0.4986928082209321,2.3419534074596497,0.007900010816215237,4.0,train
0.941276768583553,1.3676485314101854,0.9798168112492035,-0.8596378055824154,1.276389250302744,-1.583938590055708,0.871580166443741,-0.6441590086324702,-0.11647529445320678,-0.7881538179048341,-0.668617921055841,2.0052424729513594,-0.4269939772562403,-1.463223123938839,4.0,train
0.6747689207614882,1.3676485314101854,0.9798168112492035,0.11113381311838781,-1.7580755001063062,-1.5732477393736992,0.9898223378079618,-0.6441590086324702,-1.9133885064611469,1.2687878651128297,-0.668617921055841,-0.4986928082209321,-0.4269939772562403,-1.5943621453176007,4.0,train
-1.200980303253919,1.3676485314101854,-1.0205989410664063,-0.8596378055824154,-0.7465872499699562,-0.824046081178511,0.871580166443741,-0.6441590086324702,-0.11647529445320678,-0.7881538179048341,-0.668617921055841,2.0052424729513594,-0.4269939772562403,-1.686231018515836,4.0,train
0.2742789855097514,-1.3084288370736354,-1.0205989410664063,1.081905431819191,-1.7580755001063062,-1.1158095691476484,-1.1385367467480114,-0.6441590086324702,-1.9133885064611469,-0.7881538179048341,-0.668617921055841,-0.4986928082209321,-0.4269939772562403,0.7784603924418269,2.0,train
1.212153597517455,-0.4164030475790286,0.9798168112492035,-0.8596378055824154,-1.7580755001063062,1.594741315869961,-1.729747603569115,1.5524117284689836,1.6804379175547333,1.2687878651128297,-0.668617921055841,-0.4986928082209321,2.3419534074596497,2.2784822848638417,0.0,train
0.057286256955174,1.3676485314101854,-1.0205989410664063,1.081905431819191,-1.7580755001063062,1.7647099077625608,-1.4932632608406737,1.5524117284689836,-1.9133885064611469,1.2687878651128297,-0.668617921055841,-0.4986928082209321,-0.4269939772562403,1.753406371183679,0.0,train
-0.006792132685103887,0.47562274191557835,0.9798168112492035,1.081905431819191,2.2878775004390945,1.0863445503171076,0.3986114809868581,-0.6441590086324702,0.7819813115507633,1.2687878651128297,-0.668617921055841,-0.4986928082209321,-0.4269939772562403,0.04069710066563399,4.0,train
-1.4514685536659144,0.47562274191557835,0.9798168112492035,1.081905431819191,1.276389250302744,-1.4423372815550548,1.5810331946290654,-0.6441590086324702,0.7819813115507633,1.2687878651128297,-0.668617921055841,-0.4986928082209321,-0.4269939772562403,-1.425823049369989,4.0,train
-0.12038564159286923,0.47562274191557835,0.9798168112492035,0.11113381311838781,-0.7465872499699562,0.09263200589895461,-1.4932632608406737,-0.6441590086324702,0.7819813115507633,1.2687878651128297,1.4956224900775326,-0.4986928082209321,-0.4269939772562403,1.932784831619612,0.0,train
-1.3932154721747527,1.3676485314101854,-1.0205989410664063,1.081905431819191,0.26490100016639395,0.21001612320192498,0.16212713825841665,-0.6441590086324702,-1.0149319004571768,1.2687878651128297,-0.668617921055841,2.0052424729513594,-0.4269939772562403,-0.32529389274678383,4.0,train
-1.6670049551832127,-0.4164030475790286,0.9798168112492035,1.081905431819191,-1.7580755001063062,-1.3309732318262615,-0.3108415471984663,1.5524117284689836,-1.0149319004571768,1.2687878651128297,-0.668617921055841,2.0052424729513594,-0.4269939772562403,0.0966025515870166,4.0,train
-0.9737932854383884,-0.4164030475790286,0.9798168112492035,-0.8596378055824154,0.26490100016639395,-0.45886485152303536,-1.729747603569115,-0.6441590086324702,-0.11647529445320678,1.2687878651128297,1.4956224900775326,2.0052424729513594,-0.4269939772562403,2.1321766433259306,0.0,train
-0.5456331364783498,1.3676485314101854,0.9798168112492035,0.11113381311838781,0.26490100016639395,-0.10315783675141899,-1.2567789181122322,-0.6441590086324702,0.7819813115507633,-0.7881538179048341,1.4956224900775326,-0.4986928082209321,-0.4269939772562403,1.240730401359751,1.0,train
-0.930103474320017,-0.4164030475790286,0.9798168112492035,2.052677050519994,1.276389250302744,1.1584376252104958,-1.729747603569115,-0.6441590086324702,0.7819813115507633,1.2687878651128297,-0.668617921055841,-0.4986928082209321,-0.4269939772562403,1.8954616634771324,0.0,train
-1.5971012573938188,-1.3084288370736354,-1.0205989410664063,-0.8596378055824154,-0.7465872499699562,1.3890896176755965,1.1080645091721826,-0.6441590086324702,-0.11647529445320678,-0.7881538179048341,-0.668617921055841,-0.4986928082209321,-0.4269939772562403,-1.2733653420581668,4.0,train
-1.5126342892316342,-0.4164030475790286,-1.0205989410664063,-0.8596378055824154,0.26490100016639395,0.12143391270204486,-1.0202945753837906,-0.6441590086324702,-0.11647529445320678,-0.7881538179048341,-0.668617921055841,-0.4986928082209321,-0.4269939772562403,0.961131311525865,2.0,train
1.244192792337594,-0.4164030475790286,-1.0205989410664063,-0.8596378055824154,1.276389250302744,-0.2906037079566792,1.1080645091721826,-0.6441590086324702,-1.0149319004571768,1.2687878651128297,1.4956224900775326,2.0052424729513594,-0.4269939772562403,-0.8462565492544353,4.0,train
-1.4602065158895887,0.47562274191557835,0.9798168112492035,0.11113381311838781,-0.7465872499699562,1.4811782732715018,-0.3108415471984663,-0.6441590086324702,-0.11647529445320678,-0.7881538179048341,-0.668617921055841,-0.4986928082209321,-0.4269939772562403,0.38842779693048424,3.0,train
0.34563901033642447,1.3676485314101854,0.9798168112492035,-0.8596378055824154,-0.7465872499699562,1.397909630323432,1.2263066805364033,1.5524117284689836,-0.11647529445320678,1.2687878651128297,-0.668617921055841,-0.4986928082209321,-0.4269939772562403,-0.6790620833185446,4.0,train
-1.1179696621290136,-1.3084288370736354,0.9798168112492035,2.052677050519994,-0.7465872499699562,-0.583699344178264,-0.3108415471984663,-0.6441590086324702,-0.11647529445320678,1.2687878651128297,1.4956224900775326,-0.4986928082209321,-0.4269939772562403,0.13890355833105877,3.0,train
-0.3271840808864933,0.47562274191557835,0.9798168112492035,-0.8596378055824154,-0.7465872499699562,1.5528670187573068,1.1080645091721826,-0.6441590086324702,-1.0149319004571768,1.2687878651128297,-0.668617921055841,-0.4986928082209321,2.3419534074596497,-1.1472299996725959,4.0,train
-0.4247579923841892,0.47562274191557835,0.9798168112492035,0.11113381311838781,-0.7465872499699562,-0.6064522239844148,-1.0202945753837906,1.5524117284689836,-0.11647529445320678,-0.7881538179048341,-0.668617921055841,2.0052424729513594,-0.4269939772562403,0.7791516283239797,2.0,train
-0.9373851095064123,-1.3084288370736354,0.9798168112492035,1.081905431819191,-0.7465872499699562,1.5977020761647944,0.871580166443741,-0.6441590086324702,-1.0149319004571768,-0.7881538179048341,1.4956224900775326,-0.4986928082209321,-0.4269939772562403,-0.7929823558811655,4.0,train
1.6708966142603536,-1.3084288370736354,-1.0205989410664063,-0.8596378055824154,-0.7465872499699562,-0.31592854608468424,-1.1385367467480114,-0.6441590086324702,0.7819813115507633,-0.7881538179048341,-0.668617921055841,-0.4986928082209321,-0.4269939772562403,1.1037931117885946,0.0,train
1.4000197853264515,0.47562274191557835,0.9798168112492035,1.081905431819191,1.276389250302744,0.8253990583679398,-1.4932632608406737,1.5524117284689836,-0.11647529445320678,1.2687878651128297,-0.668617921055841,-0.4986928082209321,2.3419534074596497,1.8845179036286832,0.0,train
-0.6082551990813486,1.3676485314101854,-1.0205989410664063,0.11113381311838781,-0.7465872499699562,1.4558136814061031,0.7533379950795204,1.5524117284689836,-1.9133885064611469,-0.7881538179048341,-0.668617921055841,-0.4986928082209321,-0.4269939772562403,-0.7367013240694511,4.0,train
1.5922549542472852,-1.3084288370736354,-1.0205989410664063,-0.8596378055824154,-1.7580755001063062,1.672224662203463,-0.3108415471984663,-0.6441590086324702,-0.11647529445320678,1.2687878651128297,-0.668617921055841,-0.4986928082209321,2.3419534074596497,0.5689241268069519,3.0,train
1.0810841641623412,-0.4164030475790286,-1.0205989410664063,-0.8596378055824154,1.276389250302744,-0.5634000545582264,-1.4932632608406737,1.5524117284689836,-0.11647529445320678,-0.7881538179048341,1.4956224900775326,-0.4986928082209321,-0.4269939772562403,1.7091386365904575,1.0,train
0.6835068829851625,-0.4164030475790286,-1.0205989410664063,-0.8596378055824154,0.26490100016639395,1.3130735560772613,1.1080645091721826,1.5524117284689836,-1.9133885064611469,-0.7881538179048341,-0.668617921055841,-0.4986928082209321,-0.4269939772562403,-1.1860399327491256,4.0,train
0.2888422558825418,-1.3084288370736354,-1.0205989410664063,0.11113381311838781,-0.7465872499699562,-0.3241728928891261,1.5810331946290654,1.5524117284689836,-0.11647529445320678,1.2687878651128297,-0.668617921055841,-0.4986928082209321,-0.4269939772562403,-1.2049309723251205,4.0,train
-0.27766896161900584,-1.3084288370736354,-1.0205989410664063,1.081905431819191,-0.7465872499699562,-1.1783440285361408,0.5168536523510788,-0.6441590086324702,-0.11647529445320678,-0.7881538179048341,-0.668617921055841,2.0052424729513594,2.3419534074596497,-0.8955807421598713,4.0,train
-1.5490424651636103,-1.3084288370736354,-1.0205989410664063,1.081905431819191,-0.7465872499699562,1.0843037098208392,-1.2567789181122322,1.5524117284689836,-0.11647529445320678,-0.7881538179048341,1.4956224900775326,-0.4986928082209321,-0.4269939772562403,1.8260114235716165,0.0,train
-0.8500054872696697,1.3676485314101854,-1.0205989410664063,0.11113381311838781,-1.7580755001063062,-1.635434445507371,-0.19259937583424555,-0.6441590086324702,-1.0149319004571768,1.2687878651128297,-0.668617921055841,-0.4986928082209321,-0.4269939772562403,-0.3408251842167117,4.0,train
-0.5500021175901869,1.3676485314101854,-1.0205989410664063,-0.8596378055824154,-0.7465872499699562,-1.3068430151224848,0.871580166443741,1.5524117284689836,-1.0149319004571768,1.2687878651128297,-0.668617921055841,-0.4986928082209321,-0.4269939772562403,-0.8973447398896185,4.0,train
-0.4553408601670491,1.3676485314101854,0.9798168112492035,1.081905431819191,1.276389250302744,0.23996519090072746,-1.2567789181122322,-0.6441590086324702,-0.11647529445320678,1.2687878651128297,-0.668617921055841,-0.4986928082209321,-0.4269939772562403,1.0561236738553803,2.0,train
-1.3466130069818234,1.3676485314101854,-1.0205989410664063,0.11113381311838781,0.26490100016639395,-0.8118317300233369,-0.19259937583424555,-0.6441590086324702,0.7819813115507633,-0.7881538179048341,-0.668617921055841,-0.4986928082209321,2.3419534074596497,-0.3962346731683435,4.0,train
0.9718596363664129,-0.4164030475790286,0.9798168112492035,0.11113381311838781,1.276389250302744,-0.9693639639823008,-0.19259937583424555,-0.6441590086324702,0.7819813115507633,1.2687878651128297,-0.668617921055841,-0.4986928082209321,-0.4269939772562403,0.24819133613699373,3.0,train
-0.8835010091270877,-1.3084288370736354,0.9798168112492035,-0.8596378055824154,0.26490100016639395,0.4990744498051934,-1.729747603569115,-0.6441590086324702,0.7819813115507633,-0.7881538179048341,-0.668617921055841,-0.4986928082209321,-0.4269939772562403,1.8085241315781937,0.0,train
0.30340552625533224,-0.4164030475790286,-1.0205989410664063,0.11113381311838781,-0.7465872499699562,-0.762221238545934,0.2803693096226374,1.5524117284689836,-1.0149319004571768,-0.7881538179048341,-0.668617921055841,2.0052424729513594,-0.4269939772562403,-0.19420553357900866,4.0,train
-1.4252546669948916,-1.3084288370736354,0.9798168112492035,-0.8596378055824154,0.26490100016639395,0.18573914381821258,-1.0202945753837906,-0.6441590086324702,-1.9133885064611469,1.2687878651128297,-0.668617921055841,2.0052424729513594,-0.4269939772562403,0.7522089230099883,2.0,train
-1.3203991203108005,1.3676485314101854,-1.0205989410664063,1.081905431819191,-1.7580755001063062,-0.35843514504625773,-1.1385367467480114,-0.6441590086324702,-1.0149319004571768,-0.7881538179048341,-0.668617921055841,-0.4986928082209321,-0.4269939772562403,0.3542940888513466,3.0,train
1.5645847405389834,-1.3084288370736354,-1.0205989410664063,-0.8596378055824154,0.26490100016639395,1.7288868373794521,-1.1385367467480114,-0.6441590086324702,-0.11647529445320678,-0.7881538179048341,-0.668617921055841,-0.4986928082209321,2.3419534074596497,0.9778526936798565,2.0,train
-1.4951583647842857,-0.4164030475790286,0.9798168112492035,1.081905431819191,0.26490100016639395,-0.7700413239027375,0.6350958237152996,-0.6441590086324702,-0.11647529445320678,-0.7881538179048341,1.4956224900775326,-0.4986928082209321,-0.4269939772562403,-0.624002360277947,4.0,train
-1.3087485040125681,0.47562274191557835,0.9798168112492035,-0.8596378055824154,-0.7465872499699562,0.10101337731080294,-0.429083718562687,1.5524117284689836,0.7819813115507633,-0.7881538179048341,-0.668617921055841,-0.4986928082209321,-0.4269939772562403,0.10330084316543463,4.0,train
1.2325421760393616,-1.3084288370736354,0.9798168112492035,-0.8596378055824154,-0.7465872499699562,1.2879149676409998,1.3445488519006241,1.5524117284689836,0.7819813115507633,1.2687878651128297,1.4956224900775326,-0.4986928082209321,-0.4269939772562403,-0.5171267447846383,4.0,train
-1.4485558995913563,1.3676485314101854,0.9798168112492035,0.11113381311838781,-0.7465872499699562,-0.28998467939779526,0.3986114809868581,-0.6441590086324702,-1.0149319004571768,-0.7881538179048341,-0.668617921055841,-0.4986928082209321,-0.4269939772562403,-0.7177294789127027,4.0,train
1.557303105352588,-1.3084288370736354,0.9798168112492035,0.11113381311838781,0.26490100016639395,-1.350655077159013,-1.0202945753837906,-0.6441590086324702,-0.11647529445320678,-0.7881538179048341,1.4956224900775326,2.0052424729513594,-0.4269939772562403,0.9732324763758112,3.0,train
1.7058484631550506,-1.3084288370736354,0.9798168112492035,2.052677050519994,-0.7465872499699562,-0.05433270025986174,0.3986114809868581,-0.6441590086324702,0.7819813115507633,-0.7881538179048341,-0.668617921055841,2.0052424729513594,-0.4269939772562403,-0.4794775940538501,1.0,train
-0.38689348941493407,0.47562274191557835,-1.0205989410664063,1.081905431819191,0.26490100016639395,-1.016206201696178,0.2803693096226374,-0.6441590086324702,0.7819813115507633,-0.7881538179048341,-0.668617921055841,-0.4986928082209321,-0.4269939772562403,-0.5370925955752944,4.0,train
0.6951574992833948,-1.3084288370736354,-1.0205989410664063,-0.8596378055824154,0.26490100016639395,-1.5625784865588186,-0.429083718562687,-0.6441590086324702,-0.11647529445320678,-0.7881538179048341,-0.668617921055841,-0.4986928082209321,-0.4269939772562403,-0.04218168313826056,4.0,train
1.3301160875370575,-0.4164030475790286,-1.0205989410664063,0.11113381311838781,-0.7465872499699562,0.8816659391981565,-0.90205240401957,-0.6441590086324702,0.7819813115507633,1.2687878651128297,-0.668617921055841,-0.4986928082209321,-0.4269939772562403,0.9829383181683261,2.0,train
0.5961272607484198,0.47562274191557835,0.9798168112492035,-0.8596378055824154,0.26490100016639395,1.3282181084834168,-1.6115054322048943,-0.6441590086324702,0.7819813115507633,-0.7881538179048341,-0.668617921055841,2.0052424729513594,2.3419534074596497,1.6225492318038173,1.0,train
0.5247672359217468,-0.4164030475790286,-1.0205989410664063,-0.8596378055824154,-0.7465872499699562,-0.8258812379674144,-1.0202945753837906,1.5524117284689836,-0.11647529445320678,1.2687878651128297,-0.668617921055841,-0.4986928082209321,2.3419534074596497,0.9426170678672884,2.0,train
-0.6927221672435331,-0.4164030475790286,0.9798168112492035,1.081905431819191,-0.7465872499699562,0.7883554615951843,0.2803693096226374,-0.6441590086324702,1.6804379175547333,-0.7881538179048341,1.4956224900775326,-0.4986928082209321,-0.4269939772562403,0.5001612110829248,3.0,train
-1.5956449303565396,0.47562274191557835,0.9798168112492035,1.081905431819191,-0.7465872499699562,-0.6502793779927591,0.9898223378079618,1.5524117284689836,-1.0149319004571768,1.2687878651128297,1.4956224900775326,-0.4986928082209321,2.3419534074596497,-0.6783036266475219,4.0,train
0.37039656997016823,1.3676485314101854,-1.0205989410664063,-0.8596378055824154,-0.7465872499699562,-0.7371472541231565,-0.429083718562687,-0.6441590086324702,-0.11647529445320678,-0.7881538179048341,-0.668617921055841,2.0052424729513594,-0.4269939772562403,-0.1329462884442722,4.0,train
-1.7063257851897469,1.3676485314101854,0.9798168112492035,-0.8596378055824154,-0.7465872499699562,-0.4100521642506364,0.04388496689419592,-0.6441590086324702,-0.11647529445320678,-0.7881538179048341,-0.668617921055841,-0.4986928082209321,-0.4269939772562403,-0.4248307232605544,4.0,train
0.6966138263206738,-1.3084288370736354,-1.0205989410664063,-0.8596378055824154,-1.7580755001063062,1.5494689518080944,0.871580166443741,-0.6441590086324702,-1.9133885064611469,-0.7881538179048341,1.4956224900775326,-0.4986928082209321,-0.4269939772562403,-1.361801993185664,4.0,train
0.8684604167196008,0.47562274191557835,0.9798168112492035,-0.8596378055824154,1.276389250302744,0.309339327206435,-0.7838102326553492,-0.6441590086324702,1.6804379175547333,-0.7881538179048341,-0.668617921055841,-0.4986928082209321,2.3419534074596497,0.6615322755096801,2.0,train
-0.517962922770048,0.47562274191557835,-1.0205989410664063,-0.8596378055824154,-1.7580755001063062,-0.03956650792018088,-0.90205240401957,-0.6441590086324702,-1.0149319004571768,-0.7881538179048341,1.4956224900775326,-0.4986928082209321,-0.4269939772562403,0.4939185605566398,3.0,train
-0.624274796491418,1.3676485314101854,-1.0205989410664063,-0.8596378055824154,-0.7465872499699562,-1.1393130643903095,-1.6115054322048943,-0.6441590086324702,-1.9133885064611469,-0.7881538179048341,1.4956224900775326,-0.4986928082209321,-0.4269939772562403,0.9035087527804159,2.0,train
-0.9432104176555285,-0.4164030475790286,-1.0205989410664063,-0.8596378055824154,-1.7580755001063062,1.4887978203736154,-0.19259937583424555,-0.6441590086324702,-1.0149319004571768,-0.7881538179048341,-0.668617921055841,2.0052424729513594,-0.4269939772562403,0.33482130642952385,3.0,train
0.06602421917884825,1.3676485314101854,0.9798168112492035,-0.8596378055824154,-0.7465872499699562,0.30700554485085796,0.7533379950795204,1.5524117284689836,1.6804379175547333,-0.7881538179048341,-0.668617921055841,2.0052424729513594,-0.4269939772562403,0.10552419699287618,4.0,train
-1.0480659643396195,-1.3084288370736354,0.9798168112492035,-0.8596378055824154,-0.7465872499699562,-1.4617230997331436,1.2263066805364033,1.5524117284689836,-0.11647529445320678,1.2687878651128297,-0.668617921055841,-0.4986928082209321,-0.4269939772562403,-0.9218511629747747,4.0,train
0.06456789214156922,-1.3084288370736354,-1.0205989410664063,-0.8596378055824154,-1.7580755001063062,1.034946822604773,-0.90205240401957,1.5524117284689836,0.7819813115507633,-0.7881538179048341,1.4956224900775326,-0.4986928082209321,-0.4269939772562403,1.3675367676055359,1.0,train
0.8699167437568799,0.47562274191557835,0.9798168112492035,0.11113381311838781,-0.7465872499699562,-1.4848184808570646,-0.0743572044700248,-0.6441590086324702,0.7819813115507633,-0.7881538179048341,-0.668617921055841,-0.4986928082209321,-0.4269939772562403,-0.36151150986218633,4.0,train
-1.401953434398427,1.3676485314101854,0.9798168112492035,2.052677050519994,-0.7465872499699562,0.4009944069225062,-0.19259937583424555,-0.6441590086324702,-0.11647529445320678,-0.7881538179048341,1.4956224900775326,-0.4986928082209321,2.3419534074596497,0.10216159767703292,4.0,train
-1.3262244284599167,0.47562274191557835,0.9798168112492035,-0.8596378055824154,-1.7580755001063062,-0.4162391575188588,1.2263066805364033,-0.6441590086324702,-1.0149319004571768,-0.7881538179048341,-0.668617921055841,-0.4986928082209321,-0.4269939772562403,-1.6803352108699023,4.0,train
0.060198911029732086,1.3676485314101854,0.9798168112492035,0.11113381311838781,1.276389250302744,-0.11434333092286675,0.9898223378079618,-0.6441590086324702,1.6804379175547333,1.2687878651128297,1.4956224900775326,-0.4986928082209321,-0.4269939772562403,-0.5796952777191942,4.0,train
0.8830236870923913,0.47562274191557835,-1.0205989410664063,0.11113381311838781,0.26490100016639395,0.566881042608908,1.4627910232648447,1.5524117284689836,-1.0149319004571768,-0.7881538179048341,-0.668617921055841,-0.4986928082209321,-0.4269939772562403,-1.2529509454058936,4.0,train
0.7432162915136032,0.47562274191557835,0.9798168112492035,-0.8596378055824154,0.26490100016639395,-1.6006435569436779,-1.0202945753837906,-0.6441590086324702,-0.11647529445320678,1.2687878651128297,-0.668617921055841,-0.4986928082209321,-0.4269939772562403,0.8442714186381572,2.0,train
-1.0145704424822015,1.3676485314101854,-1.0205989410664063,0.11113381311838781,1.276389250302744,0.33258477127822494,-1.6115054322048943,-0.6441590086324702,-0.11647529445320678,-0.7881538179048341,-0.668617921055841,-0.4986928082209321,-0.4269939772562403,1.2753380248091268,1.0,train
-0.9504920528419237,-0.4164030475790286,-1.0205989410664063,-0.8596378055824154,-0.7465872499699562,1.7820470948137237,-0.19259937583424555,1.5524117284689836,-0.11647529445320678,-0.7881538179048341,-0.668617921055841,-0.4986928082209321,-0.4269939772562403,0.37235984625252144,3.0,train
0.6980701533579529,-1.3084288370736354,-1.0205989410664063,2.052677050519994,-0.7465872499699562,-0.049938298119037654,0.3986114809868581,-0.6441590086324702,-0.11647529445320678,-0.7881538179048341,-0.668617921055841,2.0052424729513594,-0.4269939772562403,-0.5410516455896187,4.0,train
-1.5869069681328654,-0.4164030475790286,-1.0205989410664063,2.052677050519994,-0.7465872499699562,-1.2225915342268316,0.3986114809868581,-0.6441590086324702,-1.9133885064611469,1.2687878651128297,-0.668617921055841,-0.4986928082209321,2.3419534074596497,-1.1430787457211204,4.0,train
0.7825371215201373,1.3676485314101854,-1.0205989410664063,0.11113381311838781,0.26490100016639395,1.7852112416020758,-1.0202945753837906,1.5524117284689836,-1.0149319004571768,-0.7881538179048341,1.4956224900775326,2.0052424729513594,-0.4269939772562403,1.5420050999030874,1.0,train
1.6679839601857955,0.47562274191557835,0.9798168112492035,2.052677050519994,0.26490100016639395,0.8390765271064475,-0.429083718562687,-0.6441590086324702,1.6804379175547333,-0.7881538179048341,-0.668617921055841,-0.4986928082209321,-0.4269939772562403,0.7045571099421768,0.0,train
-1.33641871772087,-1.3084288370736354,-1.0205989410664063,0.11113381311838781,0.26490100016639395,1.376022113095634,-0.19259937583424555,1.5524117284689836,-0.11647529445320678,-0.7881538179048341,-0.668617921055841,-0.4986928082209321,-0.4269939772562403,0.2626492364622769,3.0,train
-0.7349556513246254,-0.4164030475790286,-1.0205989410664063,0.11113381311838781,0.26490100016639395,-0.4925053958660748,0.871580166443741,-0.6441590086324702,-0.11647529445320678,1.2687878651128297,-0.668617921055841,-0.4986928082209321,-0.4269939772562403,-0.6124996712541145,4.0,train
-1.4194293588457756,0.47562274191557835,0.9798168112492035,1.081905431819191,-1.7580755001063062,1.4602926682625963,-0.3108415471984663,-0.6441590086324702,-0.11647529445320678,-0.7881538179048341,1.4956224900775326,-0.4986928082209321,2.3419534074596497,0.423975893501308,3.0,train
1.180114402697316,1.3676485314101854,-1.0205989410664063,-0.8596378055824154,1.276389250302744,-1.3170081282298545,0.2803693096226374,-0.6441590086324702,-0.11647529445320678,-0.7881538179048341,-0.668617921055841,2.0052424729513594,-0.4269939772562403,-0.7085542463722424,4.0,train
1.3403103767980107,-1.3084288370736354,0.9798168112492035,0.11113381311838781,-0.7465872499699562,0.19195511890079545,1.6992753659932862,-0.6441590086324702,-1.0149319004571768,-0.7881538179048341,-0.668617921055841,-0.4986928082209321,-0.4269939772562403,-1.6455821528129038,4.0,train
0.11553933844633571,1.3676485314101854,0.9798168112492035,-0.8596378055824154,1.276389250302744,-1.3132189564082803,1.5810331946290654,1.5524117284689836,-1.9133885064611469,-0.7881538179048341,-0.668617921055841,-0.4986928082209321,-0.4269939772562403,-1.642087823580954,4.0,train
1.2602123897476634,-0.4164030475790286,0.9798168112492035,1.081905431819191,-0.7465872499699562,-1.3647072533016538,1.2263066805364033,-0.6441590086324702,-0.11647529445320678,1.2687878651128297,1.4956224900775326,-0.4986928082209321,-0.4269939772562403,-1.334386416231006,4.0,train
1.0985600886096896,1.3676485314101854,0.9798168112492035,1.081905431819191,-0.7465872499699562,-0.24375896656340562,-1.6115054322048943,-0.6441590086324702,-1.0149319004571768,1.2687878651128297,-0.668617921055841,2.0052424729513594,2.3419534074596497,1.4555317200556215,1.0,train
0.7053517885443481,1.3676485314101854,-1.0205989410664063,0.11113381311838781,1.276389250302744,-0.9602790928085974,1.6992753659932862,1.5524117284689836,-0.11647529445320678,-0.7881538179048341,1.4956224900775326,-0.4986928082209321,-0.4269939772562403,-1.6245115071860905,4.0,train
-1.2053492843657563,0.47562274191557835,0.9798168112492035,-0.8596378055824154,1.276389250302744,-1.1289680174874357,0.6350958237152996,1.5524117284689836,-1.0149319004571768,-0.7881538179048341,-0.668617921055841,-0.4986928082209321,-0.4269939772562403,-0.8228812947497552,4.0,train
-1.1864170328811285,-0.4164030475790286,0.9798168112492035,-0.8596378055824154,2.2878775004390945,0.08375949948030431,0.871580166443741,-0.6441590086324702,-1.0149319004571768,1.2687878651128297,-0.668617921055841,-0.4986928082209321,-0.4269939772562403,-0.9256238468988627,4.0,train
0.3121434884790065,1.3676485314101854,0.9798168112492035,1.081905431819191,0.26490100016639395,1.383992927865906,0.6350958237152996,1.5524117284689836,0.7819813115507633,-0.7881538179048341,-0.668617921055841,-0.4986928082209321,-0.4269939772562403,0.13383755794130361,3.0,train
-1.0509786184141776,0.47562274191557835,0.9798168112492035,0.11113381311838781,0.26490100016639395,-1.465336579917098,1.1080645091721826,-0.6441590086324702,-1.9133885064611469,-0.7881538179048341,-0.668617921055841,-0.4986928082209321,-0.4269939772562403,-2.055756807565376,4.0,train
-0.4378649357197006,1.3676485314101854,0.9798168112492035,1.081905431819191,-0.7465872499699562,-0.24709850272558564,-0.19259937583424555,-0.6441590086324702,-0.11647529445320678,-0.7881538179048341,1.4956224900775326,-0.4986928082209321,-0.4269939772562403,0.4114202886987236,3.0,train
-0.5674780420375354,1.3676485314101854,-1.0205989410664063,-0.8596378055824154,-0.7465872499699562,0.7251883995346479,1.4627910232648447,1.5524117284689836,-1.0149319004571768,1.2687878651128297,-0.668617921055841,2.0052424729513594,2.3419534074596497,-1.0567003595927802,4.0,train
1.7335186768633524,-0.4164030475790286,-1.0205989410664063,-0.8596378055824154,0.26490100016639395,0.7337506221527841,-0.0743572044700248,-0.6441590086324702,-0.11647529445320678,-0.7881538179048341,-0.668617921055841,-0.4986928082209321,-0.4269939772562403,0.11145376974311465,4.0,train
1.6315757842538194,-0.4164030475790286,0.9798168112492035,1.081905431819191,-1.7580755001063062,-0.483084958714076,-1.729747603569115,1.5524117284689836,-0.11647529445320678,-0.7881538179048341,-0.668617921055841,-0.4986928082209321,-0.4269939772562403,1.2519621365762506,1.0,train
-0.4349522816451425,1.3676485314101854,0.9798168112492035,-0.8596378055824154,0.26490100016639395,0.7165953055498046,-0.90205240401957,-0.6441590086324702,-1.0149319004571768,-0.7881538179048341,1.4956224900775326,-0.4986928082209321,-0.4269939772562403,0.9215470546942858,2.0,train
1.0548702774913183,0.47562274191557835,0.9798168112492035,-0.8596378055824154,0.26490100016639395,-0.6947935350270856,0.16212713825841665,1.5524117284689836,-1.9133885064611469,-0.7881538179048341,-0.668617921055841,-0.4986928082209321,2.3419534074596497,-0.5852982547387758,4.0,train
1.4801177723767989,-0.4164030475790286,0.9798168112492035,1.081905431819191,0.26490100016639395,-0.07893753030849979,0.9898223378079618,1.5524117284689836,0.7819813115507633,1.2687878651128297,-0.668617921055841,-0.4986928082209321,-0.4269939772562403,-0.8427755523964259,4.0,train
0.7126334237307433,-1.3084288370736354,-1.0205989410664063,-0.8596378055824154,0.26490100016639395,1.1831924171357497,0.7533379950795204,1.5524117284689836,-1.0149319004571768,-0.7881538179048341,1.4956224900775326,-0.4986928082209321,-0.4269939772562403,-0.6774578240129572,4.0,train
0.09951974103626625,-0.4164030475790286,-1.0205989410664063,-0.8596378055824154,1.276389250302744,-0.7619196129224948,-0.429083718562687,-0.6441590086324702,-0.11647529445320678,-0.7881538179048341,-0.668617921055841,2.0052424729513594,-0.4269939772562403,0.2160521788028991,3.0,train
-0.3300967349610514,0.47562274191557835,0.9798168112492035,-0.8596378055824154,0.26490100016639395,-1.6432149130225642,-0.6655680612911284,1.5524117284689836,0.7819813115507633,1.2687878651128297,-0.668617921055841,-0.4986928082209321,-0.4269939772562403,0.6425458718109156,3.0,train
0.9689469822918548,-0.4164030475790286,0.9798168112492035,0.11113381311838781,0.26490100016639395,1.2863677601872978,-0.3108415471984663,-0.6441590086324702,-0.11647529445320678,1.2687878651128297,1.4956224900775326,-0.4986928082209321,-0.4269939772562403,1.0037826595386254,2.0,train
-1.2403011332604532,0.47562274191557835,-1.0205989410664063,2.052677050519994,-0.7465872499699562,-0.4087546428043396,-0.19259937583424555,-0.6441590086324702,0.7819813115507633,-0.7881538179048341,-0.668617921055841,-0.4986928082209321,2.3419534074596497,0.011396074853598247,4.0,train
-0.0344623463934057,0.47562274191557835,-1.0205989410664063,-0.8596378055824154,-0.7465872499699562,-0.058602636249288076,-0.3108415471984663,1.5524117284689836,-1.0149319004571768,1.2687878651128297,-0.668617921055841,-0.4986928082209321,-0.4269939772562403,0.4401725809328654,3.0,train
0.8276832596757877,-1.3084288370736354,0.9798168112492035,0.11113381311838781,-0.7465872499699562,-0.0781518176339373,0.7533379950795204,1.5524117284689836,-0.11647529445320678,-0.7881538179048341,1.4956224900775326,-0.4986928082209321,-0.4269939772562403,-0.479084744677924,4.0,train
-0.45388453312977006,1.3676485314101854,-1.0205989410664063,1.081905431819191,-1.7580755001063062,0.5242279471610053,-1.729747603569115,1.5524117284689836,-0.11647529445320678,-0.7881538179048341,-0.668617921055841,-0.4986928082209321,-0.4269939772562403,1.9620265295855615,0.0,train
-1.505352654045239,1.3676485314101854,-1.0205989410664063,-0.8596378055824154,0.26490100016639395,0.6040918410920487,-1.729747603569115,1.5524117284689836,0.7819813115507633,-0.7881538179048341,-0.668617921055841,2.0052424729513594,2.3419534074596497,1.9735543747236013,0.0,train
-1.6437037225867481,-1.3084288370736354,0.9798168112492035,-0.8596378055824154,-0.7465872499699562,0.16922225638197486,1.5810331946290654,-0.6441590086324702,-1.9133885064611469,-0.7881538179048341,1.4956224900775326,-0.4986928082209321,-0.4269939772562403,-2.025613664862106,4.0,train
-0.08834644677273029,0.47562274191557835,0.9798168112492035,1.081905431819191,0.26490100016639395,-0.759728816951972,1.1080645091721826,-0.6441590086324702,0.7819813115507633,-0.7881538179048341,-0.668617921055841,-0.4986928082209321,-0.4269939772562403,-1.5207587751462777,4.0,train
-1.64079106851219,-0.4164030475790286,0.9798168112492035,1.081905431819191,-0.7465872499699562,-1.5548264599224462,-1.6115054322048943,-0.6441590086324702,1.6804379175547333,-0.7881538179048341,-0.668617921055841,2.0052424729513594,-0.4269939772562403,1.502563033805082,1.0,train
-0.28640692384268013,0.47562274191557835,-1.0205989410664063,1.081905431819191,-0.7465872499699562,-0.6975843199946705,0.16212713825841665,1.5524117284689836,-0.11647529445320678,1.2687878651128297,1.4956224900775326,-0.4986928082209321,-0.4269939772562403,-0.06564455191700029,4.0,train
-0.8849573361643668,1.3676485314101854,-1.0205989410664063,-0.8596378055824154,0.26490100016639395,0.6225368115618161,-0.5473258899269078,-0.6441590086324702,-0.11647529445320678,-0.7881538179048341,-0.668617921055841,-0.4986928082209321,2.3419534074596497,0.5227126750660517,3.0,train
0.25389040698784476,0.47562274191557835,-1.0205989410664063,0.11113381311838781,-0.7465872499699562,1.1332116210632222,-1.1385367467480114,1.5524117284689836,-1.0149319004571768,1.2687878651128297,-0.668617921055841,-0.4986928082209321,-0.4269939772562403,1.1559243971041193,2.0,train
1.0068114852611099,1.3676485314101854,-1.0205989410664063,-0.8596378055824154,1.276389250302744,-0.32572075256023963,-0.7838102326553492,-0.6441590086324702,-1.0149319004571768,-0.7881538179048341,-0.668617921055841,-0.4986928082209321,-0.4269939772562403,0.32535619971710994,3.0,train
0.8509844922722524,-0.4164030475790286,0.9798168112492035,-0.8596378055824154,-0.7465872499699562,0.570919284029671,0.6350958237152996,1.5524117284689836,-1.0149319004571768,-0.7881538179048341,-0.668617921055841,2.0052424729513594,-0.4269939772562403,-0.5917147158451823,4.0,train
-1.645160049624027,1.3676485314101854,-1.0205989410664063,-0.8596378055824154,2.2878775004390945,-1.2963329285224896,0.9898223378079618,-0.6441590086324702,0.7819813115507633,-0.7881538179048341,1.4956224900775326,-0.4986928082209321,-0.4269939772562403,-0.9292621929591429,4.0,train
1.4029324394010096,-1.3084288370736354,-1.0205989410664063,-0.8596378055824154,-1.7580755001063062,-0.9709777501629636,0.04388496689419592,1.5524117284689836,0.7819813115507633,-0.7881538179048341,-0.668617921055841,-0.4986928082209321,-0.4269939772562403,-0.10585724371166742,4.0,train
1.6592459979621212,1.3676485314101854,-1.0205989410664063,1.081905431819191,0.26490100016639395,0.17056376391693523,-0.0743572044700248,-0.6441590086324702,-0.11647529445320678,-0.7881538179048341,-0.668617921055841,-0.4986928082209321,-0.4269939772562403,-0.3592837809771847,1.0,train
-0.5791286583357678,-1.3084288370736354,0.9798168112492035,-0.8596378055824154,1.276389250302744,0.11345087235764363,1.1080645091721826,-0.6441590086324702,-0.11647529445320678,1.2687878651128297,-0.668617921055841,-0.4986928082209321,-0.4269939772562403,-1.0118824011236023,4.0,train
1.1276866293552705,-1.3084288370736354,-1.0205989410664063,1.081905431819191,-1.7580755001063062,-0.45942621935773054,0.04388496689419592,-0.6441590086324702,-0.11647529445320678,1.2687878651128297,-0.668617921055841,-0.4986928082209321,-0.4269939772562403,-0.13428709117250517,4.0,train
1.5354581997934025,-1.3084288370736354,-1.0205989410664063,1.081905431819191,0.26490100016639395,-0.7073512225301621,-0.19259937583424555,1.5524117284689836,-0.11647529445320678,-0.7881538179048341,1.4956224900775326,-0.4986928082209321,-0.4269939772562403,0.3753104128124146,2.0,train
-1.432536302181287,-1.3084288370736354,-1.0205989410664063,-0.8596378055824154,-0.7465872499699562,-0.7043155785279513,-1.6115054322048943,-0.6441590086324702,0.7819813115507633,1.2687878651128297,-0.668617921055841,-0.4986928082209321,-0.4269939772562403,1.474800242054741,1.0,train
1.1699201134363628,-1.3084288370736354,0.9798168112492035,0.11113381311838781,-0.7465872499699562,-1.0114767360904056,-1.0202945753837906,-0.6441590086324702,-1.0149319004571768,-0.7881538179048341,-0.668617921055841,2.0052424729513594,-0.4269939772562403,0.004379115788044594,4.0,train
-0.5558274257393031,1.3676485314101854,-1.0205989410664063,1.081905431819191,0.26490100016639395,0.6060118061895579,-1.2567789181122322,-0.6441590086324702,-0.11647529445320678,-0.7881538179048341,-0.668617921055841,-0.4986928082209321,-0.4269939772562403,0.6246636166446231,3.0,train
0.17524874697477646,-0.4164030475790286,-1.0205989410664063,-0.8596378055824154,-0.7465872499699562,-0.0557859179960695,-1.729747603569115,-0.6441590086324702,-0.11647529445320678,-0.7881538179048341,1.4956224900775326,2.0052424729513594,2.3419534074596497,1.506958685298367,1.0,train
-0.6752462427961846,-1.3084288370736354,-1.0205989410664063,1.081905431819191,1.276389250302744,-0.31846644589530476,0.9898223378079618,-0.6441590086324702,-0.11647529445320678,1.2687878651128297,1.4956224900775326,-0.4986928082209321,2.3419534074596497,-0.8782559992427544,4.0,train
-1.19952397621664,-0.4164030475790286,-1.0205989410664063,-0.8596378055824154,-0.7465872499699562,1.2277865861969477,-0.7838102326553492,-0.6441590086324702,-1.9133885064611469,-0.7881538179048341,-0.668617921055841,-0.4986928082209321,-0.4269939772562403,0.3538782246130168,3.0,train
-1.4835077484860533,0.47562274191557835,-1.0205989410664063,2.052677050519994,-0.7465872499699562,0.2137690717766157,1.2263066805364033,1.5524117284689836,-0.11647529445320678,1.2687878651128297,-0.668617921055841,2.0052424729513594,-0.4269939772562403,-0.8585383456575539,4.0,train
0.04126665954510453,-1.3084288370736354,-1.0205989410664063,0.11113381311838781,0.26490100016639395,0.05225175778326832,1.5810331946290654,-0.6441590086324702,-0.11647529445320678,-0.7881538179048341,1.4956224900775326,-0.4986928082209321,-0.4269939772562403,-1.7307409881809623,4.0,train
0.8873926682042285,0.47562274191557835,-1.0205989410664063,-0.8596378055824154,0.26490100016639395,0.5843907538697489,1.4627910232648447,-0.6441590086324702,0.7819813115507633,1.2687878651128297,-0.668617921055841,2.0052424729513594,-0.4269939772562403,-1.216772930571402,4.0,train
0.5786513363010714,1.3676485314101854,0.9798168112492035,2.052677050519994,1.276389250302744,-1.1171527209075953,-0.0743572044700248,-0.6441590086324702,-0.11647529445320678,-0.7881538179048341,-0.668617921055841,-0.4986928082209321,-0.4269939772562403,-0.4307783252476866,4.0,train
0.5990399148229779,-1.3084288370736354,0.9798168112492035,-0.8596378055824154,0.26490100016639395,0.6205177451067043,1.2263066805364033,-0.6441590086324702,-0.11647529445320678,-0.7881538179048341,-0.668617921055841,-0.4986928082209321,-0.4269939772562403,-1.1499119261201345,4.0,train
-0.17572606900947285,-1.3084288370736354,0.9798168112492035,0.11113381311838781,0.26490100016639395,1.7570927436917538,-0.19259937583424555,-0.6441590086324702,-1.0149319004571768,-0.7881538179048341,-0.668617921055841,-0.4986928082209321,-0.4269939772562403,0.2160838502348298,3.0,train
1.414583055699242,0.47562274191557835,0.9798168112492035,2.052677050519994,0.26490100016639395,0.9863520311814554,0.2803693096226374,1.5524117284689836,-0.11647529445320678,1.2687878651128297,-0.668617921055841,-0.4986928082209321,-0.4269939772562403,0.18934917006310018,3.0,train
-1.000007172109411,-0.4164030475790286,0.9798168112492035,1.081905431819191,-1.7580755001063062,1.008918763429832,-1.375021089476453,1.5524117284689836,-0.11647529445320678,1.2687878651128297,1.4956224900775326,-0.4986928082209321,-0.4269939772562403,1.9168884485721354,0.0,train
1.0606955856404345,-0.4164030475790286,-1.0205989410664063,1.081905431819191,0.26490100016639395,0.3273524820588727,-0.6655680612911284,-0.6441590086324702,-0.11647529445320678,-0.7881538179048341,1.4956224900775326,-0.4986928082209321,-0.4269939772562403,0.6216370444733474,3.0,train
1.6068182246200757,1.3676485314101854,-1.0205989410664063,-0.8596378055824154,0.26490100016639395,1.1763587527584367,1.1080645091721826,-0.6441590086324702,-1.0149319004571768,-0.7881538179048341,1.4956224900775326,-0.4986928082209321,2.3419534074596497,-0.9421521257092467,0.0,train
0.9441894226581111,-0.4164030475790286,0.9798168112492035,-0.8596378055824154,0.26490100016639395,-0.7530329642555695,1.4627910232648447,-0.6441590086324702,-0.11647529445320678,-0.7881538179048341,-0.668617921055841,-0.4986928082209321,-0.4269939772562403,-1.7224602579970043,4.0,train
-0.09854073603368359,-0.4164030475790286,-1.0205989410664063,-0.8596378055824154,0.26490100016639395,-1.5787598705367867,0.16212713825841665,-0.6441590086324702,0.7819813115507633,-0.7881538179048341,-0.668617921055841,2.0052424729513594,-0.4269939772562403,-0.44091803737344976,4.0,train
-1.6917625148169566,-0.4164030475790286,-1.0205989410664063,-0.8596378055824154,1.276389250302744,-0.09964457372727929,1.4627910232648447,1.5524117284689836,-0.11647529445320678,1.2687878651128297,1.4956224900775326,-0.4986928082209321,-0.4269939772562403,-0.8194590790171908,4.0,train
-0.8325295628223212,-1.3084288370736354,-1.0205989410664063,1.081905431819191,-0.7465872499699562,-1.5876847135522127,-0.7838102326553492,-0.6441590086324702,0.7819813115507633,1.2687878651128297,-0.668617921055841,-0.4986928082209321,2.3419534074596497,0.8754844256970599,2.0,train
0.02233440806047697,1.3676485314101854,0.9798168112492035,-0.8596378055824154,0.26490100016639395,-0.5372601302055804,0.6350958237152996,1.5524117284689836,-0.11647529445320678,1.2687878651128297,-0.668617921055841,-0.4986928082209321,2.3419534074596497,-0.5572633089360615,4.0,train
0.5771950092637923,1.3676485314101854,0.9798168112492035,1.081905431819191,0.26490100016639395,-0.3050120834813084,-0.7838102326553492,-0.6441590086324702,-1.0149319004571768,-0.7881538179048341,-0.668617921055841,2.0052424729513594,-0.4269939772562403,0.4329790132287775,3.0,train
0.6121468581584893,0.47562274191557835,0.9798168112492035,0.11113381311838781,0.26490100016639395,-1.2220427881853373,-1.4932632608406737,1.5524117284689836,-1.0149319004571768,-0.7881538179048341,-0.668617921055841,-0.4986928082209321,-0.4269939772562403,1.2309963333387983,1.0,train
0.5189419277726306,0.47562274191557835,-1.0205989410664063,-0.8596378055824154,-0.7465872499699562,-0.45645144245326447,1.4627910232648447,1.5524117284689836,1.6804379175547333,-0.7881538179048341,1.4956224900775326,-0.4986928082209321,-0.4269939772562403,-1.013293762606051,4.0,train
0.9339951333971578,1.3676485314101854,0.9798168112492035,-0.8596378055824154,0.26490100016639395,-1.5362829704921896,0.16212713825841665,-0.6441590086324702,-1.0149319004571768,1.2687878651128297,1.4956224900775326,-0.4986928082209321,-0.4269939772562403,-0.08607315089616338,4.0,train
1.041763334155807,-0.4164030475790286,0.9798168112492035,0.11113381311838781,0.26490100016639395,1.7621007970409108,0.04388496689419592,-0.6441590086324702,-0.11647529445320678,1.2687878651128297,-0.668617921055841,-0.4986928082209321,-0.4269939772562403,0.633436367276609,3.0,train
1.3373977227234528,-1.3084288370736354,-1.0205989410664063,1.081905431819191,-0.7465872499699562,0.09843013805735226,0.7533379950795204,-0.6441590086324702,-0.11647529445320678,1.2687878651128297,-0.668617921055841,-0.4986928082209321,2.3419534074596497,-0.7190915349484713,4.0,train
-1.30583584993801,1.3676485314101854,-1.0205989410664063,0.11113381311838781,-0.7465872499699562,0.04560657588173333,-0.3108415471984663,1.5524117284689836,-1.0149319004571768,-0.7881538179048341,-0.668617921055841,-0.4986928082209321,-0.4269939772562403,-0.17689400848184592,4.0,train
0.038354005470546446,-1.3084288370736354,0.9798168112492035,-0.8596378055824154,0.26490100016639395,1.3299397490628688,1.6992753659932862,-0.6441590086324702,-1.0149319004571768,-0.7881538179048341,1.4956224900775326,-0.4986928082209321,-0.4269939772562403,-1.294273995908892,4.0,train
-0.9781622665502255,-0.4164030475790286,-1.0205989410664063,1.081905431819191,1.276389250302744,1.82172543838023,0.6350958237152996,-0.6441590086324702,-0.11647529445320678,-0.7881538179048341,-0.668617921055841,-0.4986928082209321,-0.4269939772562403,-0.7245727391607888,4.0,train
1.5383708538679606,0.47562274191557835,0.9798168112492035,1.081905431819191,-0.7465872499699562,-0.18469806769379488,0.6350958237152996,-0.6441590086324702,0.7819813115507633,-0.7881538179048341,1.4956224900775326,-0.4986928082209321,-0.4269939772562403,-0.7960383082631108,2.0,train
0.07330585436524348,-0.4164030475790286,0.9798168112492035,-0.8596378055824154,0.26490100016639395,-0.9112462435492554,0.16212713825841665,-0.6441590086324702,-0.11647529445320678,1.2687878651128297,-0.668617921055841,-0.4986928082209321,2.3419534074596497,-0.23331241933218413,4.0,train
-1.5796253329464702,0.47562274191557835,0.9798168112492035,2.052677050519994,-1.7580755001063062,-0.7141002581733709,-1.4932632608406737,1.5524117284689836,1.6804379175547333,-0.7881538179048341,-0.668617921055841,2.0052424729513594,-0.4269939772562403,1.785635341985389,0.0,train
0.5262235629590258,0.47562274191557835,-1.0205989410664063,-0.8596378055824154,0.26490100016639395,-0.10728697512980925,-0.7838102326553492,-0.6441590086324702,-1.0149319004571768,1.2687878651128297,1.4956224900775326,-0.4986928082209321,-0.4269939772562403,1.2241605420596566,1.0,train
-0.2936885590290753,1.3676485314101854,-1.0205989410664063,-0.8596378055824154,1.276389250302744,1.179392708708271,1.3445488519006241,1.5524117284689836,-0.11647529445320678,-0.7881538179048341,-0.668617921055841,-0.4986928082209321,-0.4269939772562403,-1.2500300404361921,4.0,train
1.7276933687142362,-0.4164030475790286,-1.0205989410664063,-0.8596378055824154,1.276389250302744,0.7564717662341065,0.6350958237152996,-0.6441590086324702,-0.11647529445320678,-0.7881538179048341,-0.668617921055841,-0.4986928082209321,-0.4269939772562403,-0.7642304414068181,3.0,train
0.7752554863337422,-0.4164030475790286,0.9798168112492035,-0.8596378055824154,1.276389250302744,0.435139455474558,0.5168536523510788,-0.6441590086324702,0.7819813115507633,-0.7881538179048341,-0.668617921055841,-0.4986928082209321,2.3419534074596497,-0.45978108309789656,4.0,train
0.48981538702704974,-0.4164030475790286,0.9798168112492035,2.052677050519994,0.26490100016639395,-1.4810987386805055,-1.375021089476453,1.5524117284689836,-0.11647529445320678,-0.7881538179048341,-0.668617921055841,2.0052424729513594,2.3419534074596497,1.133972488866636,2.0,train
0.6762252477987672,0.47562274191557835,-1.0205989410664063,1.081905431819191,0.26490100016639395,0.06658879048717474,-0.90205240401957,1.5524117284689836,0.7819813115507633,1.2687878651128297,-0.668617921055841,-0.4986928082209321,-0.4269939772562403,0.9088204372274873,2.0,train
-0.8747630469034134,1.3676485314101854,-1.0205989410664063,0.11113381311838781,-0.7465872499699562,0.7979825271903835,-1.6115054322048943,-0.6441590086324702,0.7819813115507633,-0.7881538179048341,-0.668617921055841,-0.4986928082209321,2.3419534074596497,1.6673820830807202,1.0,train
0.6529240152023026,-1.3084288370736354,0.9798168112492035,2.052677050519994,-0.7465872499699562,-1.4239328584487134,0.9898223378079618,-0.6441590086324702,-0.11647529445320678,1.2687878651128297,-0.668617921055841,-0.4986928082209321,-0.4269939772562403,-0.9993203289510116,4.0,train
1.4975936968241474,1.3676485314101854,0.9798168112492035,1.081905431819191,-0.7465872499699562,0.7203328286508243,-0.90205240401957,-0.6441590086324702,1.6804379175547333,1.2687878651128297,-0.668617921055841,-0.4986928082209321,2.3419534074596497,1.469914771503206,3.0,train
-0.9898128828484578,1.3676485314101854,0.9798168112492035,-0.8596378055824154,0.26490100016639395,-0.8095542573544608,0.7533379950795204,-0.6441590086324702,0.7819813115507633,-0.7881538179048341,1.4956224900775326,2.0052424729513594,-0.4269939772562403,-0.6482148458357294,4.0,train
1.7233243876023991,1.3676485314101854,0.9798168112492035,-0.8596378055824154,0.26490100016639395,1.2174176662713345,-0.3108415471984663,-0.6441590086324702,0.7819813115507633,-0.7881538179048341,-0.668617921055841,-0.4986928082209321,-0.4269939772562403,0.6634269405611921,1.0,train
0.9238008441362046,-0.4164030475790286,-1.0205989410664063,1.081905431819191,-0.7465872499699562,-0.6513360073125476,0.2803693096226374,1.5524117284689836,-0.11647529445320678,-0.7881538179048341,-0.668617921055841,-0.4986928082209321,2.3419534074596497,-0.08866053434162051,4.0,train
-1.1412708947254784,-0.4164030475790286,-1.0205989410664063,0.11113381311838781,0.26490100016639395,0.13341413662222243,0.5168536523510788,1.5524117284689836,-1.0149319004571768,1.2687878651128297,1.4956224900775326,2.0052424729513594,-0.4269939772562403,-0.01912446466245115,4.0,train
-0.7291303431755092,1.3676485314101854,0.9798168112492035,-0.8596378055824154,-0.7465872499699562,-1.6083989525599622,1.2263066805364033,-0.6441590086324702,-0.11647529445320678,-0.7881538179048341,1.4956224900775326,-0.4986928082209321,-0.4269939772562403,-1.2335361906506188,4.0,train
0.7184587318798594,1.3676485314101854,0.9798168112492035,-0.8596378055824154,2.2878775004390945,0.7498529307573423,-0.3108415471984663,-0.6441590086324702,-1.0149319004571768,-0.7881538179048341,-0.668617921055841,-0.4986928082209321,2.3419534074596497,-0.21979004816942033,4.0,train
-1.059716580637852,-1.3084288370736354,-1.0205989410664063,1.081905431819191,0.26490100016639395,-1.1364774635801276,1.3445488519006241,1.5524117284689836,-0.11647529445320678,-0.7881538179048341,-0.668617921055841,-0.4986928082209321,-0.4269939772562403,-1.7542937276773425,4.0,train
1.251474427523989,0.47562274191557835,-1.0205989410664063,1.081905431819191,2.2878775004390945,-1.2862945690454406,0.5168536523510788,-0.6441590086324702,-0.11647529445320678,1.2687878651128297,-0.668617921055841,-0.4986928082209321,2.3419534074596497,-0.851847716601275,4.0,train
-0.858743449493344,0.47562274191557835,0.9798168112492035,-0.8596378055824154,-0.7465872499699562,1.4040079617363732,-1.0202945753837906,-0.6441590086324702,-0.11647529445320678,-0.7881538179048341,-0.668617921055841,-0.4986928082209321,-0.4269939772562403,0.7171488856832845,2.0,train
1.2223478867784083,-0.4164030475790286,0.9798168112492035,-0.8596378055824154,0.26490100016639395,1.6272588080918646,0.2803693096226374,-0.6441590086324702,0.7819813115507633,-0.7881538179048341,-0.668617921055841,2.0052424729513594,-0.4269939772562403,0.13149504322361966,3.0,train
0.5029223303625612,0.47562274191557835,0.9798168112492035,-0.8596378055824154,-0.7465872499699562,0.7366111888774065,0.7533379950795204,1.5524117284689836,0.7819813115507633,-0.7881538179048341,1.4956224900775326,-0.4986928082209321,-0.4269939772562403,-0.4439866348832546,4.0,train
-0.13786156604021774,-0.4164030475790286,0.9798168112492035,1.081905431819191,0.26490100016639395,-0.22007910742420217,0.6350958237152996,1.5524117284689836,-0.11647529445320678,1.2687878651128297,-0.668617921055841,-0.4986928082209321,-0.4269939772562403,-0.19121087128244088,4.0,train
0.159229149564707,0.47562274191557835,-1.0205989410664063,0.11113381311838781,-1.7580755001063062,-0.8405926386389392,-0.19259937583424555,-0.6441590086324702,-1.0149319004571768,1.2687878651128297,-0.668617921055841,-0.4986928082209321,-0.4269939772562403,0.05295962356500368,4.0,train
0.10534504918538241,-1.3084288370736354,0.9798168112492035,0.11113381311838781,0.26490100016639395,-1.0833501265513494,0.9898223378079618,-0.6441590086324702,-0.11647529445320678,1.2687878651128297,-0.668617921055841,-0.4986928082209321,2.3419534074596497,-1.055434404244477,4.0,train
-1.6801118985187242,-0.4164030475790286,0.9798168112492035,2.052677050519994,0.26490100016639395,1.612016208579692,-0.3108415471984663,1.5524117284689836,1.6804379175547333,-0.7881538179048341,-0.668617921055841,-0.4986928082209321,-0.4269939772562403,0.9876969301060393,2.0,train
-0.1189293145555902,0.47562274191557835,0.9798168112492035,2.052677050519994,2.2878775004390945,1.7248548497313894,0.16212713825841665,-0.6441590086324702,-1.0149319004571768,-0.7881538179048341,1.4956224900775326,-0.4986928082209321,-0.4269939772562403,0.23118685200739078,3.0,train
-1.131076605464525,-0.4164030475790286,-1.0205989410664063,0.11113381311838781,0.26490100016639395,1.798753104882113,-1.375021089476453,-0.6441590086324702,-0.11647529445320678,-0.7881538179048341,-0.668617921055841,-0.4986928082209321,-0.4269939772562403,1.6308955372392682,1.0,train
1.3636116093944755,-0.4164030475790286,0.9798168112492035,1.081905431819191,-0.7465872499699562,-1.136419641314254,0.6350958237152996,-0.6441590086324702,-0.11647529445320678,1.2687878651128297,-0.668617921055841,-0.4986928082209321,-0.4269939772562403,-1.178875070186189,4.0,train
1.3971071312518935,1.3676485314101854,0.9798168112492035,0.11113381311838781,-0.7465872499699562,1.000722617121243,-0.19259937583424555,1.5524117284689836,1.6804379175547333,-0.7881538179048341,-0.668617921055841,-0.4986928082209321,-0.4269939772562403,0.7239728175498146,2.0,train
-1.67137393629505,-0.4164030475790286,-1.0205989410664063,0.11113381311838781,0.26490100016639395,1.460475124098002,0.2803693096226374,-0.6441590086324702,0.7819813115507633,-0.7881538179048341,-0.668617921055841,2.0052424729513594,-0.4269939772562403,0.21959427640217805,3.0,train
-0.24999874791070406,1.3676485314101854,0.9798168112492035,-0.8596378055824154,0.26490100016639395,-1.0419980428421252,-0.19259937583424555,-0.6441590086324702,0.7819813115507633,-0.7881538179048341,-0.668617921055841,-0.4986928082209321,-0.4269939772562403,-0.34542091467853026,4.0,train
-0.7742764813311594,-1.3084288370736354,-1.0205989410664063,0.11113381311838781,0.26490100016639395,0.29859983286039143,1.3445488519006241,-0.6441590086324702,-1.0149319004571768,1.2687878651128297,1.4956224900775326,2.0052424729513594,-0.4269939772562403,-1.478302661794988,4.0,train
-0.8077720031885774,-0.4164030475790286,-1.0205989410664063,-0.8596378055824154,0.26490100016639395,1.6220883315411416,1.2263066805364033,-0.6441590086324702,1.6804379175547333,-0.7881538179048341,1.4956224900775326,-0.4986928082209321,-0.4269939772562403,-0.2734960871364948,4.0,train
-1.1106880269426185,1.3676485314101854,0.9798168112492035,1.081905431819191,0.26490100016639395,-0.9711720977462317,0.5168536523510788,-0.6441590086324702,0.7819813115507633,-0.7881538179048341,1.4956224900775326,2.0052424729513594,-0.4269939772562403,-0.3776367225789369,4.0,train
-1.2592333847450807,-1.3084288370736354,-1.0205989410664063,-0.8596378055824154,0.26490100016639395,-0.5596596329624033,-0.7838102326553492,-0.6441590086324702,0.7819813115507633,-0.7881538179048341,1.4956224900775326,-0.4986928082209321,-0.4269939772562403,0.528198205250019,3.0,train
0.26845367736063525,-0.4164030475790286,0.9798168112492035,-0.8596378055824154,-0.7465872499699562,-1.4835971839101274,0.16212713825841665,-0.6441590086324702,-1.0149319004571768,-0.7881538179048341,1.4956224900775326,-0.4986928082209321,-0.4269939772562403,-0.5617973531387517,4.0,train
0.3077745073671694,-1.3084288370736354,-1.0205989410664063,0.11113381311838781,0.26490100016639395,-0.9344814188531567,0.6350958237152996,-0.6441590086324702,-0.11647529445320678,1.2687878651128297,1.4956224900775326,-0.4986928082209321,-0.4269939772562403,-0.5874753853030728,4.0,train
-0.18300770419586807,-1.3084288370736354,0.9798168112492035,0.11113381311838781,0.26490100016639395,-0.9536512952852484,-1.375021089476453,1.5524117284689836,-0.11647529445320678,-0.7881538179048341,-0.668617921055841,2.0052424729513594,-0.4269939772562403,1.6968699875992999,1.0,train
-1.6349657603630738,-0.4164030475790286,-1.0205989410664063,-0.8596378055824154,1.276389250302744,1.1665217006764383,-1.2567789181122322,1.5524117284689836,-0.11647529445320678,-0.7881538179048341,-0.668617921055841,-0.4986928082209321,-0.4269939772562403,1.5209966036720421,1.0,train
0.4359312866477251,-1.3084288370736354,-1.0205989410664063,0.11113381311838781,-0.7465872499699562,-1.2388277005859147,-1.1385367467480114,-0.6441590086324702,-0.11647529445320678,-0.7881538179048341,-0.668617921055841,2.0052424729513594,-0.4269939772562403,0.47013904476672463,3.0,train
0.40097943775302813,-0.4164030475790286,0.9798168112492035,-0.8596378055824154,0.26490100016639395,-1.3981058218842561,0.04388496689419592,1.5524117284689836,-1.0149319004571768,-0.7881538179048341,-0.668617921055841,-0.4986928082209321,-0.4269939772562403,-0.3102062870814482,4.0,train
-1.4237983399576126,1.3676485314101854,0.9798168112492035,1.081905431819191,1.276389250302744,-0.7329098148688621,0.5168536523510788,1.5524117284689836,0.7819813115507633,-0.7881538179048341,-0.668617921055841,-0.4986928082209321,-0.4269939772562403,-0.47009748762829423,4.0,train
-0.23980445864975075,1.3676485314101854,-1.0205989410664063,-0.8596378055824154,-1.7580755001063062,-1.514023605917285,1.3445488519006241,-0.6441590086324702,-1.0149319004571768,1.2687878651128297,1.4956224900775326,-0.4986928082209321,-0.4269939772562403,-1.2966799883347602,4.0,train
-0.1495121823384501,0.47562274191557835,-1.0205989410664063,0.11113381311838781,0.26490100016639395,0.7527037013248052,0.9898223378079618,1.5524117284689836,-0.11647529445320678,1.2687878651128297,-0.668617921055841,-0.4986928082209321,-0.4269939772562403,-0.5882625137338654,4.0,train
-1.4937020377470067,1.3676485314101854,0.9798168112492035,-0.8596378055824154,0.26490100016639395,-0.1045017875342517,0.9898223378079618,-0.6441590086324702,0.7819813115507633,-0.7881538179048341,1.4956224900775326,-0.4986928082209321,-0.4269939772562403,-1.026402948481703,4.0,train
0.47088313554242217,-1.3084288370736354,0.9798168112492035,-0.8596378055824154,0.26490100016639395,0.43172568150143853,1.4627910232648447,1.5524117284689836,1.6804379175547333,-0.7881538179048341,1.4956224900775326,2.0052424729513594,-0.4269939772562403,-0.5767166563178703,4.0,train
0.14466587919191656,-0.4164030475790286,0.9798168112492035,-0.8596378055824154,-0.7465872499699562,-0.7196837629985425,-0.429083718562687,1.5524117284689836,-0.11647529445320678,-0.7881538179048341,1.4956224900775326,-0.4986928082209321,-0.4269939772562403,0.26642563459281043,3.0,train
1.108754377870643,0.47562274191557835,-1.0205989410664063,0.11113381311838781,-0.7465872499699562,-0.7672578453720228,-0.7838102326553492,-0.6441590086324702,-1.0149319004571768,-0.7881538179048341,-0.668617921055841,-0.4986928082209321,-0.4269939772562403,0.42742211962387733,3.0,train
-1.1427272217627573,1.3676485314101854,0.9798168112492035,2.052677050519994,0.26490100016639395,0.8758994834528093,1.2263066805364033,-0.6441590086324702,-1.0149319004571768,-0.7881538179048341,-0.668617921055841,-0.4986928082209321,-0.4269939772562403,-1.2136672953563827,4.0,train
-1.193698668067524,1.3676485314101854,-1.0205989410664063,0.11113381311838781,0.26490100016639395,0.6315916790303935,-0.0743572044700248,-0.6441590086324702,1.6804379175547333,-0.7881538179048341,1.4956224900775326,-0.4986928082209321,-0.4269939772562403,0.7442815475197909,2.0,train
0.44903822998323656,0.47562274191557835,-1.0205989410664063,-0.8596378055824154,2.2878775004390945,-1.6893008754142065,-1.4932632608406737,-0.6441590086324702,-1.0149319004571768,1.2687878651128297,-0.668617921055841,-0.4986928082209321,-0.4269939772562403,0.8162425816564239,2.0,train
0.42282434331221375,0.47562274191557835,0.9798168112492035,0.11113381311838781,-0.7465872499699562,-1.5955356054164638,1.1080645091721826,1.5524117284689836,-0.11647529445320678,1.2687878651128297,-0.668617921055841,-0.4986928082209321,-0.4269939772562403,-1.0022682687058386,4.0,train
0.6631183044632558,-0.4164030475790286,0.9798168112492035,0.11113381311838781,0.26490100016639395,-0.5523220278879808,-1.0202945753837906,-0.6441590086324702,-1.9133885064611469,-0.7881538179048341,-0.668617921055841,-0.4986928082209321,-0.4269939772562403,0.21545561432975283,3.0,train
-0.09271542788456742,-0.4164030475790286,-1.0205989410664063,-0.8596378055824154,2.2878775004390945,-0.23428864457641854,-1.6115054322048943,-0.6441590086324702,-1.9133885064611469,-0.7881538179048341,-0.668617921055841,-0.4986928082209321,-0.4269939772562403,0.7699930095329253,2.0,train
0.1082577032599405,-0.4164030475790286,0.9798168112492035,-0.8596378055824154,1.276389250302744,0.28705501026370817,1.1080645091721826,-0.6441590086324702,1.6804379175547333,1.2687878651128297,1.4956224900775326,-0.4986928082209321,-0.4269939772562403,-0.7415280156764166,4.0,train
1.6752655953721907,0.47562274191557835,-1.0205989410664063,-0.8596378055824154,-0.7465872499699562,1.6170086776736332,0.5168536523510788,-0.6441590086324702,-0.11647529445320678,-0.7881538179048341,-0.668617921055841,2.0052424729513594,-0.4269939772562403,-0.08007724016113707,1.0,train
0.4242806703494928,-1.3084288370736354,-1.0205989410664063,-0.8596378055824154,1.276389250302744,0.048483198474336804,1.4627910232648447,1.5524117284689836,0.7819813115507633,-0.7881538179048341,-0.668617921055841,-0.4986928082209321,2.3419534074596497,-1.1277994223204066,4.0,train
1.072346201938667,-1.3084288370736354,0.9798168112492035,1.081905431819191,-1.7580755001063062,-0.9304916500191297,-1.0202945753837906,-0.6441590086324702,1.6804379175547333,1.2687878651128297,-0.668617921055841,-0.4986928082209321,-0.4269939772562403,0.9542486010040379,2.0,train
-0.9038895876489943,-0.4164030475790286,-1.0205989410664063,0.11113381311838781,0.26490100016639395,0.7245649494363129,1.2263066805364033,-0.6441590086324702,-1.9133885064611469,1.2687878651128297,-0.668617921055841,-0.4986928082209321,-0.4269939772562403,-1.2253113210702546,4.0,train
1.1480752078771772,-0.4164030475790286,-1.0205989410664063,-0.8596378055824154,1.276389250302744,1.5098838497949272,1.4627910232648447,-0.6441590086324702,1.6804379175547333,-0.7881538179048341,-0.668617921055841,-0.4986928082209321,-0.4269939772562403,-1.00371521072029,4.0,train
-0.4742731116516767,-1.3084288370736354,-1.0205989410664063,-0.8596378055824154,-0.7465872499699562,0.793563480999513,1.3445488519006241,-0.6441590086324702,0.7819813115507633,-0.7881538179048341,-0.668617921055841,-0.4986928082209321,-0.4269939772562403,-1.1174530523986863,4.0,train
-0.18883301234498426,-1.3084288370736354,-1.0205989410664063,0.11113381311838781,-0.7465872499699562,-1.6353068327675533,-1.375021089476453,-0.6441590086324702,-0.11647529445320678,-0.7881538179048341,1.4956224900775326,-0.4986928082209321,-0.4269939772562403,1.2743522894144552,1.0,train
0.49564069517616594,-1.3084288370736354,-1.0205989410664063,0.11113381311838781,0.26490100016639395,0.6392573681772442,-1.6115054322048943,1.5524117284689836,-0.11647529445320678,-0.7881538179048341,-0.668617921055841,-0.4986928082209321,-0.4269939772562403,1.6054245019278504,1.0,train
-0.5543710987020241,-1.3084288370736354,-1.0205989410664063,1.081905431819191,0.26490100016639395,-0.9099518502583913,1.5810331946290654,-0.6441590086324702,-0.11647529445320678,-0.7881538179048341,-0.668617921055841,2.0052424729513594,-0.4269939772562403,-2.034303965632044,4.0,train
-1.2228252088131046,-0.4164030475790286,0.9798168112492035,1.081905431819191,0.26490100016639395,-0.923617997066231,-1.4932632608406737,1.5524117284689836,0.7819813115507633,1.2687878651128297,1.4956224900775326,-0.4986928082209321,-0.4269939772562403,1.6015307603089852,1.0,train
-1.133989259539083,-0.4164030475790286,0.9798168112492035,1.081905431819191,2.2878775004390945,1.4593259790923407,0.5168536523510788,1.5524117284689836,-0.11647529445320678,1.2687878651128297,-0.668617921055841,-0.4986928082209321,-0.4269939772562403,-0.40242027984894896,4.0,train
1.5427398349797978,1.3676485314101854,-1.0205989410664063,-0.8596378055824154,0.26490100016639395,-1.0505991249914997,-0.19259937583424555,-0.6441590086324702,-0.11647529445320678,-0.7881538179048341,-0.668617921055841,-0.4986928082209321,-0.4269939772562403,-0.6754986735485221,2.0,train
-0.021355403057894316,1.3676485314101854,-1.0205989410664063,2.052677050519994,1.276389250302744,0.16540365817965236,0.04388496689419592,-0.6441590086324702,-1.9133885064611469,-0.7881538179048341,1.4956224900775326,2.0052424729513594,-0.4269939772562403,-0.24114502427884152,4.0,train
-0.0956280819591255,-0.4164030475790286,0.9798168112492035,-0.8596378055824154,0.26490100016639395,-1.0870139425033143,-0.0743572044700248,1.5524117284689836,-0.11647529445320678,1.2687878651128297,1.4956224900775326,-0.4986928082209321,-0.4269939772562403,0.16762011322824813,3.0,train
-0.248542420873425,-0.4164030475790286,0.9798168112492035,0.11113381311838781,0.26490100016639395,-0.27355837258391086,0.16212713825841665,-0.6441590086324702,-0.11647529445320678,1.2687878651128297,-0.668617921055841,2.0052424729513594,-0.4269939772562403,-0.012154218331068726,4.0,train
-0.586410293522163,1.3676485314101854,0.9798168112492035,0.11113381311838781,2.2878775004390945,1.4605279483412275,-0.0743572044700248,-0.6441590086324702,0.7819813115507633,-0.7881538179048341,-0.668617921055841,-0.4986928082209321,2.3419534074596497,0.2940959853892889,3.0,train
0.36457126182105204,1.3676485314101854,-1.0205989410664063,2.052677050519994,0.26490100016639395,0.0647372915263493,1.6992753659932862,-0.6441590086324702,0.7819813115507633,-0.7881538179048341,1.4956224900775326,2.0052424729513594,-0.4269939772562403,-1.1671234454042752,4.0,train
-0.6053425450067905,-1.3084288370736354,-1.0205989410664063,-0.8596378055824154,1.276389250302744,0.6578273014963465,0.3986114809868581,-0.6441590086324702,1.6804379175547333,-0.7881538179048341,1.4956224900775326,2.0052424729513594,-0.4269939772562403,0.2693984913818614,3.0,train
0.34855166441098256,-0.4164030475790286,-1.0205989410664063,-0.8596378055824154,-0.7465872499699562,1.5171189754061223,-1.729747603569115,-0.6441590086324702,1.6804379175547333,-0.7881538179048341,-0.668617921055841,-0.4986928082209321,-0.4269939772562403,2.010452238427004,0.0,train
-1.5301102136789828,0.47562274191557835,0.9798168112492035,-0.8596378055824154,1.276389250302744,0.1697692848420016,-0.6655680612911284,-0.6441590086324702,0.7819813115507633,1.2687878651128297,-0.668617921055841,-0.4986928082209321,-0.4269939772562403,0.8262643999395929,2.0,train
-1.1849607058438496,1.3676485314101854,0.9798168112492035,0.11113381311838781,-0.7465872499699562,0.15731508132072833,-1.1385367467480114,-0.6441590086324702,-0.11647529445320678,1.2687878651128297,-0.668617921055841,-0.4986928082209321,2.3419534074596497,0.827700749592074,2.0,train
-0.22524118827696032,-0.4164030475790286,-1.0205989410664063,-0.8596378055824154,-0.7465872499699562,-0.6079258713177834,-0.90205240401957,-0.6441590086324702,-0.11647529445320678,-0.7881538179048341,-0.668617921055841,-0.4986928082209321,-0.4269939772562403,0.22454048269529908,3.0,train
0.9514710578445064,-0.4164030475790286,-1.0205989410664063,-0.8596378055824154,0.26490100016639395,-0.3640406504953101,0.5168536523510788,-0.6441590086324702,-1.0149319004571768,-0.7881538179048341,-0.668617921055841,-0.4986928082209321,2.3419534074596497,-0.6892489782945812,4.0,train
1.0170057745220633,-1.3084288370736354,0.9798168112492035,1.081905431819191,0.26490100016639395,1.430267575337894,0.04388496689419592,-0.6441590086324702,-0.11647529445320678,-0.7881538179048341,1.4956224900775326,-0.4986928082209321,-0.4269939772562403,0.5119031148075208,3.0,train
0.44321292183412037,0.47562274191557835,0.9798168112492035,0.11113381311838781,-0.7465872499699562,-1.2112538394009047,1.6992753659932862,-0.6441590086324702,-1.0149319004571768,-0.7881538179048341,-0.668617921055841,-0.4986928082209321,-0.4269939772562403,-2.055756807565376,4.0,train
0.5495247955554905,-0.4164030475790286,0.9798168112492035,1.081905431819191,0.26490100016639395,-1.362936923788907,0.9898223378079618,-0.6441590086324702,-1.0149319004571768,-0.7881538179048341,1.4956224900775326,-0.4986928082209321,-0.4269939772562403,-1.6858364986649275,4.0,train
1.2660376978967796,1.3676485314101854,-1.0205989410664063,-0.8596378055824154,-1.7580755001063062,0.7507731528445462,1.2263066805364033,-0.6441590086324702,-0.11647529445320678,1.2687878651128297,-0.668617921055841,-0.4986928082209321,-0.4269939772562403,-1.0361842515312154,4.0,train
-0.5936919287085581,1.3676485314101854,-1.0205989410664063,-0.8596378055824154,1.276389250302744,0.4052237302715873,0.16212713825841665,1.5524117284689836,-1.0149319004571768,-0.7881538179048341,-0.668617921055841,-0.4986928082209321,-0.4269939772562403,-0.4300493672007131,4.0,train
-1.1354455865763622,-1.3084288370736354,-1.0205989410664063,-0.8596378055824154,-0.7465872499699562,0.8553964927195198,0.2803693096226374,1.5524117284689836,-0.11647529445320678,1.2687878651128297,-0.668617921055841,-0.4986928082209321,-0.4269939772562403,-0.42671497165157396,4.0,train
-0.13057993085382252,-1.3084288370736354,0.9798168112492035,-0.8596378055824154,0.26490100016639395,1.3839227759683188,-0.90205240401957,-0.6441590086324702,-0.11647529445320678,-0.7881538179048341,1.4956224900775326,-0.4986928082209321,-0.4269939772562403,1.3066108074412133,1.0,train
1.520894929420612,-1.3084288370736354,0.9798168112492035,1.081905431819191,0.26490100016639395,0.40478414104972954,-0.6655680612911284,-0.6441590086324702,-0.11647529445320678,-0.7881538179048341,-0.668617921055841,-0.4986928082209321,-0.4269939772562403,0.39976334341027475,0.0,train
0.3747655510820054,0.47562274191557835,0.9798168112492035,0.11113381311838781,0.26490100016639395,0.7197223309281007,0.2803693096226374,-0.6441590086324702,-0.11647529445320678,-0.7881538179048341,-0.668617921055841,-0.4986928082209321,-0.4269939772562403,-0.4397551260056068,4.0,train
0.20583161475763637,-0.4164030475790286,-1.0205989410664063,0.11113381311838781,-0.7465872499699562,0.7242551066077952,1.3445488519006241,-0.6441590086324702,-0.11647529445320678,1.2687878651128297,-0.668617921055841,-0.4986928082209321,-0.4269939772562403,-1.325951186671305,4.0,train
0.430105978498609,0.47562274191557835,0.9798168112492035,-0.8596378055824154,0.26490100016639395,-1.0910924555503427,-1.1385367467480114,-0.6441590086324702,1.6804379175547333,-0.7881538179048341,-0.668617921055841,-0.4986928082209321,-0.4269939772562403,0.9482918863167658,2.0,train
1.72186806056512,-1.3084288370736354,0.9798168112492035,-0.8596378055824154,0.26490100016639395,0.5722399753058297,1.3445488519006241,-0.6441590086324702,-0.11647529445320678,-0.7881538179048341,-0.668617921055841,2.0052424729513594,2.3419534074596497,-1.2871300263485113,3.0,train
1.69128519278226,0.47562274191557835,-1.0205989410664063,1.081905431819191,-0.7465872499699562,1.281354186184826,-0.5473258899269078,-0.6441590086324702,0.7819813115507633,-0.7881538179048341,-0.668617921055841,-0.4986928082209321,2.3419534074596497,0.6221482421815496,4.0,train
-1.2781656362297082,0.47562274191557835,0.9798168112492035,1.081905431819191,0.26490100016639395,1.3396828101469636,-0.429083718562687,-0.6441590086324702,0.7819813115507633,-0.7881538179048341,-0.668617921055841,2.0052424729513594,-0.4269939772562403,0.9949204307100521,2.0,train
-1.2126309195521514,-0.4164030475790286,-1.0205989410664063,-0.8596378055824154,1.276389250302744,-0.32235433546423753,-1.729747603569115,1.5524117284689836,1.6804379175547333,-0.7881538179048341,-0.668617921055841,2.0052424729513594,-0.4269939772562403,2.149148682307193,0.0,train
1.1903086919582693,1.3676485314101854,-1.0205989410664063,0.11113381311838781,-0.7465872499699562,1.1729045347357872,-1.2567789181122322,-0.6441590086324702,0.7819813115507633,1.2687878651128297,-0.668617921055841,-0.4986928082209321,-0.4269939772562403,1.740758449163365,0.0,train
-0.05630725195259135,-1.3084288370736354,0.9798168112492035,0.11113381311838781,-0.7465872499699562,-0.18680039670299642,-1.0202945753837906,1.5524117284689836,-0.11647529445320678,-0.7881538179048341,-0.668617921055841,-0.4986928082209321,2.3419534074596497,1.1049989517725345,2.0,train
0.6558366692768606,0.47562274191557835,0.9798168112492035,0.11113381311838781,0.26490100016639395,-1.269940941886266,1.3445488519006241,-0.6441590086324702,-1.0149319004571768,1.2687878651128297,-0.668617921055841,-0.4986928082209321,-0.4269939772562403,-1.7994979311650439,4.0,train
-1.0378716750786663,-0.4164030475790286,0.9798168112492035,-0.8596378055824154,0.26490100016639395,0.5615743877477302,0.6350958237152996,-0.6441590086324702,1.6804379175547333,-0.7881538179048341,-0.668617921055841,2.0052424729513594,-0.4269939772562403,-0.320892564307147,4.0,train
0.4854464059152126,1.3676485314101854,-1.0205989410664063,-0.8596378055824154,-0.7465872499699562,0.07139861908216322,-0.19259937583424555,-0.6441590086324702,-1.0149319004571768,-0.7881538179048341,-0.668617921055841,-0.4986928082209321,-0.4269939772562403,-0.08276378395705569,4.0,train
-0.3970877786758874,0.47562274191557835,-1.0205989410664063,0.11113381311838781,-0.7465872499699562,0.35704687615095104,0.04388496689419592,-0.6441590086324702,1.6804379175547333,-0.7881538179048341,-0.668617921055841,2.0052424729513594,-0.4269939772562403,0.5304831249969356,3.0,train
0.3602022807092149,0.47562274191557835,0.9798168112492035,-0.8596378055824154,2.2878775004390945,-1.1493409300452728,1.2263066805364033,-0.6441590086324702,-1.0149319004571768,-0.7881538179048341,-0.668617921055841,-0.4986928082209321,2.3419534074596497,-1.763498131476396,4.0,train
1.3228344523506623,1.3676485314101854,-1.0205989410664063,-0.8596378055824154,-0.7465872499699562,-0.23599520578201272,1.1080645091721826,-0.6441590086324702,0.7819813115507633,-0.7881538179048341,-0.668617921055841,-0.4986928082209321,-0.4269939772562403,-1.3040778352872797,4.0,train
1.7029358090804925,0.47562274191557835,0.9798168112492035,1.081905431819191,0.26490100016639395,-0.49207534511187484,-1.375021089476453,-0.6441590086324702,-0.11647529445320678,-0.7881538179048341,-0.668617921055841,-0.4986928082209321,-0.4269939772562403,0.9154635541106695,2.0,train
1.6621586520366793,-0.4164030475790286,-1.0205989410664063,-0.8596378055824154,-0.7465872499699562,0.7604694710225816,0.871580166443741,1.5524117284689836,1.6804379175547333,-0.7881538179048341,-0.668617921055841,2.0052424729513594,-0.4269939772562403,-0.36279081478317593,0.0,train
0.2815606206961466,-1.3084288370736354,-1.0205989410664063,-0.8596378055824154,1.276389250302744,0.2051359276432424,-1.4932632608406737,-0.6441590086324702,-1.9133885064611469,1.2687878651128297,-0.668617921055841,-0.4986928082209321,-0.4269939772562403,0.6796073754293436,2.0,train
-0.5718470231493725,-1.3084288370736354,0.9798168112492035,0.11113381311838781,0.26490100016639395,0.7994583882909628,-0.0743572044700248,1.5524117284689836,-0.11647529445320678,-0.7881538179048341,1.4956224900775326,-0.4986928082209321,-0.4269939772562403,0.5123529107157543,3.0,train
-0.6534013372369989,0.47562274191557835,-1.0205989410664063,-0.8596378055824154,-0.7465872499699562,-1.4391710477641892,-1.1385367467480114,-0.6441590086324702,0.7819813115507633,-0.7881538179048341,-0.668617921055841,-0.4986928082209321,-0.4269939772562403,0.6675389444744425,2.0,train
1.11312335898248,-0.4164030475790286,-1.0205989410664063,-0.8596378055824154,0.26490100016639395,0.628050155256097,-0.3108415471984663,-0.6441590086324702,-1.0149319004571768,1.2687878651128297,-0.668617921055841,-0.4986928082209321,-0.4269939772562403,-0.1715090630515462,4.0,train
-1.5767126788719121,-0.4164030475790286,-1.0205989410664063,-0.8596378055824154,-0.7465872499699562,1.273371471191841,0.3986114809868581,1.5524117284689836,-1.0149319004571768,-0.7881538179048341,1.4956224900775326,2.0052424729513594,-0.4269939772562403,0.024630756848305617,4.0,train
0.055829929917894955,-0.4164030475790286,0.9798168112492035,-0.8596378055824154,0.26490100016639395,-0.12749120792115165,-0.6655680612911284,-0.6441590086324702,-0.11647529445320678,1.2687878651128297,1.4956224900775326,-0.4986928082209321,-0.4269939772562403,1.1942822871342158,2.0,train
0.5087476385116773,1.3676485314101854,-1.0205989410664063,-0.8596378055824154,-1.7580755001063062,0.9576343407701704,-0.0743572044700248,-0.6441590086324702,1.6804379175547333,1.2687878651128297,-0.668617921055841,-0.4986928082209321,-0.4269939772562403,0.7673490278110563,2.0,train
1.1670074593618047,-1.3084288370736354,0.9798168112492035,-0.8596378055824154,0.26490100016639395,-1.451573821546472,0.5168536523510788,-0.6441590086324702,-0.11647529445320678,1.2687878651128297,-0.668617921055841,-0.4986928082209321,-0.4269939772562403,-0.7552903428688286,4.0,train
-0.46407882239072334,-0.4164030475790286,0.9798168112492035,0.11113381311838781,-0.7465872499699562,0.7425271800118093,-0.3108415471984663,-0.6441590086324702,-0.11647529445320678,1.2687878651128297,-0.668617921055841,-0.4986928082209321,-0.4269939772562403,0.20657744021783303,3.0,train
0.9602090200681805,-0.4164030475790286,-1.0205989410664063,-0.8596378055824154,0.26490100016639395,0.8031176965167189,-1.4932632608406737,1.5524117284689836,0.7819813115507633,-0.7881538179048341,1.4956224900775326,-0.4986928082209321,-0.4269939772562403,1.7720702047079602,0.0,train
0.7650611970727889,0.47562274191557835,0.9798168112492035,-0.8596378055824154,1.276389250302744,0.3351031423723161,1.2263066805364033,-0.6441590086324702,0.7819813115507633,1.2687878651128297,-0.668617921055841,-0.4986928082209321,-0.4269939772562403,-0.5782563639029163,4.0,train
0.83933387597402,-1.3084288370736354,0.9798168112492035,0.11113381311838781,-0.7465872499699562,-0.8483516209516172,0.7533379950795204,-0.6441590086324702,-0.11647529445320678,-0.7881538179048341,-0.668617921055841,-0.4986928082209321,-0.4269939772562403,-1.2660643859955127,4.0,train
-0.9417540906182494,0.47562274191557835,-1.0205989410664063,0.11113381311838781,-0.7465872499699562,-1.2253594275026778,-1.6115054322048943,1.5524117284689836,-0.11647529445320678,-0.7881538179048341,1.4956224900775326,-0.4986928082209321,-0.4269939772562403,1.5580213921691115,1.0,train
-0.31698979162554003,1.3676485314101854,0.9798168112492035,-0.8596378055824154,1.276389250302744,1.1048634548906995,-0.19259937583424555,-0.6441590086324702,-0.11647529445320678,1.2687878651128297,-0.668617921055841,-0.4986928082209321,-0.4269939772562403,0.02912306561287593,4.0,train
1.2689503519713377,-1.3084288370736354,0.9798168112492035,0.11113381311838781,1.276389250302744,0.7808095722647554,-0.6655680612911284,1.5524117284689836,0.7819813115507633,1.2687878651128297,-0.668617921055841,-0.4986928082209321,-0.4269939772562403,1.2276427473056033,1.0,train
-1.5636057355364008,-0.4164030475790286,-1.0205989410664063,0.11113381311838781,2.2878775004390945,-0.42746317389052113,0.3986114809868581,-0.6441590086324702,-0.11647529445320678,-0.7881538179048341,-0.668617921055841,-0.4986928082209321,-0.4269939772562403,-0.9930708992347224,4.0,train
-1.2068056114030352,-0.4164030475790286,-1.0205989410664063,-0.8596378055824154,-0.7465872499699562,1.7951766202663053,1.1080645091721826,1.5524117284689836,-1.0149319004571768,-0.7881538179048341,1.4956224900775326,-0.4986928082209321,-0.4269939772562403,-1.0680180990516328,4.0,train
-1.436905283293124,-1.3084288370736354,-1.0205989410664063,-0.8596378055824154,0.26490100016639395,-0.5650778471939941,0.6350958237152996,1.5524117284689836,-0.11647529445320678,1.2687878651128297,-0.668617921055841,2.0052424729513594,2.3419534074596497,-0.26131667372603506,4.0,train
1.0665208937895507,1.3676485314101854,-1.0205989410664063,0.11113381311838781,0.26490100016639395,-1.2406549556410695,-1.1385367467480114,-0.6441590086324702,-0.11647529445320678,-0.7881538179048341,-0.668617921055841,-0.4986928082209321,2.3419534074596497,0.37328944564130745,3.0,train
-1.572343697760075,-1.3084288370736354,0.9798168112492035,1.081905431819191,-1.7580755001063062,-1.3447966540392056,0.7533379950795204,-0.6441590086324702,0.7819813115507633,1.2687878651128297,-0.668617921055841,2.0052424729513594,-0.4269939772562403,-0.6033872599866877,4.0,train
-0.5281572120310012,1.3676485314101854,0.9798168112492035,1.081905431819191,-0.7465872499699562,-1.580960670822779,-1.375021089476453,1.5524117284689836,0.7819813115507633,1.2687878651128297,-0.668617921055841,-0.4986928082209321,-0.4269939772562403,1.0606207014922713,2.0,train
-0.39563145163860836,-1.3084288370736354,0.9798168112492035,-0.8596378055824154,0.26490100016639395,1.180083753484929,0.7533379950795204,1.5524117284689836,-1.9133885064611469,-0.7881538179048341,1.4956224900775326,-0.4986928082209321,-0.4269939772562403,-0.5809980540838968,4.0,train
0.7985567189302069,-0.4164030475790286,0.9798168112492035,1.081905431819191,-0.7465872499699562,0.15193440314789283,-0.6655680612911284,-0.6441590086324702,0.7819813115507633,-0.7881538179048341,-0.668617921055841,-0.4986928082209321,-0.4269939772562403,0.6796060354141916,2.0,train
-0.7451499405855786,-1.3084288370736354,0.9798168112492035,2.052677050519994,1.276389250302744,-1.5254167605560285,0.04388496689419592,1.5524117284689836,-0.11647529445320678,-0.7881538179048341,1.4956224900775326,-0.4986928082209321,-0.4269939772562403,-0.33030938123176995,4.0,train
0.7388473104017661,0.47562274191557835,-1.0205989410664063,-0.8596378055824154,-0.7465872499699562,-0.9601785985899871,-0.0743572044700248,1.5524117284689836,-0.11647529445320678,1.2687878651128297,1.4956224900775326,2.0052424729513594,-0.4269939772562403,0.3804513596671026,3.0,train
-0.657770318348836,0.47562274191557835,0.9798168112492035,1.081905431819191,0.26490100016639395,0.5813399667809644,0.2803693096226374,-0.6441590086324702,0.7819813115507633,-0.7881538179048341,1.4956224900775326,-0.4986928082209321,-0.4269939772562403,0.18012924245093645,3.0,train
-1.4864204025606114,-0.4164030475790286,0.9798168112492035,-0.8596378055824154,0.26490100016639395,-1.5721096561275736,1.4627910232648447,-0.6441590086324702,0.7819813115507633,1.2687878651128297,-0.668617921055841,-0.4986928082209321,-0.4269939772562403,-1.8424026910981142,4.0,train
-0.7699075002193224,1.3676485314101854,0.9798168112492035,2.052677050519994,-0.7465872499699562,-0.06987412005451826,0.04388496689419592,-0.6441590086324702,0.7819813115507633,1.2687878651128297,-0.668617921055841,-0.4986928082209321,2.3419534074596497,0.002962985022308498,4.0,train
-0.26456201828349446,-1.3084288370736354,0.9798168112492035,1.081905431819191,2.2878775004390945,1.383339223806479,0.5168536523510788,1.5524117284689836,-1.0149319004571768,-0.7881538179048341,1.4956224900775326,-0.4986928082209321,-0.4269939772562403,-0.23176810049134733,4.0,train
-0.9053459146862733,0.47562274191557835,-1.0205989410664063,1.081905431819191,1.276389250302744,-1.1593571820203648,1.4627910232648447,1.5524117284689836,0.7819813115507633,1.2687878651128297,-0.668617921055841,-0.4986928082209321,-0.4269939772562403,-1.207536211530312,4.0,train
0.7563232348491146,1.3676485314101854,0.9798168112492035,-0.8596378055824154,0.26490100016639395,1.2354010557768194,1.1080645091721826,1.5524117284689836,1.6804379175547333,-0.7881538179048341,1.4956224900775326,-0.4986928082209321,-0.4269939772562403,-0.34330042044271636,4.0,train
0.2786479666215885,1.3676485314101854,0.9798168112492035,1.081905431819191,0.26490100016639395,1.4134321599058075,-0.5473258899269078,-0.6441590086324702,-1.0149319004571768,1.2687878651128297,-0.668617921055841,2.0052424729513594,-0.4269939772562403,0.8786433768313089,2.0,train
-0.6854405320571378,-1.3084288370736354,0.9798168112492035,-0.8596378055824154,0.26490100016639395,-0.935830947875358,1.2263066805364033,-0.6441590086324702,-1.9133885064611469,-0.7881538179048341,1.4956224900775326,-0.4986928082209321,-0.4269939772562403,-1.7516337524394328,4.0,train
-1.3917591451374738,-0.4164030475790286,-1.0205989410664063,-0.8596378055824154,1.276389250302744,-0.6385288296550858,-1.4932632608406737,1.5524117284689836,-0.11647529445320678,-0.7881538179048341,1.4956224900775326,-0.4986928082209321,-0.4269939772562403,1.2910341208027643,1.0,train
0.06893687325340635,0.47562274191557835,0.9798168112492035,-0.8596378055824154,-0.7465872499699562,-1.1892968999774727,1.5810331946290654,-0.6441590086324702,0.7819813115507633,1.2687878651128297,1.4956224900775326,-0.4986928082209321,-0.4269939772562403,-1.490186579892536,4.0,train
-0.7801017894802756,1.3676485314101854,0.9798168112492035,-0.8596378055824154,-1.7580755001063062,0.43151145571742744,0.7533379950795204,-0.6441590086324702,-0.11647529445320678,-0.7881538179048341,1.4956224900775326,-0.4986928082209321,-0.4269939772562403,-0.590003003889818,4.0,train
1.5223512564578912,0.47562274191557835,-1.0205989410664063,1.081905431819191,0.26490100016639395,-0.7820240235876572,0.5168536523510788,1.5524117284689836,0.7819813115507633,1.2687878651128297,-0.668617921055841,-0.4986928082209321,-0.4269939772562403,-0.147608395111935,0.0,train
-1.302923195863452,-1.3084288370736354,0.9798168112492035,-0.8596378055824154,0.26490100016639395,-1.676771235973899,-0.6655680612911284,-0.6441590086324702,-1.9133885064611469,1.2687878651128297,-0.668617921055841,-0.4986928082209321,-0.4269939772562403,-0.26869557907754665,4.0,train
0.8145763163402763,1.3676485314101854,-1.0205989410664063,-0.8596378055824154,0.26490100016639395,-0.9135221920479247,0.04388496689419592,-0.6441590086324702,-0.11647529445320678,1.2687878651128297,-0.668617921055841,-0.4986928082209321,-0.4269939772562403,-0.3427283103655264,4.0,train
-0.9155402039472267,1.3676485314101854,-1.0205989410664063,1.081905431819191,2.2878775004390945,-0.6510790205362816,-1.2567789181122322,-0.6441590086324702,-1.0149319004571768,-0.7881538179048341,-0.668617921055841,-0.4986928082209321,-0.4269939772562403,0.46495728484508236,3.0,train
0.8058383541166021,0.47562274191557835,0.9798168112492035,-0.8596378055824154,-1.7580755001063062,0.39109224414898897,0.2803693096226374,1.5524117284689836,0.7819813115507633,-0.7881538179048341,-0.668617921055841,2.0052424729513594,-0.4269939772562403,-0.05920676057735912,4.0,train
-0.5995172368576743,-0.4164030475790286,0.9798168112492035,0.11113381311838781,1.276389250302744,1.402858795685672,-1.0202945753837906,-0.6441590086324702,1.6804379175547333,-0.7881538179048341,-0.668617921055841,-0.4986928082209321,-0.4269939772562403,1.089448117392629,2.0,train
-1.637878414437632,-0.4164030475790286,0.9798168112492035,0.11113381311838781,-0.7465872499699562,1.345575486539005,1.5810331946290654,-0.6441590086324702,0.7819813115507633,-0.7881538179048341,-0.668617921055841,2.0052424729513594,2.3419534074596497,-1.2551489453775064,4.0,train
-0.43932126275697964,1.3676485314101854,0.9798168112492035,-0.8596378055824154,0.26490100016639395,-0.17334550145493038,-1.4932632608406737,-0.6441590086324702,-1.0149319004571768,-0.7881538179048341,-0.668617921055841,-0.4986928082209321,-0.4269939772562403,0.778727987064139,2.0,train
-0.8004903680021822,-1.3084288370736354,-1.0205989410664063,-0.8596378055824154,0.26490100016639395,-0.25774622420472354,1.6992753659932862,-0.6441590086324702,0.7819813115507633,-0.7881538179048341,-0.668617921055841,-0.4986928082209321,2.3419534074596497,-1.7939409966734448,4.0,train
-1.06262923471241,1.3676485314101854,-1.0205989410664063,-0.8596378055824154,-0.7465872499699562,-0.1637115651743275,0.2803693096226374,-0.6441590086324702,1.6804379175547333,-0.7881538179048341,-0.668617921055841,-0.4986928082209321,-0.4269939772562403,-0.24978528756783996,4.0,train
0.2335018284659382,1.3676485314101854,-1.0205989410664063,-0.8596378055824154,0.26490100016639395,0.25852175905516867,1.1080645091721826,-0.6441590086324702,0.7819813115507633,-0.7881538179048341,-0.668617921055841,-0.4986928082209321,2.3419534074596497,-1.3164817203505905,4.0,train
0.21602590401858968,0.47562274191557835,-1.0205989410664063,0.11113381311838781,-0.7465872499699562,-0.11384362184231847,0.6350958237152996,1.5524117284689836,0.7819813115507633,-0.7881538179048341,-0.668617921055841,-0.4986928082209321,-0.4269939772562403,-0.2440788333318024,4.0,train
1.7378876579751894,-0.4164030475790286,0.9798168112492035,-0.8596378055824154,0.26490100016639395,-0.512252175930196,0.6350958237152996,-0.6441590086324702,-0.11647529445320678,-0.7881538179048341,-0.668617921055841,-0.4986928082209321,2.3419534074596497,-0.8179708518129997,2.0,train
-0.5310698661055593,-1.3084288370736354,-1.0205989410664063,-0.8596378055824154,1.276389250302744,-0.8070518820055128,0.3986114809868581,-0.6441590086324702,0.7819813115507633,1.2687878651128297,-0.668617921055841,2.0052424729513594,-0.4269939772562403,-0.33987869039126456,4.0,train
0.9674906552545758,-0.4164030475790286,-1.0205989410664063,-0.8596378055824154,-0.7465872499699562,-1.3400917889306148,0.3986114809868581,-0.6441590086324702,-1.0149319004571768,-0.7881538179048341,-0.668617921055841,-0.4986928082209321,-0.4269939772562403,-1.2898692957311202,4.0,train
0.9310824793225997,-0.4164030475790286,0.9798168112492035,0.11113381311838781,0.26490100016639395,-0.417376510859302,1.4627910232648447,-0.6441590086324702,-0.11647529445320678,1.2687878651128297,-0.668617921055841,-0.4986928082209321,-0.4269939772562403,-1.5045970850660282,4.0,train
0.7781681404083002,-0.4164030475790286,0.9798168112492035,0.11113381311838781,0.26490100016639395,0.5463741122499696,0.3986114809868581,-0.6441590086324702,-1.0149319004571768,-0.7881538179048341,-0.668617921055841,-0.4986928082209321,-0.4269939772562403,-0.5769827902907054,4.0,train
-0.20193995568049564,0.47562274191557835,0.9798168112492035,-0.8596378055824154,-0.7465872499699562,0.3772050721550899,0.9898223378079618,-0.6441590086324702,-0.11647529445320678,-0.7881538179048341,-0.668617921055841,2.0052424729513594,-0.4269939772562403,-1.2342202365604218,4.0,train
1.6446827275893308,-1.3084288370736354,0.9798168112492035,2.052677050519994,0.26490100016639395,0.8948809701833103,-0.19259937583424555,1.5524117284689836,0.7819813115507633,1.2687878651128297,-0.668617921055841,-0.4986928082209321,2.3419534074596497,0.5210013678856973,1.0,train
-1.3538946421682185,1.3676485314101854,-1.0205989410664063,-0.8596378055824154,-0.7465872499699562,-1.2449801678865973,1.3445488519006241,-0.6441590086324702,0.7819813115507633,-0.7881538179048341,-0.668617921055841,-0.4986928082209321,-0.4269939772562403,-1.4498911700509867,4.0,train
-0.7262176891009511,-0.4164030475790286,0.9798168112492035,-0.8596378055824154,-0.7465872499699562,1.4497696067686585,1.1080645091721826,-0.6441590086324702,0.7819813115507633,-0.7881538179048341,1.4956224900775326,-0.4986928082209321,-0.4269939772562403,-0.49057996747327326,4.0,train
-1.298554214751615,-0.4164030475790286,0.9798168112492035,0.11113381311838781,0.26490100016639395,-0.5026819309546555,-1.2567789181122322,-0.6441590086324702,-0.11647529445320678,-0.7881538179048341,1.4956224900775326,2.0052424729513594,-0.4269939772562403,1.2608914250824816,1.0,train
1.1961340001073855,-0.4164030475790286,0.9798168112492035,0.11113381311838781,-0.7465872499699562,1.1571875831600136,1.1080645091721826,-0.6441590086324702,0.7819813115507633,-0.7881538179048341,-0.668617921055841,-0.4986928082209321,-0.4269939772562403,-1.2218601888967184,4.0,train
-1.064085561749689,0.47562274191557835,-1.0205989410664063,-0.8596378055824154,0.26490100016639395,-0.5392213039202761,-0.19259937583424555,-0.6441590086324702,-0.11647529445320678,1.2687878651128297,1.4956224900775326,-0.4986928082209321,-0.4269939772562403,0.38769117995932395,3.0,train
0.5597190848164438,1.3676485314101854,-1.0205989410664063,-0.8596378055824154,0.26490100016639395,-0.9025952022596244,1.3445488519006241,-0.6441590086324702,0.7819813115507633,1.2687878651128297,-0.668617921055841,-0.4986928082209321,-0.4269939772562403,-1.5393346680146185,4.0,train
-1.0946684295325488,1.3676485314101854,0.9798168112492035,2.052677050519994,-0.7465872499699562,1.3393979287768774,-0.7838102326553492,1.5524117284689836,1.6804379175547333,1.2687878651128297,-0.668617921055841,-0.4986928082209321,-0.4269939772562403,1.2682994132226666,1.0,train
-0.31407713755098193,1.3676485314101854,0.9798168112492035,-0.8596378055824154,1.276389250302744,0.8095112098861271,-0.19259937583424555,1.5524117284689836,-1.0149319004571768,-0.7881538179048341,-0.668617921055841,-0.4986928082209321,-0.4269939772562403,0.261731229185736,3.0,train
-0.8601997765306231,0.47562274191557835,-1.0205989410664063,-0.8596378055824154,1.276389250302744,-1.6125585339709527,0.5168536523510788,-0.6441590086324702,-0.11647529445320678,-0.7881538179048341,1.4956224900775326,-0.4986928082209321,2.3419534074596497,-0.7491386965699176,4.0,train
-1.4412742644049612,1.3676485314101854,-1.0205989410664063,-0.8596378055824154,2.2878775004390945,1.7876506776363565,1.3445488519006241,1.5524117284689836,-1.0149319004571768,1.2687878651128297,-0.668617921055841,-0.4986928082209321,-0.4269939772562403,-1.0310008770719092,4.0,train
-0.6985474753926493,0.47562274191557835,-1.0205989410664063,0.11113381311838781,0.26490100016639395,1.1282232341965794,-1.375021089476453,1.5524117284689836,-0.11647529445320678,1.2687878651128297,-0.668617921055841,-0.4986928082209321,2.3419534074596497,1.7550586818053806,0.0,train
-0.5135939416582108,0.47562274191557835,0.9798168112492035,-0.8596378055824154,-0.7465872499699562,1.4569414771941127,-1.6115054322048943,-0.6441590086324702,-0.11647529445320678,-0.7881538179048341,-0.668617921055841,-0.4986928082209321,-0.4269939772562403,1.2187119230395107,1.0,train
-0.9985508450721321,-1.3084288370736354,-1.0205989410664063,-0.8596378055824154,0.26490100016639395,0.9347304558780783,-0.19259937583424555,-0.6441590086324702,-1.0149319004571768,-0.7881538179048341,1.4956224900775326,-0.4986928082209321,-0.4269939772562403,-0.5370955159693644,4.0,train
1.686916211670423,-0.4164030475790286,0.9798168112492035,-0.8596378055824154,0.26490100016639395,-1.4438420255010114,-1.2567789181122322,1.5524117284689836,1.6804379175547333,1.2687878651128297,1.4956224900775326,-0.4986928082209321,-0.4269939772562403,2.256183619175038,4.0,train
0.33398839403819214,-0.4164030475790286,0.9798168112492035,1.081905431819191,-1.7580755001063062,0.8171388012102562,-0.19259937583424555,1.5524117284689836,-1.0149319004571768,-0.7881538179048341,-0.668617921055841,-0.4986928082209321,-0.4269939772562403,-0.01859390159842092,4.0,train
-0.5966045827831162,0.47562274191557835,-1.0205989410664063,1.081905431819191,2.2878775004390945,-1.2635533259217548,0.7533379950795204,1.5524117284689836,0.7819813115507633,1.2687878651128297,-0.668617921055841,2.0052424729513594,2.3419534074596497,-0.01157524422326743,4.0,train
-0.4830110738753509,1.3676485314101854,0.9798168112492035,0.11113381311838781,0.26490100016639395,1.7614604262183269,1.3445488519006241,1.5524117284689836,0.7819813115507633,-0.7881538179048341,-0.668617921055841,-0.4986928082209321,-0.4269939772562403,-0.4248121388070591,4.0,train
-0.1975709745686585,-1.3084288370736354,0.9798168112492035,0.11113381311838781,1.276389250302744,0.7765512617432588,1.4627910232648447,-0.6441590086324702,-0.11647529445320678,-0.7881538179048341,1.4956224900775326,-0.4986928082209321,-0.4269939772562403,-1.0615016467338823,4.0,train
0.38204718626840056,-0.4164030475790286,0.9798168112492035,-0.8596378055824154,0.26490100016639395,-0.6938827999256372,0.871580166443741,1.5524117284689836,1.6804379175547333,1.2687878651128297,-0.668617921055841,-0.4986928082209321,-0.4269939772562403,-0.6396871718121182,4.0,train
0.8888489952415075,1.3676485314101854,-1.0205989410664063,-0.8596378055824154,0.26490100016639395,0.5443905532552619,-0.90205240401957,1.5524117284689836,0.7819813115507633,-0.7881538179048341,1.4956224900775326,-0.4986928082209321,-0.4269939772562403,1.2109619417163808,1.0,train
-1.0873867943461537,-0.4164030475790286,-1.0205989410664063,1.081905431819191,0.26490100016639395,0.5911873669499186,-0.19259937583424555,-0.6441590086324702,-1.0149319004571768,-0.7881538179048341,-0.668617921055841,-0.4986928082209321,-0.4269939772562403,-0.04853959564631447,4.0,train
0.8640914356077638,-0.4164030475790286,-1.0205989410664063,0.11113381311838781,1.276389250302744,0.6300075693318242,1.2263066805364033,-0.6441590086324702,0.7819813115507633,1.2687878651128297,-0.668617921055841,-0.4986928082209321,-0.4269939772562403,-1.0339101847090184,4.0,train
-0.5092249605463737,-0.4164030475790286,0.9798168112492035,0.11113381311838781,0.26490100016639395,1.127190197039153,0.9898223378079618,1.5524117284689836,0.7819813115507633,1.2687878651128297,1.4956224900775326,-0.4986928082209321,2.3419534074596497,-0.1404058587312773,4.0,train
0.5626317388910019,-1.3084288370736354,0.9798168112492035,-0.8596378055824154,-0.7465872499699562,-0.9758492966451854,-1.6115054322048943,1.5524117284689836,-0.11647529445320678,-0.7881538179048341,-0.668617921055841,-0.4986928082209321,-0.4269939772562403,1.112606767694378,2.0,train
1.178658075660037,0.47562274191557835,0.9798168112492035,-0.8596378055824154,0.26490100016639395,-0.27185287221505666,-0.429083718562687,-0.6441590086324702,-0.11647529445320678,-0.7881538179048341,1.4956224900775326,-0.4986928082209321,2.3419534074596497,0.5881088042145359,3.0,train
0.4723394625797012,-0.4164030475790286,-1.0205989410664063,-0.8596378055824154,-0.7465872499699562,1.701498010887716,-1.729747603569115,-0.6441590086324702,1.6804379175547333,-0.7881538179048341,-0.668617921055841,-0.4986928082209321,-0.4269939772562403,1.7636351678341,0.0,train
-1.4543812077404725,1.3676485314101854,-1.0205989410664063,1.081905431819191,-0.7465872499699562,0.42608796942559596,1.4627910232648447,-0.6441590086324702,0.7819813115507633,1.2687878651128297,-0.668617921055841,2.0052424729513594,-0.4269939772562403,-0.6605705192853775,4.0,train
0.8102073352284391,-0.4164030475790286,0.9798168112492035,2.052677050519994,0.26490100016639395,-1.2831640874465866,0.5168536523510788,-0.6441590086324702,-1.0149319004571768,-0.7881538179048341,-0.668617921055841,-0.4986928082209321,2.3419534074596497,-1.237939341225967,4.0,train
1.1815707297345952,0.47562274191557835,-1.0205989410664063,-0.8596378055824154,-0.7465872499699562,0.6819825901231001,0.9898223378079618,1.5524117284689836,1.6804379175547333,1.2687878651128297,-0.668617921055841,-0.4986928082209321,-0.4269939772562403,0.07327198960606815,4.0,train
1.6374010924029356,0.47562274191557835,0.9798168112492035,-0.8596378055824154,-0.7465872499699562,0.03902987069034075,1.2263066805364033,-0.6441590086324702,0.7819813115507633,1.2687878651128297,1.4956224900775326,-0.4986928082209321,-0.4269939772562403,-0.8829225985596127,3.0,train
-0.9825312476620626,0.47562274191557835,0.9798168112492035,2.052677050519994,0.26490100016639395,0.7296017463641256,-0.19259937583424555,-0.6441590086324702,0.7819813115507633,1.2687878651128297,-0.668617921055841,-0.4986928082209321,-0.4269939772562403,0.40130643136291166,3.0,train
-1.4150603777339383,-0.4164030475790286,0.9798168112492035,-0.8596378055824154,-0.7465872499699562,-1.4889056987143279,1.1080645091721826,-0.6441590086324702,-1.9133885064611469,1.2687878651128297,-0.668617921055841,-0.4986928082209321,-0.4269939772562403,-1.2232400786942892,4.0,train
1.3359413956861736,-1.3084288370736354,-1.0205989410664063,-0.8596378055824154,-1.7580755001063062,-0.9345742258200118,0.04388496689419592,-0.6441590086324702,-0.11647529445320678,-0.7881538179048341,1.4956224900775326,-0.4986928082209321,-0.4269939772562403,-0.49390341029129536,4.0,train
-0.04902561676619613,-0.4164030475790286,0.9798168112492035,-0.8596378055824154,-0.7465872499699562,-0.07723507564658072,0.7533379950795204,1.5524117284689836,0.7819813115507633,-0.7881538179048341,-0.668617921055841,-0.4986928082209321,-0.4269939772562403,-0.1582666371692421,4.0,train
-0.3184461186628191,1.3676485314101854,-1.0205989410664063,0.11113381311838781,1.276389250302744,1.630918536741197,0.7533379950795204,1.5524117284689836,-1.0149319004571768,-0.7881538179048341,1.4956224900775326,2.0052424729513594,-0.4269939772562403,-0.15137505762226994,4.0,train
0.6427297259413493,-1.3084288370736354,0.9798168112492035,-0.8596378055824154,0.26490100016639395,-0.49094985543518255,1.1080645091721826,-0.6441590086324702,-1.0149319004571768,-0.7881538179048341,1.4956224900775326,-0.4986928082209321,2.3419534074596497,-0.833427306930184,4.0,train
-0.8456365061578326,0.47562274191557835,-1.0205989410664063,-0.8596378055824154,1.276389250302744,-0.9423279173615666,1.3445488519006241,1.5524117284689836,1.6804379175547333,1.2687878651128297,1.4956224900775326,-0.4986928082209321,-0.4269939772562403,-0.9809915327600179,4.0,train
-1.369914239578288,0.47562274191557835,-1.0205989410664063,0.11113381311838781,1.276389250302744,-0.0861834603780216,-0.5473258899269078,-0.6441590086324702,1.6804379175547333,1.2687878651128297,-0.668617921055841,-0.4986928082209321,2.3419534074596497,0.5483456509197266,3.0,train
0.37913453219384247,-0.4164030475790286,-1.0205989410664063,1.081905431819191,1.276389250302744,-1.5984261966202236,-0.429083718562687,-0.6441590086324702,-0.11647529445320678,1.2687878651128297,1.4956224900775326,-0.4986928082209321,-0.4269939772562403,0.11089882412882973,4.0,train
-1.0102014613703645,-1.3084288370736354,-1.0205989410664063,-0.8596378055824154,2.2878775004390945,-1.4605932821413328,-1.0202945753837906,-0.6441590086324702,0.7819813115507633,1.2687878651128297,-0.668617921055841,-0.4986928082209321,-0.4269939772562403,0.77812902117591,2.0,train
-0.7364119783619044,-0.4164030475790286,0.9798168112492035,-0.8596378055824154,-1.7580755001063062,-1.0333652292880506,0.2803693096226374,-0.6441590086324702,-0.11647529445320678,-0.7881538179048341,-0.668617921055841,-0.4986928082209321,2.3419534074596497,-1.0509484843167098,4.0,train
0.8568098004213686,0.47562274191557835,-1.0205989410664063,0.11113381311838781,-0.7465872499699562,-0.7813384389458938,0.6350958237152996,1.5524117284689836,0.7819813115507633,1.2687878651128297,-0.668617921055841,2.0052424729513594,-0.4269939772562403,-0.26452440442374114,4.0,train
-1.0495222913768987,1.3676485314101854,0.9798168112492035,1.081905431819191,1.276389250302744,-1.1978653398737762,-1.4932632608406737,1.5524117284689836,0.7819813115507633,-0.7881538179048341,1.4956224900775326,-0.4986928082209321,2.3419534074596497,1.3508574666412456,1.0,train
0.5524374496300486,0.47562274191557835,0.9798168112492035,-0.8596378055824154,0.26490100016639395,-1.0235316358845066,-1.1385367467480114,-0.6441590086324702,0.7819813115507633,-0.7881538179048341,-0.668617921055841,-0.4986928082209321,-0.4269939772562403,0.650842556812075,3.0,train
-0.38980614348949216,-0.4164030475790286,0.9798168112492035,0.11113381311838781,0.26490100016639395,1.1265482013904318,-1.2567789181122322,1.5524117284689836,-0.11647529445320678,1.2687878651128297,1.4956224900775326,-0.4986928082209321,-0.4269939772562403,1.4791075864473282,1.0,train
-1.466031824038705,-0.4164030475790286,-1.0205989410664063,1.081905431819191,0.26490100016639395,-0.3951551583477101,0.7533379950795204,1.5524117284689836,0.7819813115507633,-0.7881538179048341,-0.668617921055841,-0.4986928082209321,-0.4269939772562403,-0.5760572138993802,4.0,train
0.7810807944828583,0.47562274191557835,0.9798168112492035,1.081905431819191,1.276389250302744,0.24671919678775542,0.3986114809868581,-0.6441590086324702,0.7819813115507633,-0.7881538179048341,-0.668617921055841,-0.4986928082209321,-0.4269939772562403,-0.32491554330934375,4.0,train
-1.7281706907489325,-0.4164030475790286,0.9798168112492035,-0.8596378055824154,-0.7465872499699562,1.556969675196199,-1.729747603569115,-0.6441590086324702,0.7819813115507633,1.2687878651128297,-0.668617921055841,-0.4986928082209321,-0.4269939772562403,1.816316096984349,0.0,train
-0.19028933938226328,0.47562274191557835,-1.0205989410664063,0.11113381311838781,0.26490100016639395,0.6862496100749952,0.871580166443741,-0.6441590086324702,-1.0149319004571768,-0.7881538179048341,-0.668617921055841,-0.4986928082209321,-0.4269939772562403,-1.0668344153924028,4.0,train
1.4378842882957066,-0.4164030475790286,-1.0205989410664063,-0.8596378055824154,-0.7465872499699562,0.719765266880752,-1.729747603569115,-0.6441590086324702,-0.11647529445320678,1.2687878651128297,-0.668617921055841,-0.4986928082209321,-0.4269939772562403,1.7856284116169403,2.0,train
-0.7611695379956481,-0.4164030475790286,0.9798168112492035,-0.8596378055824154,-0.7465872499699562,-1.6736620810057763,1.5810331946290654,-0.6441590086324702,-1.0149319004571768,1.2687878651128297,1.4956224900775326,-0.4986928082209321,-0.4269939772562403,-1.5342411352755585,4.0,train
1.6432264005520516,0.47562274191557835,0.9798168112492035,0.11113381311838781,1.276389250302744,0.1149315876545198,1.4627910232648447,-0.6441590086324702,-0.11647529445320678,-0.7881538179048341,-0.668617921055841,-0.4986928082209321,-0.4269939772562403,-1.5429070232739388,3.0,train
-0.3199024457000981,1.3676485314101854,-1.0205989410664063,-0.8596378055824154,0.26490100016639395,-1.3554041653099576,-0.19259937583424555,-0.6441590086324702,1.6804379175547333,1.2687878651128297,-0.668617921055841,-0.4986928082209321,-0.4269939772562403,0.31940450263487996,3.0,train
-1.470400805150542,-0.4164030475790286,0.9798168112492035,-0.8596378055824154,0.26490100016639395,0.20007850395680732,-1.4932632608406737,-0.6441590086324702,0.7819813115507633,-0.7881538179048341,-0.668617921055841,-0.4986928082209321,-0.4269939772562403,1.152723556822041,2.0,train
-0.6373817398269295,-1.3084288370736354,-1.0205989410664063,0.11113381311838781,1.276389250302744,-0.7887645029543078,-1.6115054322048943,-0.6441590086324702,0.7819813115507633,1.2687878651128297,-0.668617921055841,-0.4986928082209321,-0.4269939772562403,1.6352151955485883,1.0,train
-0.622818469454139,1.3676485314101854,0.9798168112492035,-0.8596378055824154,1.276389250302744,-0.3659934622616116,-0.0743572044700248,-0.6441590086324702,-0.11647529445320678,-0.7881538179048341,-0.668617921055841,-0.4986928082209321,-0.4269939772562403,-0.17468459202739195,4.0,train
-0.584953966484884,-1.3084288370736354,-1.0205989410664063,-0.8596378055824154,1.276389250302744,1.7718361722063818,-0.19259937583424555,-0.6441590086324702,-0.11647529445320678,1.2687878651128297,1.4956224900775326,-0.4986928082209321,-0.4269939772562403,0.9752497080933988,2.0,train
0.18107405512389266,1.3676485314101854,-1.0205989410664063,1.081905431819191,-0.7465872499699562,1.8132085467602106,-1.4932632608406737,-0.6441590086324702,0.7819813115507633,1.2687878651128297,-0.668617921055841,-0.4986928082209321,-0.4269939772562403,1.7553798576120947,0.0,train
-1.0203957506313177,0.47562274191557835,0.9798168112492035,-0.8596378055824154,-0.7465872499699562,0.27384047319730026,1.1080645091721826,1.5524117284689836,0.7819813115507633,-0.7881538179048341,-0.668617921055841,2.0052424729513594,-0.4269939772562403,-0.6566314602012338,4.0,train
-1.5199159244180294,-1.3084288370736354,0.9798168112492035,-0.8596378055824154,1.276389250302744,-1.049644391001326,0.871580166443741,-0.6441590086324702,1.6804379175547333,1.2687878651128297,-0.668617921055841,-0.4986928082209321,2.3419534074596497,-0.8422660135750275,4.0,train
-0.6796152239080216,1.3676485314101854,-1.0205989410664063,-0.8596378055824154,0.26490100016639395,1.8054009899085615,0.5168536523510788,-0.6441590086324702,1.6804379175547333,-0.7881538179048341,-0.668617921055841,-0.4986928082209321,-0.4269939772562403,-0.11370419806336081,4.0,train
-0.994181863960295,-0.4164030475790286,-1.0205989410664063,-0.8596378055824154,0.26490100016639395,1.2569345387086406,0.04388496689419592,1.5524117284689836,0.7819813115507633,-0.7881538179048341,1.4956224900775326,-0.4986928082209321,2.3419534074596497,0.49465158518753255,3.0,train
-0.040287654542521874,0.47562274191557835,0.9798168112492035,-0.8596378055824154,0.26490100016639395,1.719994688062476,-0.0743572044700248,1.5524117284689836,-1.0149319004571768,-0.7881538179048341,-0.668617921055841,-0.4986928082209321,-0.4269939772562403,0.5881946224672302,3.0,train
1.7291496957515153,-0.4164030475790286,0.9798168112492035,1.081905431819191,0.26490100016639395,0.36438450728395794,0.3986114809868581,1.5524117284689836,1.6804379175547333,-0.7881538179048341,-0.668617921055841,-0.4986928082209321,-0.4269939772562403,-0.09447263514206818,3.0,train
1.4917683886750313,1.3676485314101854,-1.0205989410664063,-0.8596378055824154,-0.7465872499699562,-1.6892619975049437,1.3445488519006241,-0.6441590086324702,1.6804379175547333,-0.7881538179048341,-0.668617921055841,-0.4986928082209321,-0.4269939772562403,-1.431190007298661,0.0,train
0.4825337518406545,-1.3084288370736354,-1.0205989410664063,1.081905431819191,0.26490100016639395,-0.8785604921805702,-0.0743572044700248,-0.6441590086324702,-0.11647529445320678,-0.7881538179048341,-0.668617921055841,-0.4986928082209321,-0.4269939772562403,0.1761361454096104,3.0,train
0.8713730707941589,1.3676485314101854,0.9798168112492035,-0.8596378055824154,-0.7465872499699562,-1.3081180237042882,-1.0202945753837906,-0.6441590086324702,-0.11647529445320678,-0.7881538179048341,-0.668617921055841,-0.4986928082209321,-0.4269939772562403,0.6050799821598762,3.0,train
-0.46990413053983954,-1.3084288370736354,0.9798168112492035,-0.8596378055824154,1.276389250302744,-1.2291570279991841,1.5810331946290654,-0.6441590086324702,-0.11647529445320678,1.2687878651128297,-0.668617921055841,-0.4986928082209321,-0.4269939772562403,-1.9673673863688599,4.0,train
-0.382524508303097,-1.3084288370736354,0.9798168112492035,1.081905431819191,-0.7465872499699562,1.0171765045885448,0.6350958237152996,1.5524117284689836,0.7819813115507633,-0.7881538179048341,-0.668617921055841,-0.4986928082209321,-0.4269939772562403,0.1462745054565965,3.0,train
-0.7524315757719738,-0.4164030475790286,0.9798168112492035,0.11113381311838781,-0.7465872499699562,-0.22479708752890298,1.4627910232648447,-0.6441590086324702,-0.11647529445320678,1.2687878651128297,1.4956224900775326,2.0052424729513594,-0.4269939772562403,-1.3170901622817233,4.0,train
-0.960686342102877,1.3676485314101854,0.9798168112492035,1.081905431819191,-0.7465872499699562,-0.879214639393042,-1.0202945753837906,-0.6441590086324702,-1.0149319004571768,-0.7881538179048341,-0.668617921055841,2.0052424729513594,-0.4269939772562403,0.27754960831989,3.0,train
-1.0742798510106424,0.47562274191557835,0.9798168112492035,0.11113381311838781,0.26490100016639395,0.650725941804751,-0.3108415471984663,-0.6441590086324702,-1.0149319004571768,1.2687878651128297,-0.668617921055841,-0.4986928082209321,-0.4269939772562403,0.09987240995599012,4.0,train
-1.0830178132343167,-0.4164030475790286,0.9798168112492035,0.11113381311838781,0.26490100016639395,1.4821379261408179,1.1080645091721826,-0.6441590086324702,0.7819813115507633,-0.7881538179048341,1.4956224900775326,2.0052424729513594,-0.4269939772562403,-0.909295553014141,4.0,train
0.38787249441751676,-1.3084288370736354,0.9798168112492035,0.11113381311838781,-0.7465872499699562,0.43440216944582594,1.2263066805364033,-0.6441590086324702,0.7819813115507633,-0.7881538179048341,-0.668617921055841,2.0052424729513594,-0.4269939772562403,-1.2488376099981902,4.0,train
0.329619412926355,0.47562274191557835,-1.0205989410664063,-0.8596378055824154,-0.7465872499699562,0.12864326189339684,0.7533379950795204,-0.6441590086324702,-0.11647529445320678,-0.7881538179048341,-0.668617921055841,-0.4986928082209321,2.3419534074596497,-1.0749077214192049,4.0,train
-0.14077422011477583,0.47562274191557835,-1.0205989410664063,0.11113381311838781,2.2878775004390945,0.9168680157363549,-1.0202945753837906,-0.6441590086324702,-1.0149319004571768,-0.7881538179048341,1.4956224900775326,2.0052424729513594,2.3419534074596497,1.3618159049737968,1.0,train
-1.6218588170275625,-1.3084288370736354,0.9798168112492035,0.11113381311838781,-0.7465872499699562,0.8392553644716289,-0.90205240401957,-0.6441590086324702,-1.9133885064611469,1.2687878651128297,1.4956224900775326,-0.4986928082209321,-0.4269939772562403,0.688291589604144,2.0,train
1.378174879767266,-0.4164030475790286,-1.0205989410664063,0.11113381311838781,0.26490100016639395,0.5838187036850473,1.2263066805364033,-0.6441590086324702,0.7819813115507633,1.2687878651128297,1.4956224900775326,2.0052424729513594,-0.4269939772562403,-0.26594721563331913,4.0,train
0.48690273295249165,-0.4164030475790286,0.9798168112492035,1.081905431819191,-0.7465872499699562,0.9234404837084746,-1.6115054322048943,-0.6441590086324702,0.7819813115507633,-0.7881538179048341,-0.668617921055841,2.0052424729513594,-0.4269939772562403,1.477677966092429,1.0,train
0.7228277129916966,1.3676485314101854,-1.0205989410664063,-0.8596378055824154,0.26490100016639395,0.585761679884625,-1.2567789181122322,1.5524117284689836,-0.11647529445320678,1.2687878651128297,-0.668617921055841,-0.4986928082209321,-0.4269939772562403,1.5668849539759384,1.0,train
-0.3461163323711209,-0.4164030475790286,0.9798168112492035,-0.8596378055824154,1.276389250302744,0.7008946240432149,0.3986114809868581,1.5524117284689836,0.7819813115507633,1.2687878651128297,-0.668617921055841,-0.4986928082209321,-0.4269939772562403,-0.12077824995050787,4.0,train
0.8320522407876249,-1.3084288370736354,-1.0205989410664063,0.11113381311838781,0.26490100016639395,1.5819933290762864,1.3445488519006241,-0.6441590086324702,-0.11647529445320678,-0.7881538179048341,-0.668617921055841,-0.4986928082209321,-0.4269939772562403,-0.9251920729262563,4.0,train
-0.10436604418279977,-0.4164030475790286,-1.0205989410664063,-0.8596378055824154,-0.7465872499699562,1.0806931073502442,0.04388496689419592,-0.6441590086324702,0.7819813115507633,-0.7881538179048341,-0.668617921055841,-0.4986928082209321,-0.4269939772562403,0.26056034644609855,3.0,train
-1.5417608299772152,-1.3084288370736354,-1.0205989410664063,2.052677050519994,0.26490100016639395,-0.4329312553725846,0.3986114809868581,-0.6441590086324702,-1.9133885064611469,1.2687878651128297,-0.668617921055841,2.0052424729513594,2.3419534074596497,-0.773919139936934,4.0,train
-0.4932053631363042,0.47562274191557835,-1.0205989410664063,0.11113381311838781,1.276389250302744,-1.3335983039145876,-0.90205240401957,-0.6441590086324702,0.7819813115507633,1.2687878651128297,-0.668617921055841,-0.4986928082209321,-0.4269939772562403,0.3133674837387042,3.0,train
-0.6257311235286971,-1.3084288370736354,0.9798168112492035,1.081905431819191,-0.7465872499699562,1.4824280147682636,1.3445488519006241,-0.6441590086324702,-1.0149319004571768,1.2687878651128297,-0.668617921055841,2.0052424729513594,-0.4269939772562403,-1.1403741776944456,4.0,train
1.619925167955587,0.47562274191557835,0.9798168112492035,-0.8596378055824154,0.26490100016639395,1.4752850070362058,-0.6655680612911284,1.5524117284689836,-1.0149319004571768,1.2687878651128297,-0.668617921055841,-0.4986928082209321,2.3419534074596497,0.8320118525015632,2.0,train
1.2835136223441281,0.47562274191557835,-1.0205989410664063,1.081905431819191,1.276389250302744,-0.6406823565849898,0.04388496689419592,-0.6441590086324702,0.7819813115507633,1.2687878651128297,-0.668617921055841,-0.4986928082209321,-0.4269939772562403,0.0022918829370914074,4.0,train
-0.9140838769099476,0.47562274191557835,-1.0205989410664063,-0.8596378055824154,-0.7465872499699562,-0.07449102656515484,-0.90205240401957,1.5524117284689836,0.7819813115507633,-0.7881538179048341,1.4956224900775326,2.0052424729513594,-0.4269939772562403,1.523313373302877,1.0,train
-1.4004971073611479,1.3676485314101854,0.9798168112492035,-0.8596378055824154,0.26490100016639395,-0.21389483572781653,-0.0743572044700248,-0.6441590086324702,-1.9133885064611469,-0.7881538179048341,1.4956224900775326,-0.4986928082209321,-0.4269939772562403,-0.2788622967120875,4.0,train
0.6878758640969995,0.47562274191557835,0.9798168112492035,-0.8596378055824154,0.26490100016639395,-1.6544487404898784,-0.7838102326553492,-0.6441590086324702,-1.0149319004571768,-0.7881538179048341,-0.668617921055841,-0.4986928082209321,2.3419534074596497,-0.28542432247282623,4.0,train
-0.05339459787803326,1.3676485314101854,-1.0205989410664063,-0.8596378055824154,1.276389250302744,-0.07781271311565073,-0.429083718562687,-0.6441590086324702,1.6804379175547333,-0.7881538179048341,-0.668617921055841,2.0052424729513594,-0.4269939772562403,0.7673231359154417,2.0,train
0.7271966941035337,1.3676485314101854,-1.0205989410664063,0.11113381311838781,-0.7465872499699562,-1.2457892968405015,-0.7838102326553492,-0.6441590086324702,-0.11647529445320678,-0.7881538179048341,-0.668617921055841,2.0052424729513594,-0.4269939772562403,-0.09052660195113929,4.0,train
0.14029689808007945,1.3676485314101854,0.9798168112492035,0.11113381311838781,-0.7465872499699562,-0.6734803676028411,-1.729747603569115,-0.6441590086324702,1.6804379175547333,-0.7881538179048341,-0.668617921055841,-0.4986928082209321,-0.4269939772562403,1.789211516469786,0.0,train
0.4388439407222832,1.3676485314101854,0.9798168112492035,-0.8596378055824154,0.26490100016639395,-0.9606188613616631,-1.375021089476453,-0.6441590086324702,0.7819813115507633,-0.7881538179048341,1.4956224900775326,2.0052424729513594,-0.4269939772562403,1.5682903351078261,1.0,train
-0.26747467235805256,-0.4164030475790286,-1.0205989410664063,1.081905431819191,-0.7465872499699562,0.12736211276706488,1.6992753659932862,-0.6441590086324702,0.7819813115507633,-0.7881538179048341,-0.668617921055841,-0.4986928082209321,-0.4269939772562403,-1.694764287546429,4.0,train
-0.418932684235073,0.47562274191557835,0.9798168112492035,-0.8596378055824154,0.26490100016639395,0.706615579865269,1.1080645091721826,-0.6441590086324702,-1.0149319004571768,-0.7881538179048341,-0.668617921055841,-0.4986928082209321,-0.4269939772562403,-1.139471747925549,4.0,train
1.4990500238614264,-1.3084288370736354,-1.0205989410664063,1.081905431819191,-0.7465872499699562,-0.6767791394671216,0.9898223378079618,-0.6441590086324702,-0.11647529445320678,1.2687878651128297,1.4956224900775326,-0.4986928082209321,-0.4269939772562403,-0.871006019620012,2.0,train
-0.8150536383749727,-1.3084288370736354,-1.0205989410664063,0.11113381311838781,-0.7465872499699562,-1.3545217318418998,0.6350958237152996,1.5524117284689836,0.7819813115507633,1.2687878651128297,-0.668617921055841,-0.4986928082209321,-0.4269939772562403,-0.6694822780733649,4.0,train
-0.47864209276351377,-0.4164030475790286,-1.0205989410664063,1.081905431819191,0.26490100016639395,0.7848181632778846,-0.3108415471984663,1.5524117284689836,-1.0149319004571768,1.2687878651128297,-0.668617921055841,-0.4986928082209321,-0.4269939772562403,0.23783950021951727,3.0,train
-0.656313991311557,-0.4164030475790286,0.9798168112492035,1.081905431819191,-0.7465872499699562,0.8097388837862861,0.16212713825841665,-0.6441590086324702,-0.11647529445320678,1.2687878651128297,-0.668617921055841,-0.4986928082209321,-0.4269939772562403,-0.020238293914351467,4.0,train
-0.5412641553665126,1.3676485314101854,-1.0205989410664063,-0.8596378055824154,0.26490100016639395,0.8388809912828868,1.3445488519006241,1.5524117284689836,-1.0149319004571768,1.2687878651128297,-0.668617921055841,-0.4986928082209321,2.3419534074596497,-0.8634272645297191,4.0,train
-0.587866620559442,-1.3084288370736354,0.9798168112492035,0.11113381311838781,0.26490100016639395,-0.22758301671246256,-1.4932632608406737,-0.6441590086324702,-0.11647529445320678,-0.7881538179048341,-0.668617921055841,2.0052424729513594,-0.4269939772562403,1.5205887921993895,1.0,train
-1.6102082007293301,1.3676485314101854,-1.0205989410664063,2.052677050519994,-0.7465872499699562,-1.0412852776599124,1.3445488519006241,-0.6441590086324702,-1.0149319004571768,-0.7881538179048341,-0.668617921055841,-0.4986928082209321,2.3419534074596497,-1.8447408224665935,4.0,train
-0.016986421946057186,1.3676485314101854,0.9798168112492035,-0.8596378055824154,1.276389250302744,1.1675151069068603,0.5168536523510788,1.5524117284689836,0.7819813115507633,1.2687878651128297,-0.668617921055841,-0.4986928082209321,-0.4269939772562403,0.25379349460575296,3.0,train
-0.40582574089956164,1.3676485314101854,0.9798168112492035,-0.8596378055824154,-0.7465872499699562,1.7484608532618493,0.9898223378079618,-0.6441590086324702,-0.11647529445320678,-0.7881538179048341,-0.668617921055841,2.0052424729513594,2.3419534074596497,-0.6239091723793281,4.0,train
1.4873994075631942,-1.3084288370736354,-1.0205989410664063,-0.8596378055824154,-0.7465872499699562,0.8627465260102009,-1.2567789181122322,-0.6441590086324702,0.7819813115507633,-0.7881538179048341,1.4956224900775326,-0.4986928082209321,-0.4269939772562403,1.5932295056259203,1.0,train
1.3286597604997785,0.47562274191557835,-1.0205989410664063,0.11113381311838781,1.276389250302744,1.2870747261063507,-1.0202945753837906,-0.6441590086324702,-0.11647529445320678,1.2687878651128297,1.4956224900775326,-0.4986928082209321,-0.4269939772562403,1.2297105585791226,1.0,train
-1.0058324802585272,-1.3084288370736354,-1.0205989410664063,-0.8596378055824154,0.26490100016639395,0.16190697163476994,-1.2567789181122322,1.5524117284689836,-0.11647529445320678,-0.7881538179048341,1.4956224900775326,-0.4986928082209321,-0.4269939772562403,1.2137257705575462,1.0,train
1.5718663757253786,-1.3084288370736354,0.9798168112492035,1.081905431819191,1.276389250302744,0.5045649644598128,0.04388496689419592,-0.6441590086324702,-1.9133885064611469,1.2687878651128297,1.4956224900775326,-0.4986928082209321,-0.4269939772562403,0.4199512944748524,0.0,train
0.5072913114743982,1.3676485314101854,0.9798168112492035,-0.8596378055824154,0.26490100016639395,-0.6083417221625543,0.6350958237152996,-0.6441590086324702,-0.11647529445320678,1.2687878651128297,-0.668617921055841,-0.4986928082209321,-0.4269939772562403,-0.8960262890994447,4.0,train
-1.2097182654775933,0.47562274191557835,0.9798168112492035,1.081905431819191,-0.7465872499699562,-1.5044941780196144,0.04388496689419592,-0.6441590086324702,1.6804379175547333,1.2687878651128297,1.4956224900775326,-0.4986928082209321,2.3419534074596497,-0.15088169411591892,4.0,train
-0.46699147646528144,0.47562274191557835,-1.0205989410664063,0.11113381311838781,0.26490100016639395,-1.0975265895036668,1.3445488519006241,-0.6441590086324702,0.7819813115507633,-0.7881538179048341,-0.668617921055841,-0.4986928082209321,2.3419534074596497,-1.5568624292182358,4.0,train
-0.19174566641954233,-0.4164030475790286,-1.0205989410664063,0.11113381311838781,-0.7465872499699562,0.802987623617916,-0.7838102326553492,1.5524117284689836,-1.9133885064611469,1.2687878651128297,-0.668617921055841,2.0052424729513594,-0.4269939772562403,0.5688749245054131,3.0,train
-1.6305967792512368,1.3676485314101854,-1.0205989410664063,-0.8596378055824154,0.26490100016639395,-0.7788922124033663,-1.375021089476453,-0.6441590086324702,0.7819813115507633,-0.7881538179048341,-0.668617921055841,-0.4986928082209321,-0.4269939772562403,0.907130655312625,2.0,train
1.1932213460328274,1.3676485314101854,0.9798168112492035,-0.8596378055824154,0.26490100016639395,-1.6665384565046333,0.5168536523510788,-0.6441590086324702,0.7819813115507633,-0.7881538179048341,-0.668617921055841,-0.4986928082209321,-0.4269939772562403,-0.5196981285591452,4.0,train
0.41554270812581856,-1.3084288370736354,0.9798168112492035,1.081905431819191,0.26490100016639395,-0.9984538893225294,0.871580166443741,-0.6441590086324702,-0.11647529445320678,-0.7881538179048341,-0.668617921055841,-0.4986928082209321,-0.4269939772562403,-1.0699736400137092,4.0,train
-0.27621263458172685,1.3676485314101854,0.9798168112492035,-0.8596378055824154,-0.7465872499699562,-1.4768546336535016,0.871580166443741,-0.6441590086324702,-0.11647529445320678,-0.7881538179048341,-0.668617921055841,-0.4986928082209321,2.3419534074596497,-1.1534576159231125,4.0,train
1.6417700735147727,1.3676485314101854,-1.0205989410664063,-0.8596378055824154,-0.7465872499699562,-0.9586316902102123,-1.0202945753837906,-0.6441590086324702,-1.0149319004571768,-0.7881538179048341,-0.668617921055841,-0.4986928082209321,-0.4269939772562403,0.11864612972270346,3.0,train
0.009227464724965585,1.3676485314101854,-1.0205989410664063,-0.8596378055824154,0.26490100016639395,0.324136252539487,0.5168536523510788,1.5524117284689836,-1.0149319004571768,-0.7881538179048341,-0.668617921055841,-0.4986928082209321,-0.4269939772562403,-0.7539197883986818,4.0,train
-1.1733100895456172,0.47562274191557835,-1.0205989410664063,2.052677050519994,0.26490100016639395,1.548605351209163,-0.5473258899269078,-0.6441590086324702,1.6804379175547333,-0.7881538179048341,-0.668617921055841,-0.4986928082209321,-0.4269939772562403,0.5907904784712268,3.0,train
-0.6359254127896504,0.47562274191557835,0.9798168112492035,-0.8596378055824154,1.276389250302744,-1.2887620131170514,1.5810331946290654,1.5524117284689836,0.7819813115507633,1.2687878651128297,-0.668617921055841,-0.4986928082209321,-0.4269939772562403,-1.1162732380760452,4.0,train
0.7971003918929278,0.47562274191557835,-1.0205989410664063,-0.8596378055824154,1.276389250302744,0.30760947871763644,-0.90205240401957,-0.6441590086324702,-1.0149319004571768,-0.7881538179048341,-0.668617921055841,-0.4986928082209321,-0.4269939772562403,0.17656275156777998,3.0,train
-0.3213587727373772,-0.4164030475790286,0.9798168112492035,-0.8596378055824154,-0.7465872499699562,1.2070141086245763,-0.0743572044700248,1.5524117284689836,-0.11647529445320678,-0.7881538179048341,-0.668617921055841,-0.4986928082209321,-0.4269939772562403,0.027590820081316178,4.0,train
0.28447327477070466,-0.4164030475790286,0.9798168112492035,1.081905431819191,0.26490100016639395,1.4776290403877776,-1.1385367467480114,-0.6441590086324702,-1.9133885064611469,1.2687878651128297,-0.668617921055841,-0.4986928082209321,-0.4269939772562403,1.2552661803307574,1.0,train
-0.2179595530905651,0.47562274191557835,-1.0205989410664063,2.052677050519994,2.2878775004390945,-1.3750599635950562,0.04388496689419592,-0.6441590086324702,0.7819813115507633,-0.7881538179048341,1.4956224900775326,-0.4986928082209321,-0.4269939772562403,-0.369381356373261,4.0,train
0.17379241993749744,1.3676485314101854,0.9798168112492035,-0.8596378055824154,1.276389250302744,-1.2420086495929998,-0.3108415471984663,-0.6441590086324702,-1.0149319004571768,-0.7881538179048341,-0.668617921055841,-0.4986928082209321,-0.4269939772562403,-0.1903025097896688,4.0,train
-0.19611464753137947,-1.3084288370736354,0.9798168112492035,-0.8596378055824154,-0.7465872499699562,1.0964383594456166,-1.0202945753837906,-0.6441590086324702,1.6804379175547333,1.2687878651128297,-0.668617921055841,2.0052424729513594,-0.4269939772562403,1.6943185814991564,1.0,train
1.1000164156469687,0.47562274191557835,-1.0205989410664063,1.081905431819191,0.26490100016639395,0.4150963937339908,1.2263066805364033,-0.6441590086324702,0.7819813115507633,1.2687878651128297,-0.668617921055841,-0.4986928082209321,-0.4269939772562403,-1.2909135384432808,4.0,train
-1.604382892580214,-0.4164030475790286,0.9798168112492035,-0.8596378055824154,-0.7465872499699562,-0.5818112869785954,-1.2567789181122322,-0.6441590086324702,-1.0149319004571768,1.2687878651128297,1.4956224900775326,-0.4986928082209321,-0.4269939772562403,0.87903487081159,2.0,train
-1.738364980009886,-1.3084288370736354,-1.0205989410664063,1.081905431819191,1.276389250302744,-0.9735891426208267,1.3445488519006241,-0.6441590086324702,-0.11647529445320678,-0.7881538179048341,-0.668617921055841,-0.4986928082209321,-0.4269939772562403,-1.9337455342646295,4.0,train
-0.20339628271777468,1.3676485314101854,0.9798168112492035,0.11113381311838781,0.26490100016639395,1.1115290131409734,-0.19259937583424555,-0.6441590086324702,-1.0149319004571768,1.2687878651128297,-0.668617921055841,-0.4986928082209321,-0.4269939772562403,-0.07120485900393606,4.0,train
-0.8339858898596002,-0.4164030475790286,0.9798168112492035,-0.8596378055824154,0.26490100016639395,-0.785333835932826,1.5810331946290654,-0.6441590086324702,1.6804379175547333,-0.7881538179048341,-0.668617921055841,-0.4986928082209321,-0.4269939772562403,-1.7307890533363708,4.0,train
0.47379578961698027,-1.3084288370736354,-1.0205989410664063,2.052677050519994,0.26490100016639395,0.3738083313403643,-1.1385367467480114,-0.6441590086324702,1.6804379175547333,1.2687878651128297,-0.668617921055841,2.0052424729513594,-0.4269939772562403,1.2558382664593826,1.0,train
0.0470919676942207,-0.4164030475790286,0.9798168112492035,0.11113381311838781,2.2878775004390945,-0.10616600165387027,0.5168536523510788,-0.6441590086324702,-0.11647529445320678,-0.7881538179048341,1.4956224900775326,-0.4986928082209321,-0.4269939772562403,-0.309342395861229,4.0,train
-1.6276841251766787,0.47562274191557835,0.9798168112492035,-0.8596378055824154,-1.7580755001063062,-0.5819869739910569,0.5168536523510788,-0.6441590086324702,-1.0149319004571768,-0.7881538179048341,-0.668617921055841,-0.4986928082209321,-0.4269939772562403,-0.994117545348343,4.0,train
-0.09417175492184646,-0.4164030475790286,0.9798168112492035,-0.8596378055824154,-1.7580755001063062,-0.521237326826996,-1.729747603569115,-0.6441590086324702,-0.11647529445320678,1.2687878651128297,-0.668617921055841,-0.4986928082209321,-0.4269939772562403,1.5138493005663138,1.0,train
-0.37524287311670174,-0.4164030475790286,-1.0205989410664063,0.11113381311838781,0.26490100016639395,-0.2705991662550812,-0.3108415471984663,-0.6441590086324702,-0.11647529445320678,-0.7881538179048341,-0.668617921055841,-0.4986928082209321,-0.4269939772562403,0.05801819888067271,4.0,train
-1.2519517495586856,-1.3084288370736354,-1.0205989410664063,-0.8596378055824154,-0.7465872499699562,-1.641914351316872,-1.375021089476453,-0.6441590086324702,-0.11647529445320678,1.2687878651128297,-0.668617921055841,-0.4986928082209321,-0.4269939772562403,1.1795465974423238,2.0,train
0.7737991592964631,-1.3084288370736354,0.9798168112492035,1.081905431819191,0.26490100016639395,0.9639319280331738,0.04388496689419592,-0.6441590086324702,-0.11647529445320678,-0.7881538179048341,-0.668617921055841,-0.4986928082209321,-0.4269939772562403,-0.44265563603738395,4.0,train
-0.7160233998399977,-1.3084288370736354,0.9798168112492035,2.052677050519994,0.26490100016639395,-1.5299849548710514,0.16212713825841665,1.5524117284689836,0.7819813115507633,-0.7881538179048341,1.4956224900775326,-0.4986928082209321,-0.4269939772562403,-0.1285707662796178,4.0,train
-1.50389632700796,1.3676485314101854,0.9798168112492035,2.052677050519994,0.26490100016639395,0.17520985647289336,-0.90205240401957,-0.6441590086324702,0.7819813115507633,1.2687878651128297,-0.668617921055841,-0.4986928082209321,-0.4269939772562403,0.8379541627383286,2.0,train
1.552934124240751,-0.4164030475790286,0.9798168112492035,-0.8596378055824154,0.26490100016639395,-1.7189401432295937,0.16212713825841665,-0.6441590086324702,1.6804379175547333,1.2687878651128297,-0.668617921055841,2.0052424729513594,-0.4269939772562403,0.05466757155402432,1.0,train
-1.126707624352688,-0.4164030475790286,0.9798168112492035,0.11113381311838781,1.276389250302744,1.8243554363630938,-0.90205240401957,-0.6441590086324702,0.7819813115507633,-0.7881538179048341,-0.668617921055841,-0.4986928082209321,-0.4269939772562403,1.3165858345689627,1.0,train
-0.8354422168968793,0.47562274191557835,0.9798168112492035,0.11113381311838781,2.2878775004390945,-0.8916238082804611,1.2263066805364033,-0.6441590086324702,0.7819813115507633,1.2687878651128297,-0.668617921055841,2.0052424729513594,-0.4269939772562403,-0.7040355557612231,4.0,train
-0.8631124306051811,-0.4164030475790286,-1.0205989410664063,1.081905431819191,2.2878775004390945,0.12045731219791476,-0.3108415471984663,-0.6441590086324702,-1.9133885064611469,-0.7881538179048341,-0.668617921055841,2.0052424729513594,-0.4269939772562403,-0.4611121972139173,4.0,train
0.24369611772689148,-0.4164030475790286,-1.0205989410664063,-0.8596378055824154,0.26490100016639395,1.400135326678068,0.871580166443741,-0.6441590086324702,0.7819813115507633,-0.7881538179048341,-0.668617921055841,-0.4986928082209321,-0.4269939772562403,-0.7901026472070497,4.0,train
-0.5150502686954899,-1.3084288370736354,0.9798168112492035,-0.8596378055824154,0.26490100016639395,-0.09961220541035173,1.3445488519006241,-0.6441590086324702,-1.0149319004571768,1.2687878651128297,-0.668617921055841,2.0052424729513594,-0.4269939772562403,-1.4988471881529568,4.0,train
-0.9126275498726686,0.47562274191557835,-1.0205989410664063,-0.8596378055824154,0.26490100016639395,0.4092219723157492,-1.0202945753837906,-0.6441590086324702,-1.0149319004571768,-0.7881538179048341,-0.668617921055841,-0.4986928082209321,-0.4269939772562403,0.6414599413526537,3.0,train
1.217978905666571,0.47562274191557835,0.9798168112492035,-0.8596378055824154,-0.7465872499699562,1.0936049544010291,1.2263066805364033,1.5524117284689836,-0.11647529445320678,-0.7881538179048341,-0.668617921055841,-0.4986928082209321,-0.4269939772562403,-0.7856171077426886,4.0,train
0.17816140104933456,-0.4164030475790286,0.9798168112492035,-0.8596378055824154,-0.7465872499699562,-1.06140174624229,-1.1385367467480114,-0.6441590086324702,-0.11647529445320678,-0.7881538179048341,-0.668617921055841,-0.4986928082209321,-0.4269939772562403,0.499896788458655,3.0,train
0.058742583992453044,-1.3084288370736354,0.9798168112492035,1.081905431819191,0.26490100016639395,-0.47670466539082645,-1.2567789181122322,-0.6441590086324702,0.7819813115507633,-0.7881538179048341,-0.668617921055841,-0.4986928082209321,-0.4269939772562403,1.1062213633814566,2.0,train
-1.540304502939936,0.47562274191557835,0.9798168112492035,0.11113381311838781,0.26490100016639395,-1.486044839709143,-0.90205240401957,-0.6441590086324702,0.7819813115507633,1.2687878651128297,-0.668617921055841,-0.4986928082209321,-0.4269939772562403,0.9118920574231528,2.0,train
-1.0553475995260149,1.3676485314101854,-1.0205989410664063,0.11113381311838781,0.26490100016639395,-1.0104767488372817,0.871580166443741,-0.6441590086324702,-0.11647529445320678,1.2687878651128297,1.4956224900775326,-0.4986928082209321,-0.4269939772562403,-0.5800211823242515,4.0,train
-0.38398083534037597,-1.3084288370736354,-1.0205989410664063,1.081905431819191,-0.7465872499699562,0.9172564254248478,0.871580166443741,1.5524117284689836,0.7819813115507633,-0.7881538179048341,-0.668617921055841,-0.4986928082209321,-0.4269939772562403,-0.41252945286324,4.0,train
0.39224147552935384,-0.4164030475790286,-1.0205989410664063,0.11113381311838781,-1.7580755001063062,-0.2109885711851551,1.6992753659932862,-0.6441590086324702,-0.11647529445320678,1.2687878651128297,1.4956224900775326,-0.4986928082209321,-0.4269939772562403,-1.4573527166083384,4.0,train
1.3461356849471269,1.3676485314101854,-1.0205989410664063,-0.8596378055824154,-0.7465872499699562,1.3916082364687448,0.2803693096226374,-0.6441590086324702,-1.0149319004571768,1.2687878651128297,1.4956224900775326,-0.4986928082209321,-0.4269939772562403,-0.12059816800240351,4.0,train
-0.3126208105137029,1.3676485314101854,-1.0205989410664063,0.11113381311838781,0.26490100016639395,-0.35337110981848774,0.16212713825841665,-0.6441590086324702,-0.11647529445320678,-0.7881538179048341,-0.668617921055841,2.0052424729513594,-0.4269939772562403,-0.5779535118638611,4.0,train
-1.3072921769752892,-1.3084288370736354,0.9798168112492035,0.11113381311838781,1.276389250302744,-0.30611075037655294,-0.19259937583424555,1.5524117284689836,0.7819813115507633,-0.7881538179048341,1.4956224900775326,-0.4986928082209321,-0.4269939772562403,0.767184523420838,2.0,train
-0.08543379269817221,-0.4164030475790286,0.9798168112492035,-0.8596378055824154,2.2878775004390945,0.42938651676878814,0.3986114809868581,1.5524117284689836,1.6804379175547333,-0.7881538179048341,-0.668617921055841,-0.4986928082209321,-0.4269939772562403,0.1851659289153134,3.0,train
0.32379410477723886,-1.3084288370736354,0.9798168112492035,0.11113381311838781,1.276389250302744,0.9101549698103562,0.6350958237152996,-0.6441590086324702,1.6804379175547333,-0.7881538179048341,-0.668617921055841,-0.4986928082209321,-0.4269939772562403,-0.3414641870347314,4.0,train
0.9034122656142979,-0.4164030475790286,0.9798168112492035,-0.8596378055824154,0.26490100016639395,-0.5118615651660402,-1.4932632608406737,-0.6441590086324702,-1.9133885064611469,-0.7881538179048341,1.4956224900775326,-0.4986928082209321,-0.4269939772562403,0.8404540353970109,2.0,train
0.40389209182758623,-0.4164030475790286,0.9798168112492035,-0.8596378055824154,0.26490100016639395,-0.9621818128221725,-0.19259937583424555,-0.6441590086324702,-1.0149319004571768,-0.7881538179048341,-0.668617921055841,-0.4986928082209321,-0.4269939772562403,-0.24219045787414722,4.0,train
0.7796244674455792,0.47562274191557835,0.9798168112492035,2.052677050519994,-0.7465872499699562,0.5133708335919522,-1.729747603569115,1.5524117284689836,0.7819813115507633,1.2687878651128297,-0.668617921055841,-0.4986928082209321,-0.4269939772562403,2.0944996599823202,0.0,train
-0.5165065957327689,1.3676485314101854,0.9798168112492035,-0.8596378055824154,1.276389250302744,0.4742780454493906,-0.19259937583424555,-0.6441590086324702,-0.11647529445320678,-0.7881538179048341,-0.668617921055841,2.0052424729513594,-0.4269939772562403,-0.15639982767443894,4.0,train
1.1640948052872466,-1.3084288370736354,-1.0205989410664063,-0.8596378055824154,-1.7580755001063062,1.3193963850045547,0.9898223378079618,-0.6441590086324702,-0.11647529445320678,-0.7881538179048341,1.4956224900775326,-0.4986928082209321,-0.4269939772562403,-1.1187104783208937,4.0,train
0.668943612612372,0.47562274191557835,0.9798168112492035,0.11113381311838781,0.26490100016639395,-0.2618419495668007,-1.1385367467480114,-0.6441590086324702,-1.0149319004571768,-0.7881538179048341,-0.668617921055841,-0.4986928082209321,-0.4269939772562403,0.607526283375441,3.0,train
1.5471088160916349,1.3676485314101854,-1.0205989410664063,-0.8596378055824154,0.26490100016639395,-0.664372372633677,0.6350958237152996,1.5524117284689836,-1.9133885064611469,-0.7881538179048341,-0.668617921055841,-0.4986928082209321,-0.4269939772562403,-1.0060846784173054,1.0,train
0.6412733989040702,-1.3084288370736354,0.9798168112492035,1.081905431819191,2.2878775004390945,1.2850368435917947,0.04388496689419592,-0.6441590086324702,-1.0149319004571768,1.2687878651128297,-0.668617921055841,-0.4986928082209321,-0.4269939772562403,-0.3874871533263436,4.0,train
-0.7334993242873463,-1.3084288370736354,0.9798168112492035,1.081905431819191,-0.7465872499699562,-0.449792480078278,1.4627910232648447,-0.6441590086324702,1.6804379175547333,1.2687878651128297,1.4956224900775326,-0.4986928082209321,2.3419534074596497,-1.2110659210712589,4.0,train
0.18835569031028787,-1.3084288370736354,0.9798168112492035,-0.8596378055824154,1.276389250302744,-0.622303155634788,1.2263066805364033,-0.6441590086324702,1.6804379175547333,-0.7881538179048341,1.4956224900775326,-0.4986928082209321,-0.4269939772562403,-0.8644540220669371,4.0,train
-0.4655351494280024,-0.4164030475790286,0.9798168112492035,0.11113381311838781,-0.7465872499699562,1.6922385392689374,-1.6115054322048943,-0.6441590086324702,-1.0149319004571768,1.2687878651128297,-0.668617921055841,-0.4986928082209321,-0.4269939772562403,1.8201840663284536,0.0,train
0.11990831955817284,-1.3084288370736354,0.9798168112492035,-0.8596378055824154,0.26490100016639395,1.6379021614714464,-1.375021089476453,1.5524117284689836,0.7819813115507633,1.2687878651128297,1.4956224900775326,-0.4986928082209321,-0.4269939772562403,2.2784822848638417,0.0,train
-0.7072854376163236,0.47562274191557835,-1.0205989410664063,2.052677050519994,0.26490100016639395,-0.9752999619647555,-0.3108415471984663,-0.6441590086324702,0.7819813115507633,1.2687878651128297,-0.668617921055841,-0.4986928082209321,-0.4269939772562403,0.361863263935192,3.0,train
0.8786547059805542,-1.3084288370736354,-1.0205989410664063,1.081905431819191,-1.7580755001063062,0.24883257431094444,-0.7838102326553492,-0.6441590086324702,-0.11647529445320678,1.2687878651128297,1.4956224900775326,-0.4986928082209321,-0.4269939772562403,0.9663995695275039,2.0,train
-0.8995206065371572,-0.4164030475790286,0.9798168112492035,-0.8596378055824154,0.26490100016639395,-0.8431753992330551,0.3986114809868581,1.5524117284689836,-0.11647529445320678,-0.7881538179048341,-0.668617921055841,-0.4986928082209321,-0.4269939772562403,-0.24704609204566522,4.0,train
-0.6184494883423018,-1.3084288370736354,-1.0205989410664063,0.11113381311838781,0.26490100016639395,0.8694690295661635,-1.2567789181122322,-0.6441590086324702,-1.0149319004571768,-0.7881538179048341,-0.668617921055841,-0.4986928082209321,-0.4269939772562403,0.6487210942169609,3.0,train
-0.9461230717300866,-1.3084288370736354,-1.0205989410664063,2.052677050519994,-0.7465872499699562,-1.703141712964756,-1.1385367467480114,-0.6441590086324702,-1.0149319004571768,1.2687878651128297,-0.668617921055841,-0.4986928082209321,-0.4269939772562403,0.38718026338814093,3.0,train
-1.267971346968755,-0.4164030475790286,-1.0205989410664063,2.052677050519994,2.2878775004390945,1.2393417966870628,0.3986114809868581,-0.6441590086324702,0.7819813115507633,-0.7881538179048341,-0.668617921055841,-0.4986928082209321,-0.4269939772562403,-0.2948824860185348,4.0,train
-0.2995138671781915,-0.4164030475790286,-1.0205989410664063,-0.8596378055824154,-1.7580755001063062,-1.5363103659748554,0.5168536523510788,1.5524117284689836,-0.11647529445320678,-0.7881538179048341,-0.668617921055841,2.0052424729513594,-0.4269939772562403,-0.16239164701137432,4.0,train
1.3563299742080803,0.47562274191557835,0.9798168112492035,-0.8596378055824154,2.2878775004390945,0.07404643346863946,-1.6115054322048943,-0.6441590086324702,0.7819813115507633,1.2687878651128297,1.4956224900775326,-0.4986928082209321,-0.4269939772562403,2.075593505542529,0.0,train
-0.13931789307749678,0.47562274191557835,0.9798168112492035,1.081905431819191,0.26490100016639395,0.09029517289941798,-0.0743572044700248,-0.6441590086324702,0.7819813115507633,1.2687878651128297,1.4956224900775326,-0.4986928082209321,2.3419534074596497,0.1169373426063581,3.0,train
-1.1529215110237105,1.3676485314101854,-1.0205989410664063,-0.8596378055824154,1.276389250302744,0.666470872447299,1.4627910232648447,-0.6441590086324702,-0.11647529445320678,-0.7881538179048341,1.4956224900775326,-0.4986928082209321,-0.4269939772562403,-1.1191236839276473,4.0,train
-0.11747298751831114,0.47562274191557835,-1.0205989410664063,-0.8596378055824154,0.26490100016639395,0.74267005420684,-0.7838102326553492,-0.6441590086324702,1.6804379175547333,-0.7881538179048341,1.4956224900775326,2.0052424729513594,-0.4269939772562403,1.510824439287038,1.0,train
-0.43349595460786344,0.47562274191557835,-1.0205989410664063,-0.8596378055824154,1.276389250302744,1.240684731192708,-0.5473258899269078,-0.6441590086324702,1.6804379175547333,-0.7881538179048341,-0.668617921055841,-0.4986928082209321,-0.4269939772562403,0.7849794555008163,2.0,train
-0.4320396275705844,0.47562274191557835,0.9798168112492035,1.081905431819191,-0.7465872499699562,-0.8333869420749183,1.3445488519006241,1.5524117284689836,-1.0149319004571768,-0.7881538179048341,-0.668617921055841,-0.4986928082209321,-0.4269939772562403,-1.7921287802020345,4.0,train
-0.2631056912462154,-0.4164030475790286,0.9798168112492035,2.052677050519994,-0.7465872499699562,-0.3177021391250651,0.7533379950795204,1.5524117284689836,1.6804379175547333,1.2687878651128297,-0.668617921055841,-0.4986928082209321,-0.4269939772562403,0.02678237479110403,4.0,train
0.567000720002839,-0.4164030475790286,0.9798168112492035,0.11113381311838781,1.276389250302744,0.6650085588085861,0.871580166443741,-0.6441590086324702,-1.0149319004571768,1.2687878651128297,1.4956224900775326,-0.4986928082209321,-0.4269939772562403,-0.46557963469701674,4.0,train
-0.2077652638296118,0.47562274191557835,0.9798168112492035,0.11113381311838781,0.26490100016639395,0.14507163300425066,1.6992753659932862,-0.6441590086324702,-1.0149319004571768,1.2687878651128297,-0.668617921055841,-0.4986928082209321,-0.4269939772562403,-1.630406490701938,4.0,train
-1.0568039265632938,-1.3084288370736354,-1.0205989410664063,2.052677050519994,1.276389250302744,0.1074890396518629,-1.2567789181122322,-0.6441590086324702,0.7819813115507633,1.2687878651128297,1.4956224900775326,-0.4986928082209321,2.3419534074596497,1.2568173186177345,1.0,train
-1.7208890555625374,1.3676485314101854,0.9798168112492035,-0.8596378055824154,-0.7465872499699562,0.26863036304075233,-0.6655680612911284,1.5524117284689836,-0.11647529445320678,-0.7881538179048341,-0.668617921055841,-0.4986928082209321,-0.4269939772562403,0.5413063808126515,3.0,train
-0.349028986445679,1.3676485314101854,0.9798168112492035,-0.8596378055824154,1.276389250302744,1.7300651143126635,-1.375021089476453,1.5524117284689836,-0.11647529445320678,-0.7881538179048341,-0.668617921055841,-0.4986928082209321,-0.4269939772562403,1.2438056662348385,1.0,train
-1.3757395477274041,-1.3084288370736354,-1.0205989410664063,0.11113381311838781,-0.7465872499699562,-0.6212094796198213,-0.90205240401957,-0.6441590086324702,-0.11647529445320678,1.2687878651128297,-0.668617921055841,-0.4986928082209321,-0.4269939772562403,0.24941786048959352,3.0,train
-0.893695298388041,1.3676485314101854,-1.0205989410664063,-0.8596378055824154,0.26490100016639395,1.448865967457167,1.4627910232648447,-0.6441590086324702,-0.11647529445320678,1.2687878651128297,1.4956224900775326,-0.4986928082209321,2.3419534074596497,-0.7722588404091911,4.0,train
-0.6301001046405342,-0.4164030475790286,-1.0205989410664063,0.11113381311838781,-1.7580755001063062,-0.031936443256550595,-0.5473258899269078,1.5524117284689836,-0.11647529445320678,-0.7881538179048341,1.4956224900775326,-0.4986928082209321,-0.4269939772562403,0.5923086152664759,3.0,train
1.4102140745874048,-0.4164030475790286,-1.0205989410664063,0.11113381311838781,1.276389250302744,0.6743719510791375,1.3445488519006241,-0.6441590086324702,-0.11647529445320678,1.2687878651128297,-0.668617921055841,-0.4986928082209321,-0.4269939772562403,-1.1734299593105753,4.0,train
0.6645746315005349,-0.4164030475790286,-1.0205989410664063,-0.8596378055824154,0.26490100016639395,-0.3302750214688875,1.5810331946290654,-0.6441590086324702,0.7819813115507633,-0.7881538179048341,1.4956224900775326,-0.4986928082209321,-0.4269939772562403,-1.2479424274969544,4.0,train
1.206328289368339,-1.3084288370736354,-1.0205989410664063,-0.8596378055824154,-0.7465872499699562,1.640195191514368,-0.5473258899269078,-0.6441590086324702,-0.11647529445320678,-0.7881538179048341,1.4956224900775326,2.0052424729513594,-0.4269939772562403,0.9085083523963493,2.0,train
-1.163115800284664,-0.4164030475790286,0.9798168112492035,2.052677050519994,1.276389250302744,0.931491827230563,-1.0202945753837906,-0.6441590086324702,0.7819813115507633,-0.7881538179048341,-0.668617921055841,-0.4986928082209321,-0.4269939772562403,0.9925254740978653,2.0,train
0.2975802181062161,0.47562274191557835,-1.0205989410664063,0.11113381311838781,-1.7580755001063062,0.6872072826715152,-0.3108415471984663,-0.6441590086324702,0.7819813115507633,1.2687878651128297,-0.668617921055841,-0.4986928082209321,-0.4269939772562403,0.6755437878420392,2.0,train
-1.2111745925148723,0.47562274191557835,-1.0205989410664063,-0.8596378055824154,0.26490100016639395,-1.0399214274100728,0.16212713825841665,-0.6441590086324702,0.7819813115507633,1.2687878651128297,-0.668617921055841,2.0052424729513594,-0.4269939772562403,-0.22505205957054294,4.0,train
-1.1456398758373154,-0.4164030475790286,0.9798168112492035,2.052677050519994,1.276389250302744,0.6783845880895281,-0.429083718562687,-0.6441590086324702,-0.11647529445320678,-0.7881538179048341,1.4956224900775326,-0.4986928082209321,-0.4269939772562403,0.5849068572429783,3.0,train
0.670399939649651,-0.4164030475790286,0.9798168112492035,1.081905431819191,-0.7465872499699562,0.8394077479589377,1.3445488519006241,-0.6441590086324702,-1.9133885064611469,-0.7881538179048341,-0.668617921055841,-0.4986928082209321,-0.4269939772562403,-1.5907609141472474,4.0,train
-0.9199091850590638,1.3676485314101854,-1.0205989410664063,1.081905431819191,0.26490100016639395,0.42459887093424115,-0.7838102326553492,-0.6441590086324702,0.7819813115507633,1.2687878651128297,-0.668617921055841,-0.4986928082209321,-0.4269939772562403,0.8898629832441651,2.0,train
0.7519542537372774,-1.3084288370736354,-1.0205989410664063,-0.8596378055824154,-0.7465872499699562,-0.6164405616187549,-0.0743572044700248,-0.6441590086324702,-0.11647529445320678,-0.7881538179048341,-0.668617921055841,2.0052424729513594,-0.4269939772562403,-0.11233196824208623,4.0,train
1.4466222505193809,0.47562274191557835,0.9798168112492035,-0.8596378055824154,0.26490100016639395,0.07404041288726838,1.3445488519006241,-0.6441590086324702,-0.11647529445320678,-0.7881538179048341,1.4956224900775326,-0.4986928082209321,-0.4269939772562403,-1.5924607735689131,4.0,train
-0.04756928972891709,-0.4164030475790286,0.9798168112492035,0.11113381311838781,-1.7580755001063062,1.0693030330301534,-0.90205240401957,-0.6441590086324702,0.7819813115507633,1.2687878651128297,1.4956224900775326,-0.4986928082209321,-0.4269939772562403,1.1436935038532525,2.0,train
-0.8922389713507619,-0.4164030475790286,-1.0205989410664063,-0.8596378055824154,-0.7465872499699562,-1.0236786176543908,-0.3108415471984663,-0.6441590086324702,-1.0149319004571768,-0.7881538179048341,-0.668617921055841,-0.4986928082209321,-0.4269939772562403,-0.3041433191892443,4.0,train
1.4961373697868683,-1.3084288370736354,-1.0205989410664063,-0.8596378055824154,-1.7580755001063062,-1.6419103925260392,-0.6655680612911284,-0.6441590086324702,-1.0149319004571768,-0.7881538179048341,-0.668617921055841,-0.4986928082209321,-0.4269939772562403,-0.15282412204018003,4.0,train
0.9179755359870884,-0.4164030475790286,0.9798168112492035,0.11113381311838781,1.276389250302744,0.8553876931649458,1.4627910232648447,1.5524117284689836,-1.9133885064611469,-0.7881538179048341,-0.668617921055841,-0.4986928082209321,-0.4269939772562403,-1.9141851312194695,4.0,train
-0.452428206092491,-1.3084288370736354,0.9798168112492035,-0.8596378055824154,0.26490100016639395,-0.8079299727487157,0.5168536523510788,-0.6441590086324702,-0.11647529445320678,-0.7881538179048341,-0.668617921055841,2.0052424729513594,-0.4269939772562403,-0.7827170053696363,4.0,train
-1.2839909443788244,0.47562274191557835,-1.0205989410664063,-0.8596378055824154,0.26490100016639395,-1.3333264446802544,-1.1385367467480114,1.5524117284689836,-1.0149319004571768,-0.7881538179048341,1.4956224900775326,-0.4986928082209321,-0.4269939772562403,1.025929678867674,2.0,train
-0.7174797268772768,1.3676485314101854,0.9798168112492035,0.11113381311838781,0.26490100016639395,-1.5629789548784099,-0.19259937583424555,-0.6441590086324702,-1.9133885064611469,-0.7881538179048341,1.4956224900775326,-0.4986928082209321,-0.4269939772562403,-0.399466886871267,4.0,train
-0.1291236038165435,-0.4164030475790286,0.9798168112492035,1.081905431819191,0.26490100016639395,-0.5509981154742046,1.4627910232648447,-0.6441590086324702,0.7819813115507633,1.2687878651128297,-0.668617921055841,-0.4986928082209321,-0.4269939772562403,-1.542557548552688,4.0,train
-1.3670015855037299,-0.4164030475790286,0.9798168112492035,-0.8596378055824154,0.26490100016639395,-0.974145275489452,-0.90205240401957,1.5524117284689836,-0.11647529445320678,-0.7881538179048341,1.4956224900775326,2.0052424729513594,-0.4269939772562403,0.8952877417551365,2.0,train
1.5995365894336804,1.3676485314101854,-1.0205989410664063,-0.8596378055824154,0.26490100016639395,-0.06864436590084444,1.5810331946290654,1.5524117284689836,0.7819813115507633,-0.7881538179048341,-0.668617921055841,-0.4986928082209321,-0.4269939772562403,-1.6323494473270401,0.0,train
0.08204381658891773,1.3676485314101854,0.9798168112492035,1.081905431819191,0.26490100016639395,-0.6247621777500806,0.5168536523510788,-0.6441590086324702,-0.11647529445320678,-0.7881538179048341,-0.668617921055841,2.0052424729513594,-0.4269939772562403,-0.808616207323541,4.0,train
-0.8791320280152506,-1.3084288370736354,0.9798168112492035,0.11113381311838781,0.26490100016639395,-1.356117492170331,1.6992753659932862,-0.6441590086324702,1.6804379175547333,-0.7881538179048341,1.4956224900775326,-0.4986928082209321,2.3419534074596497,-1.3864631479258858,4.0,train
-0.21941588012784416,0.47562274191557835,-1.0205989410664063,0.11113381311838781,0.26490100016639395,-1.0374024130864736,-1.729747603569115,-0.6441590086324702,0.7819813115507633,1.2687878651128297,-0.668617921055841,-0.4986928082209321,-0.4269939772562403,1.4979359109602965,1.0,train
0.30049287218077414,-1.3084288370736354,-1.0205989410664063,-0.8596378055824154,0.26490100016639395,-0.49720841124847265,-0.429083718562687,-0.6441590086324702,0.7819813115507633,1.2687878651128297,-0.668617921055841,-0.4986928082209321,-0.4269939772562403,0.08390018215608179,4.0,train
0.5568064307418857,-0.4164030475790286,0.9798168112492035,2.052677050519994,-0.7465872499699562,1.6835944898959785,0.9898223378079618,-0.6441590086324702,-1.0149319004571768,-0.7881538179048341,-0.668617921055841,2.0052424729513594,-0.4269939772562403,-0.9850338837231284,4.0,train
-1.3509819880936604,0.47562274191557835,0.9798168112492035,-0.8596378055824154,-0.7465872499699562,-0.5144366495071162,-0.19259937583424555,-0.6441590086324702,-1.9133885064611469,-0.7881538179048341,1.4956224900775326,2.0052424729513594,2.3419534074596497,-0.31979740186655886,4.0,train
-0.9548610339537608,0.47562274191557835,-1.0205989410664063,-0.8596378055824154,-1.7580755001063062,-0.9283363184725946,0.6350958237152996,-0.6441590086324702,-0.11647529445320678,1.2687878651128297,-0.668617921055841,-0.4986928082209321,-0.4269939772562403,-1.1697145919617926,4.0,train
0.12573362770728902,-1.3084288370736354,-1.0205989410664063,0.11113381311838781,0.26490100016639395,1.679965442865788,-0.7838102326553492,1.5524117284689836,1.6804379175547333,-0.7881538179048341,-0.668617921055841,-0.4986928082209321,-0.4269939772562403,1.1179336803470388,2.0,train
0.28738592884526276,-0.4164030475790286,0.9798168112492035,-0.8596378055824154,-0.7465872499699562,-0.7464375951719348,-1.6115054322048943,-0.6441590086324702,-0.11647529445320678,-0.7881538179048341,-0.668617921055841,-0.4986928082209321,-0.4269939772562403,1.01459228011251,2.0,train
-0.33737837014744665,0.47562274191557835,0.9798168112492035,0.11113381311838781,2.2878775004390945,-1.2945159879715882,-1.0202945753837906,1.5524117284689836,-1.0149319004571768,-0.7881538179048341,-0.668617921055841,2.0052424729513594,-0.4269939772562403,0.9854679849830974,2.0,train
0.7301093481780918,0.47562274191557835,0.9798168112492035,-0.8596378055824154,0.26490100016639395,-1.7066597334714826,-1.0202945753837906,-0.6441590086324702,-1.0149319004571768,-0.7881538179048341,1.4956224900775326,-0.4986928082209321,-0.4269939772562403,0.5881356447533167,3.0,train
-1.1048627187935023,1.3676485314101854,-1.0205989410664063,-0.8596378055824154,0.26490100016639395,-0.3098916771556504,1.4627910232648447,1.5524117284689836,-1.0149319004571768,-0.7881538179048341,-0.668617921055841,-0.4986928082209321,-0.4269939772562403,-1.424127184083563,4.0,train
-0.6024298909322324,1.3676485314101854,-1.0205989410664063,-0.8596378055824154,0.26490100016639395,-1.187704582728624,0.9898223378079618,-0.6441590086324702,0.7819813115507633,1.2687878651128297,-0.668617921055841,2.0052424729513594,-0.4269939772562403,-0.7871117141096242,4.0,train
0.33107573996363404,0.47562274191557835,0.9798168112492035,0.11113381311838781,-0.7465872499699562,0.6081716973142983,0.6350958237152996,1.5524117284689836,-1.0149319004571768,-0.7881538179048341,-0.668617921055841,-0.4986928082209321,-0.4269939772562403,-0.3472469240482506,4.0,train
-0.4043694138622826,1.3676485314101854,-1.0205989410664063,1.081905431819191,0.26490100016639395,0.17054278707201043,-1.375021089476453,1.5524117284689836,-0.11647529445320678,1.2687878651128297,1.4956224900775326,-0.4986928082209321,-0.4269939772562403,1.7273042383374457,1.0,train
0.48399007887793355,-0.4164030475790286,-1.0205989410664063,2.052677050519994,0.26490100016639395,-0.7883200141996403,-1.4932632608406737,-0.6441590086324702,-1.0149319004571768,-0.7881538179048341,-0.668617921055841,-0.4986928082209321,-0.4269939772562403,0.8752988253791949,2.0,train
1.6985668279686554,0.47562274191557835,0.9798168112492035,1.081905431819191,0.26490100016639395,-1.6020176070035415,0.5168536523510788,1.5524117284689836,-1.9133885064611469,-0.7881538179048341,-0.668617921055841,-0.4986928082209321,-0.4269939772562403,-0.9277397681595244,2.0,train
-1.1500088569491524,-0.4164030475790286,-1.0205989410664063,2.052677050519994,-0.7465872499699562,-1.7175939974755516,-1.375021089476453,-0.6441590086324702,1.6804379175547333,1.2687878651128297,-0.668617921055841,-0.4986928082209321,-0.4269939772562403,1.1240428635329818,2.0,train
0.5393305062945372,-1.3084288370736354,-1.0205989410664063,-0.8596378055824154,-1.7580755001063062,-0.1866631775991998,0.3986114809868581,-0.6441590086324702,-0.11647529445320678,1.2687878651128297,-0.668617921055841,-0.4986928082209321,-0.4269939772562403,-0.44211166313716826,4.0,train
0.8582661274586476,1.3676485314101854,-1.0205989410664063,1.081905431819191,0.26490100016639395,0.1250211661496768,0.04388496689419592,1.5524117284689836,1.6804379175547333,-0.7881538179048341,1.4956224900775326,-0.4986928082209321,2.3419534074596497,0.2590362515750274,3.0,train
0.703895461507069,-0.4164030475790286,-1.0205989410664063,0.11113381311838781,-0.7465872499699562,-1.2800288892809217,-0.6655680612911284,-0.6441590086324702,-1.0149319004571768,1.2687878651128297,1.4956224900775326,-0.4986928082209321,2.3419534074596497,0.7239503504222233,2.0,train
1.4320589801465904,1.3676485314101854,0.9798168112492035,0.11113381311838781,0.26490100016639395,1.0801374676016426,-0.0743572044700248,-0.6441590086324702,-0.11647529445320678,1.2687878651128297,1.4956224900775326,-0.4986928082209321,-0.4269939772562403,0.5837495064134127,4.0,train
1.0024425041492728,-1.3084288370736354,-1.0205989410664063,-0.8596378055824154,-0.7465872499699562,1.5579495428057422,-1.1385367467480114,-0.6441590086324702,-1.9133885064611469,1.2687878651128297,1.4956224900775326,-0.4986928082209321,2.3419534074596497,0.6419482633953539,3.0,train
-0.24271711272430885,-1.3084288370736354,-1.0205989410664063,0.11113381311838781,-0.7465872499699562,-0.8151525593016634,0.871580166443741,-0.6441590086324702,-1.0149319004571768,-0.7881538179048341,1.4956224900775326,2.0052424729513594,-0.4269939772562403,-1.2828886582472239,4.0,train
-0.15533749048756626,-0.4164030475790286,-1.0205989410664063,0.11113381311838781,1.276389250302744,-1.6725627613755194,-0.19259937583424555,-0.6441590086324702,0.7819813115507633,-0.7881538179048341,-0.668617921055841,-0.4986928082209321,-0.4269939772562403,-0.11091898377214963,4.0,train
-0.9490357258046447,-1.3084288370736354,0.9798168112492035,1.081905431819191,0.26490100016639395,0.24789311175306336,-0.0743572044700248,1.5524117284689836,-0.11647529445320678,-0.7881538179048341,1.4956224900775326,-0.4986928082209321,-0.4269939772562403,0.017959666137843985,4.0,train
1.1495315349144561,-0.4164030475790286,0.9798168112492035,1.081905431819191,-0.7465872499699562,0.5461154520708784,-1.375021089476453,-0.6441590086324702,-1.0149319004571768,1.2687878651128297,-0.668617921055841,-0.4986928082209321,2.3419534074596497,1.568346113622381,1.0,train
0.5116602925862354,0.47562274191557835,-1.0205989410664063,-0.8596378055824154,0.26490100016639395,-0.34066870966076496,0.04388496689419592,-0.6441590086324702,0.7819813115507633,-0.7881538179048341,1.4956224900775326,-0.4986928082209321,-0.4269939772562403,0.24690587538479225,3.0,train
-1.4165167047712175,1.3676485314101854,0.9798168112492035,-0.8596378055824154,1.276389250302744,-0.8335905388782516,-1.375021089476453,-0.6441590086324702,0.7819813115507633,-0.7881538179048341,-0.668617921055841,-0.4986928082209321,-0.4269939772562403,0.7849287690285163,2.0,train
0.6995264803952319,0.47562274191557835,0.9798168112492035,0.11113381311838781,-0.7465872499699562,-1.6190578696343536,-0.3108415471984663,-0.6441590086324702,-1.0149319004571768,-0.7881538179048341,-0.668617921055841,-0.4986928082209321,-0.4269939772562403,-0.5071542207098416,4.0,train
0.41845536220037666,-1.3084288370736354,-1.0205989410664063,-0.8596378055824154,-1.7580755001063062,1.408337233845341,1.3445488519006241,-0.6441590086324702,1.6804379175547333,-0.7881538179048341,-0.668617921055841,-0.4986928082209321,-0.4269939772562403,-0.7333609819158181,4.0,train
-0.2893195779172382,1.3676485314101854,0.9798168112492035,0.11113381311838781,0.26490100016639395,-0.6609660629856458,-1.729747603569115,-0.6441590086324702,0.7819813115507633,-0.7881538179048341,-0.668617921055841,2.0052424729513594,-0.4269939772562403,1.7500549914401604,0.0,train
-1.3451566799445442,1.3676485314101854,0.9798168112492035,0.11113381311838781,0.26490100016639395,0.5919746912696534,-0.429083718562687,-0.6441590086324702,1.6804379175547333,-0.7881538179048341,-0.668617921055841,-0.4986928082209321,-0.4269939772562403,0.33440500878134327,3.0,train
-0.1262109497419854,0.47562274191557835,-1.0205989410664063,1.081905431819191,-0.7465872499699562,1.2905547862375801,0.04388496689419592,1.5524117284689836,0.7819813115507633,1.2687878651128297,-0.668617921055841,-0.4986928082209321,-0.4269939772562403,0.5291082646123257,3.0,train
1.2034156352937808,-0.4164030475790286,0.9798168112492035,-0.8596378055824154,0.26490100016639395,0.690535965302849,-1.375021089476453,-0.6441590086324702,-0.11647529445320678,-0.7881538179048341,-0.668617921055841,-0.4986928082209321,-0.4269939772562403,0.8227639177990221,2.0,train
0.9194318630243674,1.3676485314101854,0.9798168112492035,-0.8596378055824154,0.26490100016639395,-0.17171294684644736,-1.1385367467480114,1.5524117284689836,0.7819813115507633,1.2687878651128297,-0.668617921055841,-0.4986928082209321,-0.4269939772562403,1.5879472114765043,1.0,train
0.8626351085704848,-1.3084288370736354,-1.0205989410664063,-0.8596378055824154,-1.7580755001063062,0.2576845989899603,1.1080645091721826,1.5524117284689836,-1.9133885064611469,-0.7881538179048341,-0.668617921055841,-0.4986928082209321,-0.4269939772562403,-1.3079306718877042,4.0,train
1.0111804663729471,-0.4164030475790286,0.9798168112492035,-0.8596378055824154,-0.7465872499699562,-0.8211585106307192,-0.7838102326553492,-0.6441590086324702,0.7819813115507633,-0.7881538179048341,-0.668617921055841,2.0052424729513594,2.3419534074596497,0.5864396813631216,3.0,train
-1.1762227436201753,-1.3084288370736354,-1.0205989410664063,-0.8596378055824154,-1.7580755001063062,0.0567638564048745,0.2803693096226374,-0.6441590086324702,-0.11647529445320678,-0.7881538179048341,-0.668617921055841,-0.4986928082209321,-0.4269939772562403,-0.5656842673489074,4.0,train
0.7155460778053014,-1.3084288370736354,-1.0205989410664063,-0.8596378055824154,1.276389250302744,0.46680213165087997,-1.1385367467480114,-0.6441590086324702,-0.11647529445320678,-0.7881538179048341,-0.668617921055841,2.0052424729513594,-0.4269939772562403,1.0924004914940566,2.0,train
-1.03204636692955,1.3676485314101854,0.9798168112492035,-0.8596378055824154,-0.7465872499699562,0.05695303289081122,-0.0743572044700248,-0.6441590086324702,-0.11647529445320678,-0.7881538179048341,-0.668617921055841,-0.4986928082209321,2.3419534074596497,-0.30570684204725196,4.0,train
-1.5621494084991216,0.47562274191557835,0.9798168112492035,2.052677050519994,-0.7465872499699562,0.5512922793979301,-1.2567789181122322,-0.6441590086324702,0.7819813115507633,-0.7881538179048341,-0.668617921055841,-0.4986928082209321,-0.4269939772562403,1.3050921611839001,1.0,train
0.40680474590214427,1.3676485314101854,0.9798168112492035,0.11113381311838781,-0.7465872499699562,-0.25452464641576955,-0.90205240401957,-0.6441590086324702,-0.11647529445320678,-0.7881538179048341,-0.668617921055841,-0.4986928082209321,2.3419534074596497,0.3623769144245019,3.0,train
-0.22232853420240223,-1.3084288370736354,-1.0205989410664063,-0.8596378055824154,-1.7580755001063062,0.8855810224117617,1.3445488519006241,-0.6441590086324702,-1.9133885064611469,1.2687878651128297,1.4956224900775326,-0.4986928082209321,-0.4269939772562403,-1.4524003505180119,4.0,train
-1.0436969832277825,1.3676485314101854,0.9798168112492035,2.052677050519994,-1.7580755001063062,0.9563784532784737,-1.375021089476453,-0.6441590086324702,-1.0149319004571768,-0.7881538179048341,-0.668617921055841,-0.4986928082209321,-0.4269939772562403,0.8370768236519505,2.0,train
0.9383641145089949,-0.4164030475790286,0.9798168112492035,-0.8596378055824154,1.276389250302744,-1.3531713842559305,0.2803693096226374,-0.6441590086324702,0.7819813115507633,-0.7881538179048341,-0.668617921055841,-0.4986928082209321,-0.4269939772562403,-0.3435700064988298,4.0,train
0.9791412715528082,-1.3084288370736354,-1.0205989410664063,-0.8596378055824154,-0.7465872499699562,-0.10031877184880851,1.3445488519006241,-0.6441590086324702,-1.0149319004571768,-0.7881538179048341,1.4956224900775326,2.0052424729513594,-0.4269939772562403,-1.3130059804242926,4.0,train
-0.4131073760859569,-1.3084288370736354,0.9798168112492035,-0.8596378055824154,0.26490100016639395,-1.5371026738222509,0.3986114809868581,1.5524117284689836,-1.0149319004571768,-0.7881538179048341,1.4956224900775326,-0.4986928082209321,-0.4269939772562403,-0.5871204295068398,4.0,train
-1.5286538866417037,0.47562274191557835,0.9798168112492035,1.081905431819191,0.26490100016639395,-0.00705685179474241,-1.6115054322048943,1.5524117284689836,-0.11647529445320678,1.2687878651128297,-0.668617921055841,-0.4986928082209321,2.3419534074596497,1.833017794153942,0.0,train
-1.3961281262493108,-0.4164030475790286,-1.0205989410664063,-0.8596378055824154,0.26490100016639395,1.2117542766825629,1.2263066805364033,1.5524117284689836,-0.11647529445320678,-0.7881538179048341,-0.668617921055841,2.0052424729513594,-0.4269939772562403,-0.6919290390765767,4.0,train
1.6941978468568182,-1.3084288370736354,-1.0205989410664063,-0.8596378055824154,-0.7465872499699562,-0.15462145356509807,-0.3108415471984663,1.5524117284689836,-0.11647529445320678,1.2687878651128297,-0.668617921055841,2.0052424729513594,-0.4269939772562403,0.24298647442917914,3.0,train
-1.537391848865378,1.3676485314101854,0.9798168112492035,-0.8596378055824154,-1.7580755001063062,-1.5824514336800433,-1.4932632608406737,-0.6441590086324702,0.7819813115507633,1.2687878651128297,-0.668617921055841,-0.4986928082209321,-0.4269939772562403,1.3460591045051267,1.0,train
-0.6446633750133247,-0.4164030475790286,0.9798168112492035,-0.8596378055824154,1.276389250302744,-1.121842784998606,1.4627910232648447,1.5524117284689836,-1.9133885064611469,-0.7881538179048341,-0.668617921055841,-0.4986928082209321,-0.4269939772562403,-1.7061551027123463,4.0,train
1.7145864253787249,1.3676485314101854,-1.0205989410664063,2.052677050519994,0.26490100016639395,1.6715492354198531,1.2263066805364033,-0.6441590086324702,-0.11647529445320678,-0.7881538179048341,-0.668617921055841,-0.4986928082209321,-0.4269939772562403,-1.161798712178366,1.0,train
0.16068547660198604,1.3676485314101854,0.9798168112492035,2.052677050519994,0.26490100016639395,1.5767682726949444,-0.5473258899269078,-0.6441590086324702,0.7819813115507633,-0.7881538179048341,1.4956224900775326,-0.4986928082209321,-0.4269939772562403,0.9944672563980235,2.0,train
1.3330287416116156,-1.3084288370736354,-1.0205989410664063,-0.8596378055824154,1.276389250302744,1.1945379778997112,0.16212713825841665,1.5524117284689836,-0.11647529445320678,-0.7881538179048341,1.4956224900775326,-0.4986928082209321,-0.4269939772562403,0.3304942168501179,3.0,train
1.6898288657449811,-0.4164030475790286,-1.0205989410664063,-0.8596378055824154,1.276389250302744,-0.4309778443937637,0.871580166443741,-0.6441590086324702,0.7819813115507633,-0.7881538179048341,-0.668617921055841,-0.4986928082209321,-0.4269939772562403,-1.2254710621643023,3.0,train
-1.233019498074058,0.47562274191557835,0.9798168112492035,-0.8596378055824154,-1.7580755001063062,0.4563482485757612,-1.2567789181122322,-0.6441590086324702,-0.11647529445320678,-0.7881538179048341,-0.668617921055841,-0.4986928082209321,-0.4269939772562403,1.014791612923327,2.0,train
0.8305959137503458,-0.4164030475790286,0.9798168112492035,2.052677050519994,-0.7465872499699562,1.3484421667765052,0.871580166443741,-0.6441590086324702,-1.0149319004571768,1.2687878651128297,-0.668617921055841,-0.4986928082209321,-0.4269939772562403,-0.6687552446882132,4.0,train
0.23641448254049627,1.3676485314101854,-1.0205989410664063,1.081905431819191,-0.7465872499699562,0.20265419696065956,-1.729747603569115,-0.6441590086324702,0.7819813115507633,-0.7881538179048341,1.4956224900775326,2.0052424729513594,-0.4269939772562403,1.985544393484431,0.0,train
-0.8412675250459954,0.47562274191557835,0.9798168112492035,0.11113381311838781,2.2878775004390945,0.8632845911383729,0.04388496689419592,-0.6441590086324702,0.7819813115507633,1.2687878651128297,-0.668617921055841,2.0052424729513594,-0.4269939772562403,0.36085619198282676,3.0,train
0.9121502278379722,1.3676485314101854,-1.0205989410664063,0.11113381311838781,-0.7465872499699562,-1.3384158601391904,1.6992753659932862,1.5524117284689836,0.7819813115507633,1.2687878651128297,1.4956224900775326,2.0052424729513594,2.3419534074596497,-0.9805441567145976,4.0,train
-1.3335060636463119,1.3676485314101854,0.9798168112492035,1.081905431819191,0.26490100016639395,0.4388487012273409,0.7533379950795204,-0.6441590086324702,1.6804379175547333,-0.7881538179048341,-0.668617921055841,-0.4986928082209321,2.3419534074596497,-0.3789082916582492,4.0,train
1.47866144533952,0.47562274191557835,0.9798168112492035,-0.8596378055824154,0.26490100016639395,-0.776442436001711,-0.3108415471984663,-0.6441590086324702,1.6804379175547333,-0.7881538179048341,1.4956224900775326,-0.4986928082209321,-0.4269939772562403,0.40267857916554195,0.0,train
1.4291463260720323,1.3676485314101854,-1.0205989410664063,1.081905431819191,-0.7465872499699562,-1.0051396736313012,-1.375021089476453,1.5524117284689836,0.7819813115507633,-0.7881538179048341,-0.668617921055841,-0.4986928082209321,2.3419534074596497,1.3999506253009197,2.0,train
1.5689537216508205,-0.4164030475790286,0.9798168112492035,1.081905431819191,-0.7465872499699562,-0.5889756532654453,1.3445488519006241,1.5524117284689836,0.7819813115507633,-0.7881538179048341,1.4956224900775326,-0.4986928082209321,-0.4269939772562403,-0.6987622544333904,2.0,train
0.8233142785639506,0.47562274191557835,-1.0205989410664063,-0.8596378055824154,-1.7580755001063062,1.4549617254040483,1.2263066805364033,-0.6441590086324702,0.7819813115507633,-0.7881538179048341,-0.668617921055841,-0.4986928082209321,-0.4269939772562403,-0.7340877598484572,4.0,train
1.6097308786946338,-1.3084288370736354,0.9798168112492035,0.11113381311838781,-1.7580755001063062,1.407732307518742,-0.6655680612911284,-0.6441590086324702,-1.0149319004571768,-0.7881538179048341,-0.668617921055841,-0.4986928082209321,-0.4269939772562403,0.5240255007356561,4.0,train
1.0301127178575746,-1.3084288370736354,0.9798168112492035,-0.8596378055824154,-0.7465872499699562,-0.9950090892436085,0.6350958237152996,1.5524117284689836,0.7819813115507633,-0.7881538179048341,-0.668617921055841,-0.4986928082209321,-0.4269939772562403,-0.5809363572353303,4.0,train
1.273319333083175,-1.3084288370736354,0.9798168112492035,2.052677050519994,-1.7580755001063062,0.017265097080884355,-0.19259937583424555,-0.6441590086324702,-1.9133885064611469,-0.7881538179048341,-0.668617921055841,-0.4986928082209321,2.3419534074596497,-0.6453480164493827,4.0,train
-0.22087220716512318,-0.4164030475790286,-1.0205989410664063,-0.8596378055824154,-0.7465872499699562,1.375820846626,-1.6115054322048943,-0.6441590086324702,-0.11647529445320678,1.2687878651128297,-0.668617921055841,-0.4986928082209321,-0.4269939772562403,1.5743103505393203,1.0,train
0.363114934783773,-1.3084288370736354,0.9798168112492035,-0.8596378055824154,-0.7465872499699562,-1.0821400307005449,0.9898223378079618,-0.6441590086324702,-1.0149319004571768,1.2687878651128297,-0.668617921055841,-0.4986928082209321,-0.4269939772562403,-1.4810820089827261,4.0,train
-0.08106481158633508,-0.4164030475790286,0.9798168112492035,-0.8596378055824154,-0.7465872499699562,1.3604036142242715,-0.3108415471984663,-0.6441590086324702,0.7819813115507633,1.2687878651128297,-0.668617921055841,2.0052424729513594,-0.4269939772562403,0.7855308766443354,2.0,train
-1.1281639513899668,-0.4164030475790286,0.9798168112492035,-0.8596378055824154,-0.7465872499699562,-1.6802755368680142,1.3445488519006241,-0.6441590086324702,-0.11647529445320678,-0.7881538179048341,-0.668617921055841,2.0052424729513594,-0.4269939772562403,-1.6910616876110922,4.0,train
-0.485923727949909,-0.4164030475790286,0.9798168112492035,-0.8596378055824154,-1.7580755001063062,-0.4902272122935558,0.871580166443741,-0.6441590086324702,-1.0149319004571768,-0.7881538179048341,1.4956224900775326,-0.4986928082209321,-0.4269939772562403,-0.7971430434003963,4.0,train
1.7043921361177714,-0.4164030475790286,0.9798168112492035,-0.8596378055824154,0.26490100016639395,-0.48489590063440596,0.2803693096226374,-0.6441590086324702,-1.9133885064611469,-0.7881538179048341,-0.668617921055841,-0.4986928082209321,-0.4269939772562403,-0.9892151043667168,2.0,train
-0.4684478035025605,-0.4164030475790286,0.9798168112492035,-0.8596378055824154,2.2878775004390945,-1.2694807476424033,0.16212713825841665,-0.6441590086324702,-0.11647529445320678,-0.7881538179048341,1.4956224900775326,2.0052424729513594,-0.4269939772562403,-0.22489502312474025,4.0,train
1.519438602383333,-1.3084288370736354,-1.0205989410664063,-0.8596378055824154,0.26490100016639395,-1.4701639399129494,-0.6655680612911284,-0.6441590086324702,1.6804379175547333,-0.7881538179048341,1.4956224900775326,-0.4986928082209321,-0.4269939772562403,0.5526793440200696,1.0,train
1.4043887664382886,-1.3084288370736354,-1.0205989410664063,-0.8596378055824154,0.26490100016639395,0.527435850004134,-0.90205240401957,1.5524117284689836,0.7819813115507633,-0.7881538179048341,1.4956224900775326,-0.4986928082209321,-0.4269939772562403,1.39335060574692,1.0,train
0.0019458295385703702,0.47562274191557835,0.9798168112492035,-0.8596378055824154,-1.7580755001063062,0.9216442198084912,0.5168536523510788,-0.6441590086324702,0.7819813115507633,-0.7881538179048341,-0.668617921055841,-0.4986928082209321,2.3419534074596497,-0.09138533435678418,4.0,train
-1.5534114462754474,1.3676485314101854,0.9798168112492035,-0.8596378055824154,-0.7465872499699562,1.5267612462239235,0.871580166443741,1.5524117284689836,0.7819813115507633,-0.7881538179048341,-0.668617921055841,-0.4986928082209321,-0.4269939772562403,-0.5699958579357374,4.0,train
-0.7728201542938804,-1.3084288370736354,0.9798168112492035,-0.8596378055824154,-0.7465872499699562,-0.1594121354360027,-0.0743572044700248,-0.6441590086324702,0.7819813115507633,-0.7881538179048341,-0.668617921055841,-0.4986928082209321,-0.4269939772562403,0.19129671590746458,3.0,train
0.43156230553588804,0.47562274191557835,0.9798168112492035,1.081905431819191,-0.7465872499699562,-0.8253363393764636,0.7533379950795204,-0.6441590086324702,0.7819813115507633,-0.7881538179048341,-0.668617921055841,-0.4986928082209321,-0.4269939772562403,-1.0298771916139837,4.0,train
0.6310791096431169,-0.4164030475790286,-1.0205989410664063,-0.8596378055824154,-0.7465872499699562,1.2694341407888627,0.2803693096226374,1.5524117284689836,0.7819813115507633,-0.7881538179048341,-0.668617921055841,2.0052424729513594,-0.4269939772562403,0.24961336808329895,3.0,train
-1.5271975596044247,0.47562274191557835,-1.0205989410664063,1.081905431819191,-0.7465872499699562,0.7770069034595368,-0.429083718562687,-0.6441590086324702,0.7819813115507633,-0.7881538179048341,1.4956224900775326,-0.4986928082209321,-0.4269939772562403,0.4522372372624882,3.0,train
-0.30679550236458675,-0.4164030475790286,0.9798168112492035,-0.8596378055824154,1.276389250302744,-1.271813294464845,1.6992753659932862,-0.6441590086324702,-1.9133885064611469,-0.7881538179048341,1.4956224900775326,-0.4986928082209321,-0.4269939772562403,-1.9308839000472529,4.0,train
-0.7859270976293918,0.47562274191557835,-1.0205989410664063,-0.8596378055824154,0.26490100016639395,-0.9889702039760323,1.1080645091721826,-0.6441590086324702,0.7819813115507633,1.2687878651128297,-0.668617921055841,-0.4986928082209321,-0.4269939772562403,-1.5139901638532582,4.0,train
1.3432230308725688,-1.3084288370736354,-1.0205989410664063,-0.8596378055824154,-1.7580755001063062,1.6511297615216654,0.16212713825841665,-0.6441590086324702,1.6804379175547333,1.2687878651128297,1.4956224900775326,-0.4986928082209321,-0.4269939772562403,0.5357797552601138,3.0,train
1.4640981749667294,-0.4164030475790286,0.9798168112492035,-0.8596378055824154,-0.7465872499699562,-0.266295306614162,0.04388496689419592,1.5524117284689836,0.7819813115507633,-0.7881538179048341,-0.668617921055841,-0.4986928082209321,-0.4269939772562403,0.1772350018337658,2.0,train
0.9805975985900872,-0.4164030475790286,0.9798168112492035,1.081905431819191,-0.7465872499699562,-1.6154186977218872,1.3445488519006241,-0.6441590086324702,1.6804379175547333,1.2687878651128297,1.4956224900775326,2.0052424729513594,-0.4269939772562403,-0.9495220670354922,4.0,train
-0.6067988720440696,0.47562274191557835,-1.0205989410664063,-0.8596378055824154,-0.7465872499699562,0.1616702755588306,0.871580166443741,-0.6441590086324702,-1.9133885064611469,1.2687878651128297,-0.668617921055841,-0.4986928082209321,-0.4269939772562403,-1.229342768339692,4.0,train
0.7534105807745565,-1.3084288370736354,-1.0205989410664063,0.11113381311838781,-1.7580755001063062,-1.367788024335497,-0.19259937583424555,-0.6441590086324702,-1.0149319004571768,-0.7881538179048341,1.4956224900775326,2.0052424729513594,-0.4269939772562403,-0.0450307897029881,4.0,train
0.6587493233514187,-1.3084288370736354,0.9798168112492035,1.081905431819191,1.276389250302744,1.4016128972523656,1.2263066805364033,-0.6441590086324702,-1.0149319004571768,-0.7881538179048341,-0.668617921055841,-0.4986928082209321,2.3419534074596497,-1.4819000203931365,4.0,train
-0.41747635719779397,-0.4164030475790286,0.9798168112492035,2.052677050519994,0.26490100016639395,0.6271739378668587,0.04388496689419592,1.5524117284689836,-0.11647529445320678,1.2687878651128297,-0.668617921055841,2.0052424729513594,-0.4269939772562403,0.37850927890500746,3.0,train
0.3427263562618664,-1.3084288370736354,-1.0205989410664063,-0.8596378055824154,1.276389250302744,-0.8337123435875533,1.4627910232648447,-0.6441590086324702,-0.11647529445320678,1.2687878651128297,-0.668617921055841,-0.4986928082209321,-0.4269939772562403,-1.2813894218009096,4.0,train
-1.602926565542935,-0.4164030475790286,0.9798168112492035,1.081905431819191,1.276389250302744,1.7052155382101737,1.6992753659932862,-0.6441590086324702,0.7819813115507633,-0.7881538179048341,-0.668617921055841,-0.4986928082209321,2.3419534074596497,-1.2616069279307143,4.0,train
-1.6393347414749109,-0.4164030475790286,-1.0205989410664063,0.11113381311838781,0.26490100016639395,0.6549768708254293,-1.0202945753837906,-0.6441590086324702,-0.11647529445320678,1.2687878651128297,-0.668617921055841,-0.4986928082209321,-0.4269939772562403,1.127150379738988,2.0,train
-1.234475825111337,1.3676485314101854,0.9798168112492035,-0.8596378055824154,-1.7580755001063062,-0.46044328807855933,-0.429083718562687,-0.6441590086324702,0.7819813115507633,-0.7881538179048341,-0.668617921055841,-0.4986928082209321,-0.4269939772562403,-0.5534395818851073,4.0,train
0.6048652229720941,-0.4164030475790286,-1.0205989410664063,-0.8596378055824154,-0.7465872499699562,0.8814424415641842,1.3445488519006241,-0.6441590086324702,0.7819813115507633,-0.7881538179048341,1.4956224900775326,-0.4986928082209321,-0.4269939772562403,-1.0168653794553222,4.0,train
-0.025724384169731444,0.47562274191557835,-1.0205989410664063,-0.8596378055824154,0.26490100016639395,-1.0205757347796764,0.2803693096226374,-0.6441590086324702,-1.0149319004571768,-0.7881538179048341,-0.668617921055841,-0.4986928082209321,2.3419534074596497,-1.1653939327068976,4.0,train
-0.8558307954187859,1.3676485314101854,0.9798168112492035,0.11113381311838781,1.276389250302744,1.6370676244519569,0.871580166443741,1.5524117284689836,-0.11647529445320678,-0.7881538179048341,-0.668617921055841,-0.4986928082209321,-0.4269939772562403,-0.7265092982936887,4.0,train
-1.5097216351570761,1.3676485314101854,-1.0205989410664063,-0.8596378055824154,-0.7465872499699562,-0.8899265373325604,0.6350958237152996,-0.6441590086324702,0.7819813115507633,-0.7881538179048341,-0.668617921055841,-0.4986928082209321,2.3419534074596497,-0.766809612657171,4.0,train
0.2771916395843095,-1.3084288370736354,-1.0205989410664063,0.11113381311838781,-1.7580755001063062,0.6108842982336053,-0.0743572044700248,-0.6441590086324702,0.7819813115507633,-0.7881538179048341,-0.668617921055841,-0.4986928082209321,-0.4269939772562403,0.24896287889202526,3.0,train
0.1898120173475669,-1.3084288370736354,0.9798168112492035,-0.8596378055824154,2.2878775004390945,-0.7243107847945371,-0.429083718562687,-0.6441590086324702,0.7819813115507633,1.2687878651128297,-0.668617921055841,-0.4986928082209321,-0.4269939772562403,0.3185358945049127,3.0,train
0.6485550340904654,-1.3084288370736354,0.9798168112492035,2.052677050519994,-0.7465872499699562,-0.45192300943951347,-1.6115054322048943,-0.6441590086324702,-0.11647529445320678,-0.7881538179048341,-0.668617921055841,-0.4986928082209321,-0.4269939772562403,1.1655400997748828,2.0,train
1.4713798101531246,0.47562274191557835,0.9798168112492035,-0.8596378055824154,1.276389250302744,0.33328868115519794,-0.5473258899269078,-0.6441590086324702,-1.9133885064611469,1.2687878651128297,-0.668617921055841,-0.4986928082209321,-0.4269939772562403,0.09993681277369697,4.0,train
-1.3903028181001946,0.47562274191557835,0.9798168112492035,-0.8596378055824154,0.26490100016639395,-1.0757083429345065,-0.19259937583424555,-0.6441590086324702,-1.9133885064611469,1.2687878651128297,1.4956224900775326,-0.4986928082209321,-0.4269939772562403,-0.2772652462364561,4.0,train
1.3170091442015461,0.47562274191557835,-1.0205989410664063,0.11113381311838781,1.276389250302744,-0.690005241142758,-1.0202945753837906,-0.6441590086324702,-0.11647529445320678,-0.7881538179048341,-0.668617921055841,-0.4986928082209321,-0.4269939772562403,0.16895165879290186,3.0,train
-0.8034030220767403,1.3676485314101854,-1.0205989410664063,-0.8596378055824154,0.26490100016639395,-0.46194282998608066,0.5168536523510788,-0.6441590086324702,-0.11647529445320678,1.2687878651128297,-0.668617921055841,2.0052424729513594,-0.4269939772562403,-0.7691731219615116,4.0,train
0.0034021565758494132,0.47562274191557835,-1.0205989410664063,2.052677050519994,2.2878775004390945,0.3427542225531113,0.3986114809868581,1.5524117284689836,-1.0149319004571768,-0.7881538179048341,-0.668617921055841,-0.4986928082209321,-0.4269939772562403,-0.8189204011636068,4.0,train
1.7189554064905619,0.47562274191557835,0.9798168112492035,1.081905431819191,0.26490100016639395,0.885437605485647,-1.375021089476453,-0.6441590086324702,-1.9133885064611469,1.2687878651128297,-0.668617921055841,-0.4986928082209321,-0.4269939772562403,1.11714393104596,1.0,train
-0.27038732643261065,-1.3084288370736354,0.9798168112492035,2.052677050519994,0.26490100016639395,-0.8652555146551005,0.871580166443741,-0.6441590086324702,-1.0149319004571768,-0.7881538179048341,1.4956224900775326,2.0052424729513594,-0.4269939772562403,-1.170975360038018,4.0,train
1.1713764404736418,0.47562274191557835,0.9798168112492035,0.11113381311838781,0.26490100016639395,-0.897742494130373,1.2263066805364033,-0.6441590086324702,1.6804379175547333,1.2687878651128297,-0.668617921055841,2.0052424729513594,-0.4269939772562403,-1.1455920360865974,4.0,train
-0.07087052232538177,-0.4164030475790286,-1.0205989410664063,-0.8596378055824154,-0.7465872499699562,-0.1532896510369796,0.2803693096226374,-0.6441590086324702,0.7819813115507633,-0.7881538179048341,-0.668617921055841,-0.4986928082209321,-0.4269939772562403,-0.7038070848438698,4.0,train
-1.1922423410302447,-1.3084288370736354,-1.0205989410664063,0.11113381311838781,-1.7580755001063062,-0.06928632223256108,-1.6115054322048943,-0.6441590086324702,-1.0149319004571768,1.2687878651128297,-0.668617921055841,-0.4986928082209321,-0.4269939772562403,1.1911336329005524,2.0,train
-1.712151093338863,-0.4164030475790286,0.9798168112492035,-0.8596378055824154,1.276389250302744,-1.2560830073447475,-1.4932632608406737,-0.6441590086324702,0.7819813115507633,-0.7881538179048341,-0.668617921055841,-0.4986928082209321,2.3419534074596497,0.9548179101754176,2.0,train
0.9223445170989255,-1.3084288370736354,0.9798168112492035,0.11113381311838781,-1.7580755001063062,-0.5111820756981083,-0.0743572044700248,-0.6441590086324702,-1.9133885064611469,-0.7881538179048341,1.4956224900775326,-0.4986928082209321,-0.4269939772562403,-0.22619171981082964,4.0,train
-1.5985575844310977,-0.4164030475790286,-1.0205989410664063,-0.8596378055824154,1.276389250302744,-0.19259328274603277,1.2263066805364033,-0.6441590086324702,-0.11647529445320678,1.2687878651128297,-0.668617921055841,2.0052424729513594,2.3419534074596497,-1.249239105144015,4.0,train
0.6456423800159073,-0.4164030475790286,-1.0205989410664063,-0.8596378055824154,-0.7465872499699562,0.7999333951223893,-0.5473258899269078,-0.6441590086324702,1.6804379175547333,1.2687878651128297,1.4956224900775326,2.0052424729513594,-0.4269939772562403,1.344994319160866,1.0,train
0.5451558144436534,-0.4164030475790286,-1.0205989410664063,-0.8596378055824154,1.276389250302744,-1.1904115356038378,-0.90205240401957,-0.6441590086324702,1.6804379175547333,-0.7881538179048341,-0.668617921055841,-0.4986928082209321,-0.4269939772562403,0.34442241250338246,3.0,train
0.2859296018079837,1.3676485314101854,0.9798168112492035,1.081905431819191,0.26490100016639395,-0.1286445090889658,1.2263066805364033,-0.6441590086324702,0.7819813115507633,-0.7881538179048341,-0.668617921055841,-0.4986928082209321,2.3419534074596497,-1.1477912563990922,4.0,train
0.21893855809314777,0.47562274191557835,-1.0205989410664063,1.081905431819191,-0.7465872499699562,-1.1647621816680935,0.7533379950795204,1.5524117284689836,0.7819813115507633,-0.7881538179048341,1.4956224900775326,-0.4986928082209321,2.3419534074596497,-0.2750631094997685,4.0,train
0.36748391589561014,-0.4164030475790286,0.9798168112492035,0.11113381311838781,0.26490100016639395,-1.6496194113717604,0.3986114809868581,-0.6441590086324702,0.7819813115507633,1.2687878651128297,-0.668617921055841,-0.4986928082209321,-0.4269939772562403,-0.5925937489648071,4.0,train
-1.0859304673088748,-0.4164030475790286,-1.0205989410664063,2.052677050519994,0.26490100016639395,1.441282418057807,1.1080645091721826,-0.6441590086324702,0.7819813115507633,1.2687878651128297,1.4956224900775326,-0.4986928082209321,2.3419534074596497,-0.4550261226996317,4.0,train
0.028159716209593143,-1.3084288370736354,0.9798168112492035,-0.8596378055824154,-0.7465872499699562,-1.403459131497017,-1.1385367467480114,-0.6441590086324702,-1.0149319004571768,1.2687878651128297,-0.668617921055841,2.0052424729513594,-0.4269939772562403,0.5822046150851944,3.0,train
1.3708932445808706,1.3676485314101854,-1.0205989410664063,-0.8596378055824154,-1.7580755001063062,-0.4142142695663015,0.871580166443741,1.5524117284689836,1.6804379175547333,-0.7881538179048341,-0.668617921055841,-0.4986928082209321,-0.4269939772562403,-0.48887264967154687,4.0,train
0.4519508840577946,1.3676485314101854,-1.0205989410664063,0.11113381311838781,-0.7465872499699562,-1.0956701400210704,-1.729747603569115,-0.6441590086324702,-0.11647529445320678,1.2687878651128297,-0.668617921055841,-0.4986928082209321,-0.4269939772562403,1.0927460478840305,2.0,train
1.1262303023179914,-1.3084288370736354,-1.0205989410664063,0.11113381311838781,-1.7580755001063062,-0.2606088648648706,-0.19259937583424555,1.5524117284689836,0.7819813115507633,1.2687878651128297,-0.668617921055841,-0.4986928082209321,-0.4269939772562403,0.47215760465484746,3.0,train
1.5369145268306816,0.47562274191557835,-1.0205989410664063,-0.8596378055824154,1.276389250302744,1.279577835127865,0.3986114809868581,-0.6441590086324702,-0.11647529445320678,1.2687878651128297,-0.668617921055841,-0.4986928082209321,-0.4269939772562403,-0.3679087900266123,1.0,train
0.21456957698131063,-1.3084288370736354,0.9798168112492035,-0.8596378055824154,-0.7465872499699562,1.2866333004737958,-0.6655680612911284,-0.6441590086324702,-0.11647529445320678,-0.7881538179048341,1.4956224900775326,-0.4986928082209321,-0.4269939772562403,0.7897609065199129,2.0,train
-0.9810749206247836,-0.4164030475790286,-1.0205989410664063,-0.8596378055824154,0.26490100016639395,-0.4990796128264431,0.5168536523510788,1.5524117284689836,-1.0149319004571768,-0.7881538179048341,-0.668617921055841,-0.4986928082209321,-0.4269939772562403,-0.6780163823969696,4.0,train
-1.7325396718607697,-1.3084288370736354,-1.0205989410664063,0.11113381311838781,-0.7465872499699562,1.0515678796021857,-0.5473258899269078,-0.6441590086324702,0.7819813115507633,-0.7881538179048341,1.4956224900775326,-0.4986928082209321,-0.4269939772562403,0.9221227021595526,2.0,train
0.29029858291982086,-0.4164030475790286,-1.0205989410664063,-0.8596378055824154,-0.7465872499699562,-0.3433952740622296,-0.19259937583424555,-0.6441590086324702,0.7819813115507633,-0.7881538179048341,-0.668617921055841,-0.4986928082209321,2.3419534074596497,-0.01258047843809412,4.0,train
0.4752521166542593,-1.3084288370736354,-1.0205989410664063,2.052677050519994,-0.7465872499699562,-0.046822325602475796,-0.7838102326553492,-0.6441590086324702,0.7819813115507633,1.2687878651128297,1.4956224900775326,-0.4986928082209321,-0.4269939772562403,0.7297313305327117,2.0,train
-0.6606829724233941,-0.4164030475790286,0.9798168112492035,-0.8596378055824154,0.26490100016639395,-1.3176599221407685,0.3986114809868581,1.5524117284689836,0.7819813115507633,1.2687878651128297,-0.668617921055841,-0.4986928082209321,-0.4269939772562403,-0.19105104649100202,4.0,train
-1.7179764014879793,1.3676485314101854,-1.0205989410664063,2.052677050519994,-0.7465872499699562,0.07321828924931012,-0.0743572044700248,-0.6441590086324702,-0.11647529445320678,1.2687878651128297,1.4956224900775326,-0.4986928082209321,-0.4269939772562403,0.3629385298922811,3.0,train
0.5335051981454211,1.3676485314101854,0.9798168112492035,-0.8596378055824154,-0.7465872499699562,-1.4027694033645852,-0.429083718562687,1.5524117284689836,-0.11647529445320678,-0.7881538179048341,-0.668617921055841,-0.4986928082209321,2.3419534074596497,-0.10749960144190646,4.0,train
0.16359813067654413,-1.3084288370736354,-1.0205989410664063,0.11113381311838781,-0.7465872499699562,0.840013458975595,-0.5473258899269078,1.5524117284689836,0.7819813115507633,1.2687878651128297,-0.668617921055841,-0.4986928082209321,-0.4269939772562403,0.9338001483526474,2.0,train
1.6694402872230745,-1.3084288370736354,-1.0205989410664063,-0.8596378055824154,-1.7580755001063062,0.16034288157717938,0.04388496689419592,-0.6441590086324702,0.7819813115507633,-0.7881538179048341,-0.668617921055841,-0.4986928082209321,2.3419534074596497,0.15228724681240863,2.0,train
0.4694268085051431,1.3676485314101854,0.9798168112492035,-0.8596378055824154,0.26490100016639395,0.1230140187695418,0.6350958237152996,-0.6441590086324702,0.7819813115507633,-0.7881538179048341,1.4956224900775326,2.0052424729513594,2.3419534074596497,-0.5173197417189652,4.0,train
0.6165158392703265,-1.3084288370736354,-1.0205989410664063,-0.8596378055824154,1.276389250302744,-0.2872713873140856,1.6992753659932862,1.5524117284689836,0.7819813115507633,1.2687878651128297,1.4956224900775326,-0.4986928082209321,-0.4269939772562403,-0.7937321089219174,4.0,train
1.5441961620170768,0.47562274191557835,-1.0205989410664063,1.081905431819191,0.26490100016639395,0.770872244333914,-0.90205240401957,-0.6441590086324702,-1.9133885064611469,-0.7881538179048341,-0.668617921055841,-0.4986928082209321,-0.4269939772562403,0.3392236601130231,4.0,train
-0.00824845972238293,0.47562274191557835,0.9798168112492035,-0.8596378055824154,-0.7465872499699562,-0.13159020016520936,0.871580166443741,-0.6441590086324702,-1.9133885064611469,-0.7881538179048341,1.4956224900775326,2.0052424729513594,-0.4269939772562403,-0.7097845115999543,4.0,train
-0.2106779179041699,-1.3084288370736354,0.9798168112492035,2.052677050519994,0.26490100016639395,-1.2748481968262442,-0.0743572044700248,1.5524117284689836,0.7819813115507633,1.2687878651128297,-0.668617921055841,-0.4986928082209321,-0.4269939772562403,0.3864473352316478,3.0,train
1.2165225786292921,-1.3084288370736354,0.9798168112492035,1.081905431819191,-0.7465872499699562,0.7204218081512059,0.04388496689419592,-0.6441590086324702,1.6804379175547333,1.2687878651128297,1.4956224900775326,-0.4986928082209321,-0.4269939772562403,0.5595792678520518,3.0,train
-1.6990441500033517,1.3676485314101854,-1.0205989410664063,-0.8596378055824154,0.26490100016639395,-1.0694106593758885,0.6350958237152996,-0.6441590086324702,0.7819813115507633,1.2687878651128297,-0.668617921055841,-0.4986928082209321,-0.4269939772562403,-0.40935087589135294,4.0,train
1.5325455457188444,1.3676485314101854,0.9798168112492035,2.052677050519994,0.26490100016639395,1.6524620211481724,0.6350958237152996,1.5524117284689836,-1.0149319004571768,-0.7881538179048341,-0.668617921055841,2.0052424729513594,-0.4269939772562403,-0.31186457282649,3.0,train
-0.42038901127235206,0.47562274191557835,-1.0205989410664063,1.081905431819191,-0.7465872499699562,-1.3469882786398362,-1.375021089476453,-0.6441590086324702,0.7819813115507633,-0.7881538179048341,-0.668617921055841,-0.4986928082209321,-0.4269939772562403,0.4980384193333128,3.0,train
-1.5082653081197972,0.47562274191557835,-1.0205989410664063,1.081905431819191,0.26490100016639395,-1.545155709465929,-1.2567789181122322,1.5524117284689836,0.7819813115507633,1.2687878651128297,-0.668617921055841,-0.4986928082209321,2.3419534074596497,1.6023344946246483,1.0,train
-1.2694276740060342,-0.4164030475790286,0.9798168112492035,0.11113381311838781,0.26490100016639395,0.20813972051883345,-1.1385367467480114,1.5524117284689836,-1.0149319004571768,-0.7881538179048341,1.4956224900775326,-0.4986928082209321,-0.4269939772562403,1.1754100441102597,2.0,train
-0.4597098412788862,-1.3084288370736354,0.9798168112492035,1.081905431819191,0.26490100016639395,-0.5263406844094899,1.4627910232648447,-0.6441590086324702,-1.0149319004571768,-0.7881538179048341,-0.668617921055841,-0.4986928082209321,-0.4269939772562403,-1.9531961503595154,4.0,train
1.177201748622758,1.3676485314101854,0.9798168112492035,-0.8596378055824154,1.276389250302744,-0.19562678501937228,0.7533379950795204,-0.6441590086324702,-0.11647529445320678,1.2687878651128297,1.4956224900775326,-0.4986928082209321,-0.4269939772562403,-0.5490239278713798,4.0,train
0.6893321911342786,1.3676485314101854,-1.0205989410664063,-0.8596378055824154,-0.7465872499699562,0.882213010825303,-0.0743572044700248,1.5524117284689836,-0.11647529445320678,-0.7881538179048341,-0.668617921055841,-0.4986928082209321,-0.4269939772562403,0.5463794755173645,3.0,train
-1.5504987922008893,-1.3084288370736354,0.9798168112492035,-0.8596378055824154,1.276389250302744,-0.6640948644668161,-1.4932632608406737,-0.6441590086324702,0.7819813115507633,-0.7881538179048341,-0.668617921055841,-0.4986928082209321,-0.4269939772562403,1.227905083798135,1.0,train
0.9004996115397398,1.3676485314101854,0.9798168112492035,0.11113381311838781,1.276389250302744,-0.825482664167746,1.6992753659932862,1.5524117284689836,-0.11647529445320678,1.2687878651128297,-0.668617921055841,-0.4986928082209321,-0.4269939772562403,-1.8271482565143329,4.0,train
1.1305992834298286,0.47562274191557835,-1.0205989410664063,-0.8596378055824154,1.276389250302744,-0.26718882701128155,1.5810331946290654,1.5524117284689836,0.7819813115507633,-0.7881538179048341,-0.668617921055841,-0.4986928082209321,-0.4269939772562403,-1.144498803071815,4.0,train
1.3126401630897089,-0.4164030475790286,-1.0205989410664063,0.11113381311838781,-0.7465872499699562,-0.3670896651085346,0.3986114809868581,1.5524117284689836,0.7819813115507633,-0.7881538179048341,-0.668617921055841,-0.4986928082209321,-0.4269939772562403,-0.1514034181040443,4.0,train
-0.5063123064718156,0.47562274191557835,0.9798168112492035,-0.8596378055824154,-0.7465872499699562,-0.9040542593792695,0.9898223378079618,1.5524117284689836,0.7819813115507633,-0.7881538179048341,1.4956224900775326,-0.4986928082209321,-0.4269939772562403,-0.9351380240131082,4.0,train
0.21311324994403158,0.47562274191557835,0.9798168112492035,-0.8596378055824154,0.26490100016639395,-0.09608964311746453,0.16212713825841665,-0.6441590086324702,-0.11647529445320678,1.2687878651128297,-0.668617921055841,-0.4986928082209321,2.3419534074596497,0.08188060927109159,4.0,train
-1.4893330566351695,1.3676485314101854,0.9798168112492035,-0.8596378055824154,0.26490100016639395,1.6224534930247978,-0.6655680612911284,-0.6441590086324702,-0.11647529445320678,-0.7881538179048341,1.4956224900775326,-0.4986928082209321,-0.4269939772562403,0.8511916583178722,2.0,train
-0.14514320122661295,-0.4164030475790286,0.9798168112492035,-0.8596378055824154,-0.7465872499699562,-1.474522609024305,-1.375021089476453,1.5524117284689836,-0.11647529445320678,1.2687878651128297,-0.668617921055841,-0.4986928082209321,-0.4269939772562403,1.5835891926840038,1.0,train
-1.4980710188588438,0.47562274191557835,0.9798168112492035,0.11113381311838781,-1.7580755001063062,0.017713928724804765,-0.6655680612911284,-0.6441590086324702,1.6804379175547333,-0.7881538179048341,1.4956224900775326,-0.4986928082209321,-0.4269939772562403,0.43471640155611563,3.0,train
-0.3766992001539808,-1.3084288370736354,0.9798168112492035,0.11113381311838781,0.26490100016639395,0.6365439283206827,-0.0743572044700248,1.5524117284689836,0.7819813115507633,-0.7881538179048341,-0.668617921055841,-0.4986928082209321,-0.4269939772562403,0.7570441432189686,2.0,train
1.5747790297999367,-0.4164030475790286,0.9798168112492035,0.11113381311838781,0.26490100016639395,-1.0503871104739857,-1.2567789181122322,-0.6441590086324702,0.7819813115507633,1.2687878651128297,-0.668617921055841,-0.4986928082209321,2.3419534074596497,1.0837005232532197,0.0,train
-1.4631191699641468,0.47562274191557835,0.9798168112492035,-0.8596378055824154,0.26490100016639395,0.3370390515041365,-0.19259937583424555,1.5524117284689836,0.7819813115507633,-0.7881538179048341,-0.668617921055841,-0.4986928082209321,-0.4269939772562403,0.36210106784050083,3.0,train
-1.3946717992120317,0.47562274191557835,-1.0205989410664063,0.11113381311838781,2.2878775004390945,0.003252469989990695,0.9898223378079618,1.5524117284689836,-0.11647529445320678,-0.7881538179048341,-0.668617921055841,-0.4986928082209321,-0.4269939772562403,-0.5193449771792962,4.0,train
0.1970936525339621,-0.4164030475790286,0.9798168112492035,-0.8596378055824154,0.26490100016639395,0.3976735777401414,-0.6655680612911284,-0.6441590086324702,-1.0149319004571768,1.2687878651128297,-0.668617921055841,-0.4986928082209321,-0.4269939772562403,0.8770706764711749,2.0,train
1.2980768927169186,-1.3084288370736354,0.9798168112492035,0.11113381311838781,-1.7580755001063062,0.5295921830044974,1.3445488519006241,1.5524117284689836,-1.0149319004571768,-0.7881538179048341,1.4956224900775326,2.0052424729513594,-0.4269939772562403,-0.9090131987621928,4.0,train
1.6636149790739583,1.3676485314101854,0.9798168112492035,-0.8596378055824154,0.26490100016639395,0.4957730767946923,-1.6115054322048943,1.5524117284689836,-0.11647529445320678,1.2687878651128297,-0.668617921055841,2.0052424729513594,-0.4269939772562403,1.815743012564572,1.0,train
1.242736465300315,-1.3084288370736354,-1.0205989410664063,1.081905431819191,1.276389250302744,1.5752568602558643,-0.0743572044700248,1.5524117284689836,0.7819813115507633,-0.7881538179048341,-0.668617921055841,2.0052424729513594,-0.4269939772562403,1.0460011113500869,2.0,train
-0.09708440899640454,-0.4164030475790286,-1.0205989410664063,-0.8596378055824154,0.26490100016639395,-1.006983893285682,0.5168536523510788,1.5524117284689836,-1.0149319004571768,1.2687878651128297,-0.668617921055841,-0.4986928082209321,-0.4269939772562403,-1.1059688750907788,4.0,train
-0.6767025698334637,-1.3084288370736354,-1.0205989410664063,-0.8596378055824154,0.26490100016639395,1.1084036467600793,1.4627910232648447,-0.6441590086324702,-0.11647529445320678,-0.7881538179048341,1.4956224900775326,-0.4986928082209321,-0.4269939772562403,-0.8806469328919094,4.0,train
-0.5427204824037917,0.47562274191557835,0.9798168112492035,-0.8596378055824154,1.276389250302744,-1.350662467830718,-0.19259937583424555,-0.6441590086324702,0.7819813115507633,-0.7881538179048341,-0.668617921055841,-0.4986928082209321,-0.4269939772562403,-0.11886951831293698,4.0,train
-1.0422406561905033,1.3676485314101854,-1.0205989410664063,1.081905431819191,2.2878775004390945,0.8248624381612093,-0.0743572044700248,1.5524117284689836,0.7819813115507633,-0.7881538179048341,1.4956224900775326,2.0052424729513594,-0.4269939772562403,0.9726684550383536,2.0,train
0.07621850843980156,-0.4164030475790286,0.9798168112492035,-0.8596378055824154,0.26490100016639395,-1.2587111457667413,0.2803693096226374,-0.6441590086324702,0.7819813115507633,1.2687878651128297,-0.668617921055841,-0.4986928082209321,2.3419534074596497,0.011657808890990192,4.0,train
-0.2558240560598202,0.47562274191557835,0.9798168112492035,-0.8596378055824154,-0.7465872499699562,0.6861148968106203,-1.4932632608406737,1.5524117284689836,0.7819813115507633,1.2687878651128297,1.4956224900775326,-0.4986928082209321,-0.4269939772562403,1.759037156712197,0.0,train
1.1582694971381304,0.47562274191557835,0.9798168112492035,0.11113381311838781,-0.7465872499699562,-1.109893351901435,-0.19259937583424555,-0.6441590086324702,-1.0149319004571768,1.2687878651128297,1.4956224900775326,2.0052424729513594,-0.4269939772562403,0.1920215740998807,3.0,train
-1.4733134592251,-1.3084288370736354,-1.0205989410664063,2.052677050519994,2.2878775004390945,0.7827926782143461,-1.375021089476453,-0.6441590086324702,0.7819813115507633,-0.7881538179048341,-0.668617921055841,-0.4986928082209321,-0.4269939772562403,1.1878819642451897,2.0,train
-0.8427238520832745,1.3676485314101854,-1.0205989410664063,-0.8596378055824154,2.2878775004390945,0.5970808444147757,0.2803693096226374,-0.6441590086324702,-1.9133885064611469,-0.7881538179048341,-0.668617921055841,-0.4986928082209321,-0.4269939772562403,-0.9837587032731209,4.0,train
0.46505782739330603,-0.4164030475790286,-1.0205989410664063,-0.8596378055824154,-0.7465872499699562,0.6184852446623755,-1.1385367467480114,1.5524117284689836,0.7819813115507633,-0.7881538179048341,-0.668617921055841,2.0052424729513594,-0.4269939772562403,1.3062534689909684,1.0,train
1.1830270567718741,-1.3084288370736354,0.9798168112492035,-0.8596378055824154,-0.7465872499699562,0.7742716767315297,-0.19259937583424555,1.5524117284689836,1.6804379175547333,1.2687878651128297,-0.668617921055841,-0.4986928082209321,-0.4269939772562403,0.857100356086961,2.0,train
-0.7684511731820434,-1.3084288370736354,0.9798168112492035,-0.8596378055824154,-0.7465872499699562,1.1961127180342983,-0.3108415471984663,-0.6441590086324702,0.7819813115507633,1.2687878651128297,1.4956224900775326,-0.4986928082209321,-0.4269939772562403,0.777626243144987,2.0,train
1.2019593082565017,0.47562274191557835,0.9798168112492035,0.11113381311838781,0.26490100016639395,1.6909952288573988,-0.7838102326553492,-0.6441590086324702,1.6804379175547333,-0.7881538179048341,-0.668617921055841,-0.4986928082209321,-0.4269939772562403,0.8883801512404007,2.0,train
0.3412700292245874,-1.3084288370736354,0.9798168112492035,1.081905431819191,0.26490100016639395,0.7222436056462912,1.2263066805364033,-0.6441590086324702,-1.9133885064611469,-0.7881538179048341,1.4956224900775326,-0.4986928082209321,2.3419534074596497,-1.481688346468111,4.0,train
1.110210704907922,-1.3084288370736354,0.9798168112492035,1.081905431819191,0.26490100016639395,1.0392041274579362,1.6992753659932862,-0.6441590086324702,-1.0149319004571768,-0.7881538179048341,1.4956224900775326,-0.4986928082209321,-0.4269939772562403,-1.4221552760647842,4.0,train
-0.27329998050716875,1.3676485314101854,0.9798168112492035,-0.8596378055824154,2.2878775004390945,-0.6952452724043657,-0.90205240401957,-0.6441590086324702,0.7819813115507633,1.2687878651128297,-0.668617921055841,-0.4986928082209321,-0.4269939772562403,0.6933415556676863,2.0,train
1.4422532694075438,-1.3084288370736354,0.9798168112492035,2.052677050519994,-0.7465872499699562,-0.2314449821605569,0.5168536523510788,1.5524117284689836,-0.11647529445320678,1.2687878651128297,1.4956224900775326,-0.4986928082209321,-0.4269939772562403,-0.3677110100698399,3.0,train
-0.8762193739406925,1.3676485314101854,0.9798168112492035,-0.8596378055824154,1.276389250302744,0.06950613375255005,-0.90205240401957,-0.6441590086324702,-0.11647529445320678,1.2687878651128297,-0.668617921055841,-0.4986928082209321,-0.4269939772562403,0.7996487154759737,2.0,train
0.3106871614417275,-0.4164030475790286,0.9798168112492035,2.052677050519994,1.276389250302744,-0.049839360459592724,0.16212713825841665,-0.6441590086324702,-1.0149319004571768,1.2687878651128297,-0.668617921055841,-0.4986928082209321,2.3419534074596497,-0.3014404724235426,4.0,train
1.4393406153329857,-1.3084288370736354,-1.0205989410664063,-0.8596378055824154,0.26490100016639395,0.12708640605093194,-0.6655680612911284,-0.6441590086324702,-1.0149319004571768,-0.7881538179048341,-0.668617921055841,-0.4986928082209321,2.3419534074596497,0.29810943543364526,4.0,train
-0.8441801791205535,-1.3084288370736354,0.9798168112492035,0.11113381311838781,-0.7465872499699562,-0.19717469451959563,1.4627910232648447,-0.6441590086324702,-0.11647529445320678,-0.7881538179048341,1.4956224900775326,2.0052424729513594,2.3419534074596497,-1.8768495799390181,4.0,train
-1.330593409571754,-0.4164030475790286,-1.0205989410664063,1.081905431819191,0.26490100016639395,-0.9213967015475331,0.16212713825841665,-0.6441590086324702,-0.11647529445320678,1.2687878651128297,-0.668617921055841,-0.4986928082209321,2.3419534074596497,-0.2855675589910389,4.0,train
1.28060096826957,0.47562274191557835,0.9798168112492035,-0.8596378055824154,0.26490100016639395,0.53048754325788,-0.7838102326553492,-0.6441590086324702,0.7819813115507633,1.2687878651128297,-0.668617921055841,2.0052424729513594,-0.4269939772562403,1.0328602111582998,2.0,train
-1.3801085288392414,-1.3084288370736354,-1.0205989410664063,-0.8596378055824154,0.26490100016639395,-0.05391613151212918,1.2263066805364033,-0.6441590086324702,-0.11647529445320678,-0.7881538179048341,1.4956224900775326,-0.4986928082209321,-0.4269939772562403,-0.7618064226111136,4.0,train
-1.0131141154449226,0.47562274191557835,0.9798168112492035,1.081905431819191,0.26490100016639395,0.9421643510552942,0.9898223378079618,-0.6441590086324702,-1.0149319004571768,-0.7881538179048341,-0.668617921055841,-0.4986928082209321,-0.4269939772562403,-0.9619787170550868,4.0,train
-0.47281678461439763,1.3676485314101854,0.9798168112492035,-0.8596378055824154,-0.7465872499699562,-1.6113130134820186,0.7533379950795204,-0.6441590086324702,1.6804379175547333,-0.7881538179048341,1.4956224900775326,-0.4986928082209321,-0.4269939772562403,-0.6251913652045927,4.0,train
0.35728962663465685,-0.4164030475790286,0.9798168112492035,-0.8596378055824154,0.26490100016639395,-1.374745233139113,1.6992753659932862,1.5524117284689836,1.6804379175547333,-0.7881538179048341,-0.668617921055841,-0.4986928082209321,-0.4269939772562403,-1.4702280255386981,4.0,train
-0.2660183453207735,0.47562274191557835,-1.0205989410664063,1.081905431819191,2.2878775004390945,-0.42498472484986927,0.7533379950795204,1.5524117284689836,-0.11647529445320678,-0.7881538179048341,-0.668617921055841,-0.4986928082209321,-0.4269939772562403,-0.44226801919971936,4.0,train
1.0315690448948538,0.47562274191557835,0.9798168112492035,-0.8596378055824154,0.26490100016639395,-0.5204480281506906,0.9898223378079618,-0.6441590086324702,-0.11647529445320678,-0.7881538179048341,-0.668617921055841,2.0052424729513594,-0.4269939772562403,-1.2550505805912942,4.0,train
-0.6504886831624408,-0.4164030475790286,-1.0205989410664063,2.052677050519994,0.26490100016639395,-0.7953148531661006,-1.6115054322048943,1.5524117284689836,-0.11647529445320678,-0.7881538179048341,-0.668617921055841,-0.4986928082209321,-0.4269939772562403,1.073982001664875,2.0,train
0.6776815748360463,0.47562274191557835,-1.0205989410664063,0.11113381311838781,0.26490100016639395,0.35515518522542705,1.6992753659932862,-0.6441590086324702,-1.0149319004571768,1.2687878651128297,-0.668617921055841,-0.4986928082209321,2.3419534074596497,-1.8136564959968227,4.0,train
-0.29514488606635436,1.3676485314101854,0.9798168112492035,1.081905431819191,-0.7465872499699562,-1.0295366445921026,-0.7838102326553492,-0.6441590086324702,-0.11647529445320678,-0.7881538179048341,1.4956224900775326,-0.4986928082209321,-0.4269939772562403,0.23839173535369182,3.0,train
-1.0029198261839691,0.47562274191557835,0.9798168112492035,-0.8596378055824154,-0.7465872499699562,-0.006817223834000705,0.7533379950795204,-0.6441590086324702,-1.0149319004571768,-0.7881538179048341,-0.668617921055841,-0.4986928082209321,-0.4269939772562403,-1.2218100664252514,4.0,train
-1.099037410644386,1.3676485314101854,-1.0205989410664063,-0.8596378055824154,-1.7580755001063062,0.9247553832308749,-1.375021089476453,-0.6441590086324702,-1.9133885064611469,1.2687878651128297,-0.668617921055841,-0.4986928082209321,2.3419534074596497,0.9579348606427259,2.0,train
-0.4888363820244671,1.3676485314101854,-1.0205989410664063,0.11113381311838781,0.26490100016639395,-0.7572157012866033,1.4627910232648447,-0.6441590086324702,-0.11647529445320678,-0.7881538179048341,-0.668617921055841,-0.4986928082209321,-0.4269939772562403,-2.0426852954747896,4.0,train
1.5806043379490529,0.47562274191557835,0.9798168112492035,-0.8596378055824154,0.26490100016639395,1.375802580491512,1.6992753659932862,-0.6441590086324702,-0.11647529445320678,-0.7881538179048341,-0.668617921055841,-0.4986928082209321,-0.4269939772562403,-1.8232572884796998,0.0,train
-0.21504689901600701,-1.3084288370736354,-1.0205989410664063,-0.8596378055824154,1.276389250302744,-0.478044826015883,0.7533379950795204,-0.6441590086324702,0.7819813115507633,-0.7881538179048341,-0.668617921055841,-0.4986928082209321,-0.4269939772562403,-0.8227743577159718,4.0,train
0.498553349250724,-0.4164030475790286,0.9798168112492035,2.052677050519994,0.26490100016639395,1.4392625899009202,-1.4932632608406737,-0.6441590086324702,1.6804379175547333,-0.7881538179048341,-0.668617921055841,-0.4986928082209321,-0.4269939772562403,1.53023396830555,1.0,train
-1.2301068439995,-1.3084288370736354,-1.0205989410664063,-0.8596378055824154,-0.7465872499699562,0.22498641792572038,-1.375021089476453,-0.6441590086324702,1.6804379175547333,-0.7881538179048341,-0.668617921055841,-0.4986928082209321,-0.4269939772562403,1.0584344621763933,2.0,train
-0.34757265940839993,-1.3084288370736354,-1.0205989410664063,-0.8596378055824154,0.26490100016639395,-0.3937389651776805,0.7533379950795204,-0.6441590086324702,-0.11647529445320678,-0.7881538179048341,1.4956224900775326,2.0052424729513594,-0.4269939772562403,-0.7927552604584795,4.0,train
-1.575256351834633,0.47562274191557835,-1.0205989410664063,1.081905431819191,-1.7580755001063062,0.8463677723290375,-0.19259937583424555,1.5524117284689836,-0.11647529445320678,-0.7881538179048341,-0.668617921055841,-0.4986928082209321,-0.4269939772562403,0.32655032468093753,3.0,train
1.684003557595865,0.47562274191557835,0.9798168112492035,-0.8596378055824154,1.276389250302744,1.7939642356164511,-1.4932632608406737,-0.6441590086324702,-0.11647529445320678,-0.7881538179048341,1.4956224900775326,-0.4986928082209321,2.3419534074596497,1.7323137017887942,1.0,train
-0.3708738920048646,-1.3084288370736354,0.9798168112492035,-0.8596378055824154,0.26490100016639395,-0.8610342558813816,0.7533379950795204,-0.6441590086324702,-0.11647529445320678,-0.7881538179048341,-0.668617921055841,-0.4986928082209321,-0.4269939772562403,-1.327388274755308,4.0,train
-0.552914771664745,-1.3084288370736354,0.9798168112492035,-0.8596378055824154,-0.7465872499699562,-0.7478628938017808,-0.90205240401957,-0.6441590086324702,0.7819813115507633,-0.7881538179048341,-0.668617921055841,-0.4986928082209321,-0.4269939772562403,0.33128041104794187,3.0,train
-1.0043761532212483,1.3676485314101854,0.9798168112492035,-0.8596378055824154,-0.7465872499699562,0.46423712794574656,-0.6655680612911284,1.5524117284689836,-1.0149319004571768,1.2687878651128297,-0.668617921055841,-0.4986928082209321,-0.4269939772562403,0.9931488275425779,2.0,train
0.20728794179491541,-0.4164030475790286,0.9798168112492035,-0.8596378055824154,-1.7580755001063062,-0.5867724733169898,1.4627910232648447,-0.6441590086324702,-1.0149319004571768,-0.7881538179048341,-0.668617921055841,-0.4986928082209321,-0.4269939772562403,-1.6899967186478522,4.0,train
1.1553568430635723,-1.3084288370736354,-1.0205989410664063,-0.8596378055824154,-0.7465872499699562,1.1951365038508421,-1.4932632608406737,1.5524117284689836,-1.0149319004571768,1.2687878651128297,1.4956224900775326,-0.4986928082209321,-0.4269939772562403,1.6278510808449749,1.0,train
1.14370622676534,1.3676485314101854,-1.0205989410664063,-0.8596378055824154,1.276389250302744,0.428847443415798,0.5168536523510788,-0.6441590086324702,-1.0149319004571768,1.2687878651128297,-0.668617921055841,2.0052424729513594,-0.4269939772562403,-0.28888935328461807,4.0,train
-0.5645653879629773,-0.4164030475790286,-1.0205989410664063,0.11113381311838781,-1.7580755001063062,-0.1623849810303412,0.16212713825841665,1.5524117284689836,-0.11647529445320678,-0.7881538179048341,1.4956224900775326,-0.4986928082209321,-0.4269939772562403,-0.004100398728692001,4.0,train
1.512156967196938,-1.3084288370736354,-1.0205989410664063,-0.8596378055824154,-0.7465872499699562,-1.1625734216589716,-0.7838102326553492,-0.6441590086324702,0.7819813115507633,1.2687878651128297,-0.668617921055841,2.0052424729513594,-0.4269939772562403,0.8869241898355317,3.0,train
0.9849665797019244,0.47562274191557835,-1.0205989410664063,0.11113381311838781,-0.7465872499699562,1.6668447784600617,-0.429083718562687,-0.6441590086324702,0.7819813115507633,-0.7881538179048341,-0.668617921055841,-0.4986928082209321,-0.4269939772562403,0.41362336806790745,3.0,train
-1.3437003529072653,1.3676485314101854,-1.0205989410664063,-0.8596378055824154,-0.7465872499699562,-1.308729045176622,0.16212713825841665,-0.6441590086324702,0.7819813115507633,-0.7881538179048341,-0.668617921055841,-0.4986928082209321,2.3419534074596497,-0.8038784185833016,4.0,train
-0.21650322605328606,-1.3084288370736354,-1.0205989410664063,2.052677050519994,0.26490100016639395,1.4701132688997132,-1.0202945753837906,-0.6441590086324702,0.7819813115507633,1.2687878651128297,-0.668617921055841,-0.4986928082209321,2.3419534074596497,1.02846470866701,2.0,train
-1.231563171036779,1.3676485314101854,-1.0205989410664063,-0.8596378055824154,2.2878775004390945,0.35924647097046913,0.2803693096226374,-0.6441590086324702,-1.9133885064611469,-0.7881538179048341,-0.668617921055841,2.0052424729513594,-0.4269939772562403,-0.8788468458872198,4.0,train
-1.2912725795652198,-0.4164030475790286,-1.0205989410664063,2.052677050519994,-0.7465872499699562,0.6909368767472567,1.4627910232648447,-0.6441590086324702,0.7819813115507633,-0.7881538179048341,1.4956224900775326,-0.4986928082209321,-0.4269939772562403,-0.8318605117031314,4.0,train
-1.6524416848104224,0.47562274191557835,-1.0205989410664063,-0.8596378055824154,-0.7465872499699562,1.3670173667655523,-0.3108415471984663,-0.6441590086324702,-0.11647529445320678,-0.7881538179048341,-0.668617921055841,2.0052424729513594,-0.4269939772562403,0.4703044278574007,3.0,train
-0.1844640312331471,-1.3084288370736354,-1.0205989410664063,-0.8596378055824154,1.276389250302744,0.6580538462587171,-0.429083718562687,-0.6441590086324702,-1.0149319004571768,1.2687878651128297,-0.668617921055841,2.0052424729513594,-0.4269939772562403,0.5974503822950851,3.0,train
-0.5383515012919545,0.47562274191557835,-1.0205989410664063,1.081905431819191,-1.7580755001063062,-1.3816897482851056,0.3986114809868581,-0.6441590086324702,-0.11647529445320678,-0.7881538179048341,1.4956224900775326,-0.4986928082209321,2.3419534074596497,-0.7558628222237065,4.0,train
0.9092375737634141,0.47562274191557835,-1.0205989410664063,0.11113381311838781,0.26490100016639395,-1.1341567476748349,1.3445488519006241,1.5524117284689836,-0.11647529445320678,1.2687878651128297,1.4956224900775326,-0.4986928082209321,-0.4269939772562403,-1.144817921770837,4.0,train
-0.014073767871499101,1.3676485314101854,0.9798168112492035,1.081905431819191,0.26490100016639395,-0.892278639183541,0.6350958237152996,1.5524117284689836,0.7819813115507633,-0.7881538179048341,-0.668617921055841,-0.4986928082209321,2.3419534074596497,-0.42010181032464855,4.0,train
0.7330220022526499,1.3676485314101854,-1.0205989410664063,-0.8596378055824154,-1.7580755001063062,-1.322132346901468,0.7533379950795204,-0.6441590086324702,-1.9133885064611469,-0.7881538179048341,-0.668617921055841,-0.4986928082209321,-0.4269939772562403,-1.4959556814925696,4.0,train
0.6820505559478834,0.47562274191557835,0.9798168112492035,1.081905431819191,-1.7580755001063062,0.31701979606702,1.3445488519006241,-0.6441590086324702,-0.11647529445320678,-0.7881538179048341,-0.668617921055841,-0.4986928082209321,2.3419534074596497,-1.8388871653409422,4.0,train
-0.0548509249153123,1.3676485314101854,-1.0205989410664063,1.081905431819191,-1.7580755001063062,1.0719222273007438,-0.6655680612911284,1.5524117284689836,-0.11647529445320678,-0.7881538179048341,1.4956224900775326,-0.4986928082209321,-0.4269939772562403,1.3947765594867059,1.0,train
1.4655545020040084,0.47562274191557835,-1.0205989410664063,-0.8596378055824154,0.26490100016639395,1.3937307402527366,-1.2567789181122322,-0.6441590086324702,1.6804379175547333,-0.7881538179048341,-0.668617921055841,-0.4986928082209321,-0.4269939772562403,1.31980337790903,3.0,train
-0.4771857657262347,0.47562274191557835,0.9798168112492035,-0.8596378055824154,-0.7465872499699562,-0.11859747658264415,0.871580166443741,-0.6441590086324702,-0.11647529445320678,-0.7881538179048341,-0.668617921055841,-0.4986928082209321,2.3419534074596497,-0.9324771633309961,4.0,train
-0.2514550749479831,-0.4164030475790286,-1.0205989410664063,0.11113381311838781,2.2878775004390945,-1.4878695733573082,-1.729747603569115,1.5524117284689836,-0.11647529445320678,-0.7881538179048341,-0.668617921055841,2.0052424729513594,-0.4269939772562403,1.8365296526565693,0.0,train
0.7490415996627193,-1.3084288370736354,-1.0205989410664063,0.11113381311838781,2.2878775004390945,0.8552475344738114,0.2803693096226374,-0.6441590086324702,0.7819813115507633,-0.7881538179048341,-0.668617921055841,-0.4986928082209321,-0.4269939772562403,-0.05155763724594133,4.0,train
-1.1791353976947334,0.47562274191557835,-1.0205989410664063,-0.8596378055824154,0.26490100016639395,-1.3189928157746125,-1.4932632608406737,-0.6441590086324702,1.6804379175547333,-0.7881538179048341,-0.668617921055841,-0.4986928082209321,-0.4269939772562403,1.1932799021945426,2.0,train
1.0490449693422021,1.3676485314101854,0.9798168112492035,1.081905431819191,0.26490100016639395,0.012571912914377748,-1.0202945753837906,1.5524117284689836,1.6804379175547333,-0.7881538179048341,1.4956224900775326,-0.4986928082209321,-0.4269939772562403,1.4201070861323766,1.0,train
1.4073014205128467,0.47562274191557835,-1.0205989410664063,-0.8596378055824154,-0.7465872499699562,-0.6177634521860932,-0.0743572044700248,-0.6441590086324702,-0.11647529445320678,1.2687878651128297,1.4956224900775326,2.0052424729513594,-0.4269939772562403,-0.01694267213531273,4.0,train
-0.8310732357850421,-0.4164030475790286,-1.0205989410664063,-0.8596378055824154,0.26490100016639395,-1.2846270723348248,1.2263066805364033,-0.6441590086324702,-1.0149319004571768,1.2687878651128297,1.4956224900775326,2.0052424729513594,-0.4269939772562403,-1.0827872122467508,4.0,train
-0.2004836286432166,-0.4164030475790286,0.9798168112492035,-0.8596378055824154,-1.7580755001063062,-1.3775540362984677,-1.1385367467480114,-0.6441590086324702,0.7819813115507633,1.2687878651128297,-0.668617921055841,-0.4986928082209321,-0.4269939772562403,1.1279319350248729,2.0,train
1.0519576234167602,0.47562274191557835,-1.0205989410664063,-0.8596378055824154,-0.7465872499699562,0.1026848170950155,-0.7838102326553492,1.5524117284689836,0.7819813115507633,1.2687878651128297,1.4956224900775326,-0.4986928082209321,-0.4269939772562403,1.3345485569824802,1.0,train
-0.8966079524625991,-0.4164030475790286,-1.0205989410664063,1.081905431819191,0.26490100016639395,-0.790448471978544,0.7533379950795204,-0.6441590086324702,-0.11647529445320678,-0.7881538179048341,1.4956224900775326,-0.4986928082209321,-0.4269939772562403,-1.2498982160863656,4.0,train
-0.08252113862361411,-1.3084288370736354,0.9798168112492035,1.081905431819191,0.26490100016639395,-0.6601784933148966,-0.7838102326553492,1.5524117284689836,-1.0149319004571768,-0.7881538179048341,1.4956224900775326,-0.4986928082209321,-0.4269939772562403,0.6338253638636049,3.0,train
-0.8165099654122517,-0.4164030475790286,-1.0205989410664063,0.11113381311838781,-0.7465872499699562,-1.5212093119155965,-0.429083718562687,-0.6441590086324702,1.6804379175547333,-0.7881538179048341,-0.668617921055841,2.0052424729513594,-0.4269939772562403,0.5152575965378137,3.0,train
0.0980634139989872,0.47562274191557835,0.9798168112492035,-0.8596378055824154,0.26490100016639395,-0.25037254498051614,-0.3108415471984663,1.5524117284689836,-1.0149319004571768,1.2687878651128297,1.4956224900775326,2.0052424729513594,-0.4269939772562403,0.8831062370313041,2.0,train
0.4679704814678641,0.47562274191557835,-1.0205989410664063,-0.8596378055824154,0.26490100016639395,-1.6792441799368438,1.4627910232648447,-0.6441590086324702,-1.0149319004571768,1.2687878651128297,1.4956224900775326,2.0052424729513594,-0.4269939772562403,-1.4144277537031367,4.0,train
1.3606989553199174,-1.3084288370736354,-1.0205989410664063,1.081905431819191,-0.7465872499699562,-0.8246583468412279,0.04388496689419592,-0.6441590086324702,-1.0149319004571768,-0.7881538179048341,1.4956224900775326,-0.4986928082209321,-0.4269939772562403,-0.09657541789864689,4.0,train
-1.1805917247320123,1.3676485314101854,-1.0205989410664063,-0.8596378055824154,0.26490100016639395,0.6380693610577202,-1.0202945753837906,-0.6441590086324702,0.7819813115507633,-0.7881538179048341,-0.668617921055841,-0.4986928082209321,-0.4269939772562403,0.823953423929374,2.0,train
-0.8106846572631355,1.3676485314101854,0.9798168112492035,-0.8596378055824154,0.26490100016639395,0.11237725382482036,-1.1385367467480114,-0.6441590086324702,-0.11647529445320678,-0.7881538179048341,1.4956224900775326,-0.4986928082209321,-0.4269939772562403,0.8221709780917248,2.0,train
-0.7087417646536026,1.3676485314101854,-1.0205989410664063,1.081905431819191,-0.7465872499699562,1.2029114846441684,0.5168536523510788,-0.6441590086324702,-0.11647529445320678,1.2687878651128297,1.4956224900775326,-0.4986928082209321,-0.4269939772562403,-0.08061240445722088,4.0,train
0.7927314107810907,1.3676485314101854,0.9798168112492035,0.11113381311838781,-1.7580755001063062,0.10574526093554341,-0.5473258899269078,-0.6441590086324702,0.7819813115507633,1.2687878651128297,-0.668617921055841,-0.4986928082209321,-0.4269939772562403,0.9543364115041755,2.0,train
1.6927415198195392,-0.4164030475790286,-1.0205989410664063,-0.8596378055824154,0.26490100016639395,-0.23452388642928607,-1.4932632608406737,-0.6441590086324702,1.6804379175547333,1.2687878651128297,-0.668617921055841,-0.4986928082209321,-0.4269939772562403,1.505454634107345,1.0,train
0.840790203011299,1.3676485314101854,-1.0205989410664063,-0.8596378055824154,-1.7580755001063062,0.3293209015705696,1.1080645091721826,1.5524117284689836,-1.0149319004571768,-0.7881538179048341,-0.668617921055841,-0.4986928082209321,-0.4269939772562403,-1.0779987846859824,4.0,train
1.2310858490020826,0.47562274191557835,-1.0205989410664063,2.052677050519994,1.276389250302744,1.5163339898985093,0.2803693096226374,-0.6441590086324702,0.7819813115507633,-0.7881538179048341,1.4956224900775326,-0.4986928082209321,-0.4269939772562403,-0.20071907956368654,4.0,train
0.6281664555685588,-1.3084288370736354,0.9798168112492035,-0.8596378055824154,-0.7465872499699562,1.8051299844261017,-0.5473258899269078,1.5524117284689836,0.7819813115507633,-0.7881538179048341,1.4956224900775326,2.0052424729513594,2.3419534074596497,1.3076066386679426,1.0,train
-0.3242714268119352,0.47562274191557835,0.9798168112492035,0.11113381311838781,0.26490100016639395,-0.8252307370260503,-0.0743572044700248,1.5524117284689836,-1.0149319004571768,1.2687878651128297,-0.668617921055841,-0.4986928082209321,-0.4269939772562403,-0.17474416374784257,4.0,train
1.1320556104671076,1.3676485314101854,-1.0205989410664063,0.11113381311838781,0.26490100016639395,0.21276915703342908,-0.0743572044700248,-0.6441590086324702,-1.9133885064611469,1.2687878651128297,1.4956224900775326,-0.4986928082209321,-0.4269939772562403,-0.3615308822262775,4.0,train
1.1014727426842477,0.47562274191557835,-1.0205989410664063,0.11113381311838781,1.276389250302744,0.8016771660886118,-1.375021089476453,-0.6441590086324702,-0.11647529445320678,1.2687878651128297,-0.668617921055841,-0.4986928082209321,-0.4269939772562403,1.1003517745906197,2.0,train
-0.062132560101707514,-0.4164030475790286,-1.0205989410664063,-0.8596378055824154,-0.7465872499699562,-0.07025352531615664,-0.90205240401957,-0.6441590086324702,-1.0149319004571768,1.2687878651128297,-0.668617921055841,-0.4986928082209321,-0.4269939772562403,0.7911201969381754,2.0,train
-0.6839842050198588,0.47562274191557835,0.9798168112492035,-0.8596378055824154,-0.7465872499699562,-0.7652573772751344,0.3986114809868581,-0.6441590086324702,-1.0149319004571768,1.2687878651128297,-0.668617921055841,-0.4986928082209321,-0.4269939772562403,-1.1097103078559452,4.0,train
-1.506808981082518,-1.3084288370736354,0.9798168112492035,2.052677050519994,1.276389250302744,-0.7674607481797232,0.871580166443741,1.5524117284689836,0.7819813115507633,-0.7881538179048341,-0.668617921055841,-0.4986928082209321,-0.4269939772562403,-0.6540925382451925,4.0,train
0.32088145070268076,-1.3084288370736354,-1.0205989410664063,-0.8596378055824154,0.26490100016639395,-0.2896131215295382,-0.90205240401957,-0.6441590086324702,-0.11647529445320678,-0.7881538179048341,1.4956224900775326,-0.4986928082209321,-0.4269939772562403,0.6679795002441816,2.0,train
0.5903019525993037,0.47562274191557835,-1.0205989410664063,-0.8596378055824154,0.26490100016639395,-0.9020838853480094,0.9898223378079618,-0.6441590086324702,0.7819813115507633,-0.7881538179048341,-0.668617921055841,2.0052424729513594,-0.4269939772562403,-1.0314687937937088,4.0,train
-1.6480727036985852,0.47562274191557835,-1.0205989410664063,-0.8596378055824154,0.26490100016639395,1.1914619347686337,-1.375021089476453,1.5524117284689836,1.6804379175547333,-0.7881538179048341,-0.668617921055841,-0.4986928082209321,-0.4269939772562403,1.5713043059391514,1.0,train
1.4407969423702647,0.47562274191557835,-1.0205989410664063,-0.8596378055824154,0.26490100016639395,1.229942705631889,1.5810331946290654,-0.6441590086324702,-1.9133885064611469,-0.7881538179048341,1.4956224900775326,-0.4986928082209321,-0.4269939772562403,-1.649261687726632,4.0,train
0.4606888462814689,-1.3084288370736354,-1.0205989410664063,1.081905431819191,-0.7465872499699562,-0.9294221964091441,1.4627910232648447,-0.6441590086324702,-1.0149319004571768,-0.7881538179048341,-0.668617921055841,-0.4986928082209321,-0.4269939772562403,-2.055756807565376,4.0,train
1.4670108290412875,0.47562274191557835,0.9798168112492035,0.11113381311838781,0.26490100016639395,-0.6626403133625273,-1.6115054322048943,1.5524117284689836,-0.11647529445320678,1.2687878651128297,-0.668617921055841,-0.4986928082209321,-0.4269939772562403,1.686631771806042,1.0,train
-0.7145670728027187,-1.3084288370736354,-1.0205989410664063,-0.8596378055824154,1.276389250302744,-0.09639610811754892,-0.429083718562687,-0.6441590086324702,-1.0149319004571768,1.2687878651128297,-0.668617921055841,-0.4986928082209321,-0.4269939772562403,0.24351808659869142,3.0,train
-0.7029164565044864,1.3676485314101854,-1.0205989410664063,-0.8596378055824154,1.276389250302744,-0.299337045534355,-0.0743572044700248,-0.6441590086324702,0.7819813115507633,-0.7881538179048341,-0.668617921055841,-0.4986928082209321,-0.4269939772562403,0.1869499243646342,3.0,train
0.23787080957777532,0.47562274191557835,-1.0205989410664063,2.052677050519994,1.276389250302744,-0.5704921805084284,1.1080645091721826,1.5524117284689836,-1.9133885064611469,-0.7881538179048341,-0.668617921055841,-0.4986928082209321,-0.4269939772562403,-1.1434393261158493,4.0,train
1.5019626779359845,-1.3084288370736354,-1.0205989410664063,1.081905431819191,1.276389250302744,-0.6521891806247065,-0.90205240401957,-0.6441590086324702,-1.0149319004571768,-0.7881538179048341,-0.668617921055841,-0.4986928082209321,-0.4269939772562403,0.4335652901574602,0.0,train
-0.17426974197219383,-0.4164030475790286,-1.0205989410664063,1.081905431819191,0.26490100016639395,-1.6842214497930956,0.9898223378079618,1.5524117284689836,-0.11647529445320678,-0.7881538179048341,1.4956224900775326,-0.4986928082209321,-0.4269939772562403,-1.1072442054077722,4.0,train
0.032528697321430274,-1.3084288370736354,-1.0205989410664063,0.11113381311838781,1.276389250302744,1.080282710680999,-1.0202945753837906,1.5524117284689836,-1.0149319004571768,-0.7881538179048341,-0.668617921055841,-0.4986928082209321,-0.4269939772562403,1.3371244373274211,1.0,train
-0.6519450101997198,-1.3084288370736354,0.9798168112492035,-0.8596378055824154,0.26490100016639395,1.6215895864650247,-0.6655680612911284,-0.6441590086324702,0.7819813115507633,1.2687878651128297,1.4956224900775326,-0.4986928082209321,2.3419534074596497,0.9480477958808846,2.0,train
-0.9650553232147141,-1.3084288370736354,0.9798168112492035,2.052677050519994,2.2878775004390945,1.2674013609911434,1.1080645091721826,-0.6441590086324702,0.7819813115507633,-0.7881538179048341,1.4956224900775326,2.0052424729513594,2.3419534074596497,-0.2543041946601336,4.0,train
-0.14805585530117105,-0.4164030475790286,0.9798168112492035,-0.8596378055824154,0.26490100016639395,-0.5044288381899211,1.1080645091721826,-0.6441590086324702,0.7819813115507633,1.2687878651128297,-0.668617921055841,2.0052424729513594,-0.4269939772562403,-1.2933932515252562,4.0,train
0.3194251236654017,1.3676485314101854,0.9798168112492035,-0.8596378055824154,-1.7580755001063062,-1.6882435385326302,-1.6115054322048943,1.5524117284689836,-1.0149319004571768,1.2687878651128297,1.4956224900775326,-0.4986928082209321,-0.4269939772562403,1.2547935038944824,1.0,train
0.6267101285312797,-1.3084288370736354,-1.0205989410664063,-0.8596378055824154,-1.7580755001063062,-0.012639412493969262,1.3445488519006241,1.5524117284689836,-0.11647529445320678,1.2687878651128297,-0.668617921055841,-0.4986928082209321,-0.4269939772562403,-1.4334922684515345,4.0,train
-1.2504954225214064,0.47562274191557835,-1.0205989410664063,-0.8596378055824154,1.276389250302744,-1.3208735955077053,-0.429083718562687,-0.6441590086324702,-0.11647529445320678,-0.7881538179048341,1.4956224900775326,-0.4986928082209321,-0.4269939772562403,0.05643282162997183,4.0,train
1.347592011984406,1.3676485314101854,-1.0205989410664063,0.11113381311838781,-1.7580755001063062,1.127420436677246,0.9898223378079618,-0.6441590086324702,1.6804379175547333,1.2687878651128297,-0.668617921055841,-0.4986928082209321,-0.4269939772562403,-0.6809663737687044,4.0,train
1.688372538707702,0.47562274191557835,0.9798168112492035,-0.8596378055824154,-0.7465872499699562,1.5967577385570109,0.7533379950795204,-0.6441590086324702,-0.11647529445320678,-0.7881538179048341,1.4956224900775326,2.0052424729513594,-0.4269939772562403,-0.4076477754782585,1.0,train
-1.6291404522139576,1.3676485314101854,0.9798168112492035,0.11113381311838781,1.276389250302744,1.4920065086620007,0.3986114809868581,1.5524117284689836,-1.0149319004571768,1.2687878651128297,1.4956224900775326,-0.4986928082209321,-0.4269939772562403,0.2541079744991957,3.0,train
-0.0024231515732667584,-0.4164030475790286,-1.0205989410664063,-0.8596378055824154,0.26490100016639395,-1.166296490169119,-0.5473258899269078,-0.6441590086324702,-1.0149319004571768,1.2687878651128297,1.4956224900775326,2.0052424729513594,2.3419534074596497,0.5048265451863996,3.0,train
0.0776748354770806,1.3676485314101854,-1.0205989410664063,2.052677050519994,-0.7465872499699562,-0.6225026749835472,-0.3108415471984663,-0.6441590086324702,-1.9133885064611469,-0.7881538179048341,-0.668617921055841,-0.4986928082209321,-0.4269939772562403,-0.757724439115078,4.0,train
-0.4961180172108623,-1.3084288370736354,-1.0205989410664063,-0.8596378055824154,-1.7580755001063062,0.5613307294509885,1.2263066805364033,1.5524117284689836,-1.0149319004571768,-0.7881538179048341,-0.668617921055841,-0.4986928082209321,-0.4269939772562403,-1.080507835501362,4.0,train
-0.20922159086689085,0.47562274191557835,0.9798168112492035,2.052677050519994,1.276389250302744,0.37331352955522973,-0.3108415471984663,1.5524117284689836,-1.0149319004571768,1.2687878651128297,-0.668617921055841,-0.4986928082209321,-0.4269939772562403,0.38660863256926153,3.0,train
-0.05193827084075422,1.3676485314101854,-1.0205989410664063,0.11113381311838781,2.2878775004390945,1.623611893119171,0.16212713825841665,-0.6441590086324702,1.6804379175547333,1.2687878651128297,1.4956224900775326,-0.4986928082209321,-0.4269939772562403,0.4863023124555507,3.0,train
0.6237974744567217,-0.4164030475790286,0.9798168112492035,1.081905431819191,0.26490100016639395,0.9930103701848007,1.5810331946290654,1.5524117284689836,0.7819813115507633,-0.7881538179048341,-0.668617921055841,-0.4986928082209321,-0.4269939772562403,-1.6788546528744714,4.0,train
0.22913284735410105,-0.4164030475790286,-1.0205989410664063,-0.8596378055824154,1.276389250302744,0.5362537720369914,0.16212713825841665,1.5524117284689836,-1.0149319004571768,-0.7881538179048341,-0.668617921055841,-0.4986928082209321,2.3419534074596497,0.04086177159080096,4.0,train
0.4053484188648652,1.3676485314101854,0.9798168112492035,-0.8596378055824154,1.276389250302744,-1.0218569896882588,1.2263066805364033,-0.6441590086324702,-0.11647529445320678,-0.7881538179048341,-0.668617921055841,2.0052424729513594,-0.4269939772562403,-1.5241298087155097,4.0,train
-1.2461264414095694,0.47562274191557835,0.9798168112492035,-0.8596378055824154,1.276389250302744,-0.7079235020433366,0.6350958237152996,-0.6441590086324702,-1.0149319004571768,1.2687878651128297,-0.668617921055841,-0.4986928082209321,-0.4269939772562403,-0.5383795176910192,4.0,train
-1.6859372066678404,-1.3084288370736354,0.9798168112492035,0.11113381311838781,-0.7465872499699562,-1.1978621107479106,-1.375021089476453,1.5524117284689836,-1.0149319004571768,1.2687878651128297,1.4956224900775326,-0.4986928082209321,-0.4269939772562403,1.2154081394251448,1.0,train
0.973315963403692,1.3676485314101854,0.9798168112492035,2.052677050519994,0.26490100016639395,-1.2055704959541391,0.5168536523510788,-0.6441590086324702,-0.11647529445320678,-0.7881538179048341,-0.668617921055841,-0.4986928082209321,-0.4269939772562403,-0.8501110532594981,4.0,train
0.6791379018733253,1.3676485314101854,0.9798168112492035,1.081905431819191,2.2878775004390945,1.5497646874679458,1.3445488519006241,-0.6441590086324702,-1.0149319004571768,-0.7881538179048341,-0.668617921055841,2.0052424729513594,-0.4269939772562403,-0.9594687215625821,4.0,train
0.9252571711734836,-1.3084288370736354,-1.0205989410664063,1.081905431819191,0.26490100016639395,0.3338388763016024,0.5168536523510788,-0.6441590086324702,0.7819813115507633,-0.7881538179048341,-0.668617921055841,-0.4986928082209321,-0.4269939772562403,-0.4359762869356347,4.0,train
-1.3582636232800558,-1.3084288370736354,-1.0205989410664063,-0.8596378055824154,0.26490100016639395,-1.2691387163329266,0.5168536523510788,-0.6441590086324702,1.6804379175547333,-0.7881538179048341,-0.668617921055841,2.0052424729513594,2.3419534074596497,-0.48992980558704874,4.0,train
-0.8543744683815069,1.3676485314101854,0.9798168112492035,1.081905431819191,0.26490100016639395,0.017335253155789113,0.04388496689419592,-0.6441590086324702,-1.0149319004571768,-0.7881538179048341,-0.668617921055841,-0.4986928082209321,2.3419534074596497,-0.3324274803678172,4.0,train
1.52380758349517,-1.3084288370736354,-1.0205989410664063,-0.8596378055824154,-1.7580755001063062,0.15390253698883394,1.5810331946290654,-0.6441590086324702,1.6804379175547333,1.2687878651128297,-0.668617921055841,-0.4986928082209321,-0.4269939772562403,-1.1748038338045284,0.0,train
-0.7655385191074853,-1.3084288370736354,0.9798168112492035,0.11113381311838781,0.26490100016639395,1.2367420929552404,0.16212713825841665,-0.6441590086324702,-0.11647529445320678,1.2687878651128297,-0.668617921055841,-0.4986928082209321,-0.4269939772562403,-0.34163949133672983,4.0,train
1.2005029812192227,0.47562274191557835,-1.0205989410664063,0.11113381311838781,0.26490100016639395,0.9046969947128978,1.3445488519006241,-0.6441590086324702,0.7819813115507633,1.2687878651128297,-0.668617921055841,2.0052424729513594,-0.4269939772562403,-0.8376869728310721,4.0,train
0.44612557590867846,-0.4164030475790286,0.9798168112492035,1.081905431819191,1.276389250302744,0.17559558499987749,0.3986114809868581,-0.6441590086324702,-0.11647529445320678,1.2687878651128297,-0.668617921055841,2.0052424729513594,-0.4269939772562403,-0.07198289398414617,4.0,train
1.1072980508333639,-0.4164030475790286,0.9798168112492035,1.081905431819191,-0.7465872499699562,0.12969237407029932,0.2803693096226374,1.5524117284689836,-0.11647529445320678,-0.7881538179048341,-0.668617921055841,-0.4986928082209321,-0.4269939772562403,0.04534852506417504,4.0,train
-0.3519416405202371,0.47562274191557835,0.9798168112492035,-0.8596378055824154,-1.7580755001063062,1.045480132254329,-1.1385367467480114,-0.6441590086324702,0.7819813115507633,-0.7881538179048341,-0.668617921055841,-0.4986928082209321,2.3419534074596497,1.3670549343252139,1.0,train
-0.8063156761512984,1.3676485314101854,0.9798168112492035,-0.8596378055824154,2.2878775004390945,1.4990855209922906,1.1080645091721826,1.5524117284689836,-1.9133885064611469,1.2687878651128297,1.4956224900775326,-0.4986928082209321,-0.4269939772562403,-0.542805659682009,4.0,train
0.26554102328607715,-0.4164030475790286,0.9798168112492035,0.11113381311838781,-0.7465872499699562,-0.2799083945653527,0.871580166443741,-0.6441590086324702,-0.11647529445320678,1.2687878651128297,-0.668617921055841,-0.4986928082209321,-0.4269939772562403,-0.6441905062521252,4.0,train
0.9704033093291339,0.47562274191557835,0.9798168112492035,-0.8596378055824154,1.276389250302744,0.8938164651682164,0.871580166443741,-0.6441590086324702,-0.11647529445320678,1.2687878651128297,-0.668617921055841,2.0052424729513594,-0.4269939772562403,-0.6542710324669365,4.0,train
1.4233210179229163,-0.4164030475790286,0.9798168112492035,1.081905431819191,0.26490100016639395,1.3225145949535362,-0.19259937583424555,-0.6441590086324702,-1.0149319004571768,-0.7881538179048341,-0.668617921055841,2.0052424729513594,-0.4269939772562403,-0.10648658522872204,4.0,train
-1.6320531062885157,-0.4164030475790286,-1.0205989410664063,-0.8596378055824154,1.276389250302744,1.5289406952963815,0.2803693096226374,-0.6441590086324702,0.7819813115507633,-0.7881538179048341,1.4956224900775326,-0.4986928082209321,-0.4269939772562403,-0.044815528185590967,4.0,train
1.2995332197541976,1.3676485314101854,-1.0205989410664063,-0.8596378055824154,0.26490100016639395,1.160501989518921,0.9898223378079618,1.5524117284689836,-1.0149319004571768,-0.7881538179048341,1.4956224900775326,-0.4986928082209321,-0.4269939772562403,-0.7225137040681429,4.0,train
-0.5587400798138611,-1.3084288370736354,-1.0205989410664063,0.11113381311838781,-0.7465872499699562,1.094612633489109,0.2803693096226374,-0.6441590086324702,-1.9133885064611469,1.2687878651128297,-0.668617921055841,-0.4986928082209321,-0.4269939772562403,-0.14397345319965862,4.0,train
-0.2543677290225412,-1.3084288370736354,0.9798168112492035,-0.8596378055824154,-1.7580755001063062,-0.692497675303224,-1.4932632608406737,-0.6441590086324702,-1.0149319004571768,1.2687878651128297,-0.668617921055841,-0.4986928082209321,-0.4269939772562403,0.9955185777790331,2.0,train
1.2951642386423605,-1.3084288370736354,0.9798168112492035,-0.8596378055824154,2.2878775004390945,0.08032009082439497,0.04388496689419592,-0.6441590086324702,-1.0149319004571768,1.2687878651128297,-0.668617921055841,-0.4986928082209321,-0.4269939772562403,-0.5643660610639775,4.0,train
1.0446759882303651,-0.4164030475790286,0.9798168112492035,-0.8596378055824154,-0.7465872499699562,0.45447907852225133,0.5168536523510788,-0.6441590086324702,0.7819813115507633,-0.7881538179048341,1.4956224900775326,-0.4986928082209321,-0.4269939772562403,-0.2541304261551078,4.0,train
1.4626418479294503,-1.3084288370736354,0.9798168112492035,0.11113381311838781,1.276389250302744,0.7501704311767592,-0.7838102326553492,-0.6441590086324702,-1.9133885064611469,1.2687878651128297,-0.668617921055841,2.0052424729513594,-0.4269939772562403,0.5210025564705982,3.0,train
-0.13640523900293872,1.3676485314101854,-1.0205989410664063,0.11113381311838781,0.26490100016639395,-0.3066905275064281,-1.1385367467480114,-0.6441590086324702,-0.11647529445320678,-0.7881538179048341,1.4956224900775326,-0.4986928082209321,2.3419534074596497,1.3325955250799646,1.0,train
0.5946709337111409,1.3676485314101854,0.9798168112492035,-0.8596378055824154,-0.7465872499699562,-1.2134093982418546,-0.3108415471984663,-0.6441590086324702,-0.11647529445320678,1.2687878651128297,-0.668617921055841,-0.4986928082209321,2.3419534074596497,0.40273780391467856,3.0,train
-0.011161113796941015,0.47562274191557835,-1.0205989410664063,-0.8596378055824154,1.276389250302744,0.11655521149649789,1.3445488519006241,1.5524117284689836,-1.9133885064611469,-0.7881538179048341,-0.668617921055841,-0.4986928082209321,-0.4269939772562403,-1.4095033197865905,4.0,train
0.907781246726135,0.47562274191557835,0.9798168112492035,0.11113381311838781,1.276389250302744,0.10876332100985817,-0.429083718562687,1.5524117284689836,-1.9133885064611469,1.2687878651128297,-0.668617921055841,-0.4986928082209321,-0.4269939772562403,0.4312441873479763,3.0,train
-0.12184196863014828,1.3676485314101854,-1.0205989410664063,1.081905431819191,1.276389250302744,-1.457225670918363,0.04388496689419592,-0.6441590086324702,-0.11647529445320678,1.2687878651128297,-0.668617921055841,2.0052424729513594,-0.4269939772562403,-0.36750582419349154,4.0,train
0.6864195370597205,-1.3084288370736354,-1.0205989410664063,2.052677050519994,2.2878775004390945,1.3936538615108798,-0.19259937583424555,-0.6441590086324702,0.7819813115507633,-0.7881538179048341,-0.668617921055841,2.0052424729513594,-0.4269939772562403,0.6332001776048771,3.0,train
-0.32281509977465617,1.3676485314101854,-1.0205989410664063,-0.8596378055824154,0.26490100016639395,0.17735563312406297,0.9898223378079618,1.5524117284689836,-1.0149319004571768,1.2687878651128297,-0.668617921055841,-0.4986928082209321,-0.4269939772562403,-0.6963523861039678,4.0,train
1.034481698969412,-1.3084288370736354,-1.0205989410664063,-0.8596378055824154,0.26490100016639395,-0.5459670976125229,-0.5473258899269078,-0.6441590086324702,1.6804379175547333,1.2687878651128297,-0.668617921055841,-0.4986928082209321,-0.4269939772562403,1.019268173376693,2.0,train
-0.046112962691638046,-1.3084288370736354,-1.0205989410664063,-0.8596378055824154,0.26490100016639395,1.1991060703019907,-1.0202945753837906,-0.6441590086324702,0.7819813115507633,-0.7881538179048341,1.4956224900775326,-0.4986928082209321,-0.4269939772562403,1.2730868367153334,1.0,train
0.04272298658238357,-0.4164030475790286,0.9798168112492035,1.081905431819191,-0.7465872499699562,1.59007920755246,-1.1385367467480114,-0.6441590086324702,0.7819813115507633,-0.7881538179048341,1.4956224900775326,-0.4986928082209321,-0.4269939772562403,1.5195341278688028,1.0,train
0.8553534733840895,-0.4164030475790286,-1.0205989410664063,2.052677050519994,0.26490100016639395,1.3114487886868293,0.871580166443741,-0.6441590086324702,0.7819813115507633,-0.7881538179048341,-0.668617921055841,-0.4986928082209321,-0.4269939772562403,-0.3336880839904563,4.0,train
1.6738092683349115,1.3676485314101854,-1.0205989410664063,-0.8596378055824154,1.276389250302744,0.44820404247051115,-1.6115054322048943,-0.6441590086324702,0.7819813115507633,-0.7881538179048341,1.4956224900775326,-0.4986928082209321,-0.4269939772562403,1.4659316588021367,3.0,train
-0.8368985439341583,-0.4164030475790286,-1.0205989410664063,-0.8596378055824154,1.276389250302744,-1.1371614858519319,-0.3108415471984663,-0.6441590086324702,-1.0149319004571768,1.2687878651128297,-0.668617921055841,2.0052424729513594,-0.4269939772562403,-0.03136708877987684,4.0,train
-1.6975878229660726,-1.3084288370736354,-1.0205989410664063,1.081905431819191,0.26490100016639395,-0.8234065805803609,-0.3108415471984663,1.5524117284689836,-1.9133885064611469,-0.7881538179048341,1.4956224900775326,-0.4986928082209321,-0.4269939772562403,-0.184318716850257,4.0,train
-0.07960848454905603,-1.3084288370736354,0.9798168112492035,-0.8596378055824154,0.26490100016639395,0.9330189746732426,-1.1385367467480114,-0.6441590086324702,0.7819813115507633,-0.7881538179048341,-0.668617921055841,2.0052424729513594,-0.4269939772562403,1.5748098768150167,1.0,train
-1.033502693966829,0.47562274191557835,-1.0205989410664063,0.11113381311838781,-0.7465872499699562,1.0437229188999664,0.04388496689419592,1.5524117284689836,-0.11647529445320678,1.2687878651128297,-0.668617921055841,-0.4986928082209321,-0.4269939772562403,0.35191609977882204,3.0,train
0.26262836921151905,1.3676485314101854,-1.0205989410664063,-0.8596378055824154,-0.7465872499699562,0.582663173279775,0.6350958237152996,-0.6441590086324702,-1.9133885064611469,1.2687878651128297,1.4956224900775326,-0.4986928082209321,-0.4269939772562403,-0.5791418281165782,4.0,train
-1.1237949702781298,1.3676485314101854,0.9798168112492035,-0.8596378055824154,1.276389250302744,0.6531021650407863,0.16212713825841665,-0.6441590086324702,-1.0149319004571768,-0.7881538179048341,-0.668617921055841,-0.4986928082209321,-0.4269939772562403,-0.2618008114599518,4.0,train
-1.499527345896123,1.3676485314101854,0.9798168112492035,-0.8596378055824154,-0.7465872499699562,0.7449947579466677,0.04388496689419592,1.5524117284689836,-0.11647529445320678,1.2687878651128297,1.4956224900775326,-0.4986928082209321,-0.4269939772562403,0.6937510082461933,2.0,train
0.600496241860257,-0.4164030475790286,0.9798168112492035,0.11113381311838781,0.26490100016639395,0.29193127661458723,0.871580166443741,-0.6441590086324702,0.7819813115507633,1.2687878651128297,-0.668617921055841,-0.4986928082209321,-0.4269939772562403,-0.6622082077481071,4.0,train
0.8451591841231362,-0.4164030475790286,-1.0205989410664063,-0.8596378055824154,-0.7465872499699562,-1.7032298871464475,-0.0743572044700248,-0.6441590086324702,1.6804379175547333,-0.7881538179048341,-0.668617921055841,-0.4986928082209321,-0.4269939772562403,0.10714485918578305,4.0,train
-0.6271874505659761,0.47562274191557835,-1.0205989410664063,-0.8596378055824154,-0.7465872499699562,0.5570511856773688,-0.5473258899269078,1.5524117284689836,-1.0149319004571768,-0.7881538179048341,1.4956224900775326,-0.4986928082209321,-0.4269939772562403,0.615550132801519,3.0,train
0.6398170718667912,0.47562274191557835,-1.0205989410664063,-0.8596378055824154,0.26490100016639395,-0.2929487274825289,-0.3108415471984663,-0.6441590086324702,-0.11647529445320678,-0.7881538179048341,1.4956224900775326,2.0052424729513594,-0.4269939772562403,0.40917052524291786,3.0,train
0.872829397831438,-0.4164030475790286,0.9798168112492035,0.11113381311838781,0.26490100016639395,0.398711509576675,-1.729747603569115,-0.6441590086324702,-1.0149319004571768,-0.7881538179048341,-0.668617921055841,-0.4986928082209321,-0.4269939772562403,0.9095181501731434,2.0,train
0.18689936327300882,-1.3084288370736354,0.9798168112492035,-0.8596378055824154,-0.7465872499699562,-0.212800479561341,1.2263066805364033,1.5524117284689836,1.6804379175547333,1.2687878651128297,-0.668617921055841,-0.4986928082209321,-0.4269939772562403,-0.6653031020086119,4.0,train
1.3941944771773354,-1.3084288370736354,-1.0205989410664063,1.081905431819191,0.26490100016639395,1.1567812735137248,0.3986114809868581,-0.6441590086324702,0.7819813115507633,-0.7881538179048341,-0.668617921055841,2.0052424729513594,-0.4269939772562403,-0.17755325456245774,4.0,train
-1.2446701143722902,1.3676485314101854,0.9798168112492035,2.052677050519994,0.26490100016639395,-0.871603007146642,0.04388496689419592,-0.6441590086324702,-1.0149319004571768,1.2687878651128297,-0.668617921055841,2.0052424729513594,-0.4269939772562403,-0.15351992395369318,4.0,train
0.07913116251435964,0.47562274191557835,-1.0205989410664063,-0.8596378055824154,0.26490100016639395,-1.306577573478628,-1.729747603569115,1.5524117284689836,0.7819813115507633,-0.7881538179048341,-0.668617921055841,-0.4986928082209321,-0.4269939772562403,1.428183333348807,1.0,train
0.16505445771382318,1.3676485314101854,0.9798168112492035,0.11113381311838781,0.26490100016639395,1.000648048587607,0.16212713825841665,-0.6441590086324702,-0.11647529445320678,-0.7881538179048341,1.4956224900775326,-0.4986928082209321,-0.4269939772562403,0.02608030855456952,4.0,train
0.9354514604344368,1.3676485314101854,-1.0205989410664063,1.081905431819191,0.26490100016639395,-0.8209486469027685,-0.7838102326553492,-0.6441590086324702,0.7819813115507633,-0.7881538179048341,-0.668617921055841,-0.4986928082209321,-0.4269939772562403,0.47712750927233916,3.0,train
1.315552817164267,0.47562274191557835,-1.0205989410664063,0.11113381311838781,0.26490100016639395,-0.5268647522110045,-0.429083718562687,-0.6441590086324702,-1.9133885064611469,1.2687878651128297,1.4956224900775326,-0.4986928082209321,2.3419534074596497,0.1496853070873995,3.0,train
-0.44805922498065387,1.3676485314101854,0.9798168112492035,-0.8596378055824154,0.26490100016639395,1.711392332234497,-0.90205240401957,-0.6441590086324702,-1.9133885064611469,1.2687878651128297,1.4956224900775326,-0.4986928082209321,-0.4269939772562403,0.7580685834995506,2.0,train
-0.8718503928288553,0.47562274191557835,0.9798168112492035,1.081905431819191,0.26490100016639395,-0.5685625983082065,0.7533379950795204,1.5524117284689836,-1.0149319004571768,1.2687878651128297,-0.668617921055841,-0.4986928082209321,2.3419534074596497,-0.8132430635193938,4.0,train
0.15631649549014892,-0.4164030475790286,-1.0205989410664063,-0.8596378055824154,-0.7465872499699562,1.6778551578524576,1.6992753659932862,1.5524117284689836,0.7819813115507633,1.2687878651128297,1.4956224900775326,-0.4986928082209321,-0.4269939772562403,-0.2971348802963385,4.0,train
1.5398271809052397,-0.4164030475790286,-1.0205989410664063,1.081905431819191,0.26490100016639395,1.2243138896481554,0.6350958237152996,1.5524117284689836,-0.11647529445320678,-0.7881538179048341,-0.668617921055841,2.0052424729513594,-0.4269939772562403,-0.23465995815659108,4.0,train
1.5412835079425187,1.3676485314101854,0.9798168112492035,0.11113381311838781,0.26490100016639395,1.2037653494634326,0.16212713825841665,-0.6441590086324702,-1.9133885064611469,-0.7881538179048341,1.4956224900775326,-0.4986928082209321,2.3419534074596497,-0.3226852185289937,1.0,train
0.4199116892376557,0.47562274191557835,-1.0205989410664063,-0.8596378055824154,-0.7465872499699562,-0.17997846246737176,-0.19259937583424555,1.5524117284689836,0.7819813115507633,-0.7881538179048341,-0.668617921055841,2.0052424729513594,-0.4269939772562403,0.4738412694258009,3.0,train
1.282057295306849,1.3676485314101854,-1.0205989410664063,2.052677050519994,-1.7580755001063062,-0.8384475180133342,-1.0202945753837906,-0.6441590086324702,1.6804379175547333,-0.7881538179048341,-0.668617921055841,-0.4986928082209321,-0.4269939772562403,0.8534075364970665,2.0,train
0.7461289455881613,1.3676485314101854,0.9798168112492035,0.11113381311838781,0.26490100016639395,1.159478809377894,-1.6115054322048943,-0.6441590086324702,0.7819813115507633,1.2687878651128297,-0.668617921055841,-0.4986928082209321,-0.4269939772562403,1.7892773153985329,0.0,train
-0.5747596772239306,-0.4164030475790286,-1.0205989410664063,-0.8596378055824154,-1.7580755001063062,0.9711562804441043,0.16212713825841665,1.5524117284689836,-0.11647529445320678,1.2687878651128297,-0.668617921055841,-0.4986928082209321,-0.4269939772562403,0.06346044521226356,4.0,train
1.5980802623964014,1.3676485314101854,-1.0205989410664063,-0.8596378055824154,0.26490100016639395,-0.4416110194574383,-1.6115054322048943,-0.6441590086324702,1.6804379175547333,-0.7881538179048341,1.4956224900775326,-0.4986928082209321,-0.4269939772562403,1.6120844521021596,1.0,train
-1.3873901640256365,-1.3084288370736354,0.9798168112492035,0.11113381311838781,-1.7580755001063062,0.8170178886625867,-0.3108415471984663,1.5524117284689836,-0.11647529445320678,-0.7881538179048341,-0.668617921055841,-0.4986928082209321,-0.4269939772562403,0.5329028634266825,3.0,train
0.633991763717675,0.47562274191557835,0.9798168112492035,1.081905431819191,0.26490100016639395,1.0081064495959207,-1.2567789181122322,-0.6441590086324702,-0.11647529445320678,-0.7881538179048341,-0.668617921055841,-0.4986928082209321,-0.4269939772562403,0.9606191916834754,2.0,train
0.4548635381323527,1.3676485314101854,0.9798168112492035,-0.8596378055824154,2.2878775004390945,-0.5241746156732605,-0.19259937583424555,1.5524117284689836,-0.11647529445320678,-0.7881538179048341,1.4956224900775326,-0.4986928082209321,-0.4269939772562403,0.23021443134824066,3.0,train
-0.7946650598530661,0.47562274191557835,-1.0205989410664063,-0.8596378055824154,0.26490100016639395,1.634737607921137,0.16212713825841665,1.5524117284689836,1.6804379175547333,1.2687878651128297,1.4956224900775326,-0.4986928082209321,-0.4269939772562403,0.5705761849387946,3.0,train
0.25680306106240286,1.3676485314101854,-1.0205989410664063,-0.8596378055824154,0.26490100016639395,-0.34212544045388876,-0.3108415471984663,1.5524117284689836,-1.0149319004571768,1.2687878651128297,-0.668617921055841,-0.4986928082209321,-0.4269939772562403,-0.15560139350711813,4.0,train
0.7097207696561852,-1.3084288370736354,-1.0205989410664063,0.11113381311838781,-1.7580755001063062,0.48957655335075373,-0.19259937583424555,1.5524117284689836,-1.0149319004571768,-0.7881538179048341,1.4956224900775326,-0.4986928082209321,-0.4269939772562403,0.025338562900212133,4.0,train
0.3354447210754712,0.47562274191557835,-1.0205989410664063,1.081905431819191,0.26490100016639395,1.340104894917746,-0.19259937583424555,-0.6441590086324702,-0.11647529445320678,1.2687878651128297,1.4956224900775326,-0.4986928082209321,-0.4269939772562403,0.7129801604035362,2.0,train
-0.3432036782965628,-1.3084288370736354,-1.0205989410664063,2.052677050519994,-0.7465872499699562,-0.3132323786318664,-1.0202945753837906,-0.6441590086324702,-1.0149319004571768,-0.7881538179048341,1.4956224900775326,-0.4986928082209321,-0.4269939772562403,0.5417337806725461,3.0,train
-0.5267008849937223,-1.3084288370736354,-1.0205989410664063,-0.8596378055824154,0.26490100016639395,1.262505068057248,0.04388496689419592,-0.6441590086324702,-1.0149319004571768,-0.7881538179048341,-0.668617921055841,-0.4986928082209321,-0.4269939772562403,-0.008921140028474507,4.0,train
0.12718995474456807,-1.3084288370736354,-1.0205989410664063,-0.8596378055824154,-0.7465872499699562,-0.5488759853939589,0.5168536523510788,-0.6441590086324702,-0.11647529445320678,-0.7881538179048341,-0.668617921055841,-0.4986928082209321,-0.4269939772562403,-1.0294810870240692,4.0,train
-0.16116279863668243,-1.3084288370736354,-1.0205989410664063,0.11113381311838781,0.26490100016639395,-1.069843537047132,-0.429083718562687,1.5524117284689836,-0.11647529445320678,-0.7881538179048341,-0.668617921055841,-0.4986928082209321,-0.4269939772562403,-0.23012956835275933,4.0,train
-1.6145771818411672,-1.3084288370736354,-1.0205989410664063,1.081905431819191,-0.7465872499699562,-1.7207332412571987,1.4627910232648447,-0.6441590086324702,-1.0149319004571768,-0.7881538179048341,-0.668617921055841,2.0052424729513594,-0.4269939772562403,-2.055756807565376,4.0,train
0.5801076633383504,1.3676485314101854,0.9798168112492035,-0.8596378055824154,2.2878775004390945,-0.8164565051230466,-1.0202945753837906,1.5524117284689836,0.7819813115507633,-0.7881538179048341,-0.668617921055841,-0.4986928082209321,-0.4269939772562403,0.6830561282253123,2.0,train
-1.6189461629530044,0.47562274191557835,0.9798168112492035,-0.8596378055824154,0.26490100016639395,-0.8108674214987835,-0.3108415471984663,-0.6441590086324702,0.7819813115507633,1.2687878651128297,1.4956224900775326,-0.4986928082209321,-0.4269939772562403,0.4828468748218399,3.0,train
-1.674286590369608,1.3676485314101854,-1.0205989410664063,0.11113381311838781,0.26490100016639395,-1.2543569206729641,-1.1385367467480114,-0.6441590086324702,-1.0149319004571768,1.2687878651128297,-0.668617921055841,-0.4986928082209321,-0.4269939772562403,0.7222362800821309,2.0,train
-1.5854506410955864,1.3676485314101854,0.9798168112492035,-0.8596378055824154,-1.7580755001063062,0.49142521150523827,0.04388496689419592,-0.6441590086324702,-1.0149319004571768,-0.7881538179048341,1.4956224900775326,-0.4986928082209321,-0.4269939772562403,-0.4692216731846831,4.0,train
0.0165090999113608,-0.4164030475790286,-1.0205989410664063,0.11113381311838781,0.26490100016639395,1.3091936422856207,-1.0202945753837906,-0.6441590086324702,0.7819813115507633,-0.7881538179048341,1.4956224900775326,-0.4986928082209321,-0.4269939772562403,1.1751875013866862,2.0,train
-1.2563207306705226,0.47562274191557835,0.9798168112492035,-0.8596378055824154,0.26490100016639395,1.586216144346242,1.6992753659932862,-0.6441590086324702,-0.11647529445320678,-0.7881538179048341,1.4956224900775326,-0.4986928082209321,2.3419534074596497,-1.47623029981047,4.0,train
-0.350485313482958,0.47562274191557835,-1.0205989410664063,-0.8596378055824154,0.26490100016639395,0.4417246217895502,-0.19259937583424555,-0.6441590086324702,1.6804379175547333,-0.7881538179048341,-0.668617921055841,-0.4986928082209321,2.3419534074596497,-0.1568217341056443,4.0,train
-1.4223420129203335,0.47562274191557835,0.9798168112492035,-0.8596378055824154,-0.7465872499699562,-1.5031027440426517,0.2803693096226374,-0.6441590086324702,0.7819813115507633,-0.7881538179048341,-0.668617921055841,-0.4986928082209321,-0.4269939772562403,-0.46774644692360534,4.0,train
0.36165860774649394,0.47562274191557835,-1.0205989410664063,2.052677050519994,0.26490100016639395,1.8193413745496203,-0.3108415471984663,1.5524117284689836,0.7819813115507633,-0.7881538179048341,-0.668617921055841,-0.4986928082209321,-0.4269939772562403,0.6576586499269188,2.0,train
0.26117204217424,-1.3084288370736354,-1.0205989410664063,-0.8596378055824154,1.276389250302744,-1.3984650313774405,-1.6115054322048943,1.5524117284689836,0.7819813115507633,-0.7881538179048341,1.4956224900775326,2.0052424729513594,-0.4269939772562403,1.9098946973846165,0.0,train
1.445165923482102,-0.4164030475790286,-1.0205989410664063,2.052677050519994,-1.7580755001063062,-0.7093161397858844,-0.6655680612911284,-0.6441590086324702,-1.0149319004571768,-0.7881538179048341,1.4956224900775326,-0.4986928082209321,-0.4269939772562403,0.6095885844315863,1.0,train
0.8160326433775553,-1.3084288370736354,0.9798168112492035,1.081905431819191,-0.7465872499699562,-1.1129858081655413,-1.2567789181122322,-0.6441590086324702,-0.11647529445320678,1.2687878651128297,-0.668617921055841,-0.4986928082209321,-0.4269939772562403,1.0690125569060767,2.0,train
1.4568165397803343,0.47562274191557835,0.9798168112492035,0.11113381311838781,-0.7465872499699562,-1.5441475833676093,-1.729747603569115,-0.6441590086324702,-0.11647529445320678,-0.7881538179048341,-0.668617921055841,-0.4986928082209321,-0.4269939772562403,1.1900013036964148,3.0,train
1.653420689813005,-0.4164030475790286,0.9798168112492035,-0.8596378055824154,1.276389250302744,0.44324473840507495,-1.1385367467480114,-0.6441590086324702,0.7819813115507633,1.2687878651128297,1.4956224900775326,-0.4986928082209321,-0.4269939772562403,1.4798145987240297,2.0,train
0.17087976586293935,-1.3084288370736354,-1.0205989410664063,1.081905431819191,1.276389250302744,-1.0778076946101314,0.04388496689419592,1.5524117284689836,1.6804379175547333,-0.7881538179048341,-0.668617921055841,2.0052424729513594,-0.4269939772562403,0.3256656442844275,3.0,train
0.7665175241100679,0.47562274191557835,0.9798168112492035,0.11113381311838781,0.26490100016639395,-1.4551520554890083,0.16212713825841665,-0.6441590086324702,-0.11647529445320678,1.2687878651128297,-0.668617921055841,-0.4986928082209321,-0.4269939772562403,-0.4524472429588211,4.0,train
-1.1776790706574545,0.47562274191557835,-1.0205989410664063,-0.8596378055824154,0.26490100016639395,0.8401196717242918,-0.90205240401957,-0.6441590086324702,1.6804379175547333,-0.7881538179048341,-0.668617921055841,2.0052424729513594,-0.4269939772562403,1.1704431984275938,2.0,train
-1.468944478113263,0.47562274191557835,0.9798168112492035,0.11113381311838781,1.276389250302744,1.2987450434305048,-0.7838102326553492,-0.6441590086324702,-1.0149319004571768,1.2687878651128297,-0.668617921055841,-0.4986928082209321,-0.4269939772562403,0.8420624586319709,2.0,train
-1.0160267695194807,-1.3084288370736354,0.9798168112492035,-0.8596378055824154,-0.7465872499699562,0.11836484010592137,0.04388496689419592,1.5524117284689836,-0.11647529445320678,1.2687878651128297,-0.668617921055841,2.0052424729513594,-0.4269939772562403,0.31739794733019827,3.0,train
0.2553467340251238,0.47562274191557835,0.9798168112492035,-0.8596378055824154,-1.7580755001063062,-0.3935802508782009,-0.5473258899269078,1.5524117284689836,-0.11647529445320678,-0.7881538179048341,1.4956224900775326,-0.4986928082209321,-0.4269939772562403,0.4011696111557686,3.0,train
-0.2922322319917963,-1.3084288370736354,-1.0205989410664063,0.11113381311838781,-0.7465872499699562,1.1314879110446892,-0.19259937583424555,-0.6441590086324702,0.7819813115507633,-0.7881538179048341,1.4956224900775326,-0.4986928082209321,-0.4269939772562403,-0.004853549615882458,4.0,train
-0.2310664964260765,0.47562274191557835,0.9798168112492035,0.11113381311838781,0.26490100016639395,0.26123310538566596,0.2803693096226374,-0.6441590086324702,0.7819813115507633,-0.7881538179048341,1.4956224900775326,2.0052424729513594,2.3419534074596497,-0.15298738533474623,4.0,train
-0.8121409843004146,-0.4164030475790286,-1.0205989410664063,-0.8596378055824154,2.2878775004390945,-0.9046449324224086,1.1080645091721826,1.5524117284689836,-0.11647529445320678,-0.7881538179048341,1.4956224900775326,2.0052424729513594,2.3419534074596497,-0.6705913858098195,4.0,train
-1.1703974354710591,1.3676485314101854,0.9798168112492035,1.081905431819191,1.276389250302744,1.1957774869175235,1.1080645091721826,1.5524117284689836,-1.0149319004571768,1.2687878651128297,-0.668617921055841,-0.4986928082209321,-0.4269939772562403,-0.7488209377368379,4.0,train
0.9864229067392034,-0.4164030475790286,-1.0205989410664063,-0.8596378055824154,-0.7465872499699562,0.11518683245969052,0.871580166443741,-0.6441590086324702,-1.9133885064611469,-0.7881538179048341,1.4956224900775326,-0.4986928082209321,-0.4269939772562403,-1.1530658909806526,4.0,train
1.3796312068045449,-1.3084288370736354,-1.0205989410664063,0.11113381311838781,0.26490100016639395,0.8570920364684891,-1.375021089476453,-0.6441590086324702,-1.0149319004571768,1.2687878651128297,1.4956224900775326,-0.4986928082209321,-0.4269939772562403,1.8488590398019904,0.0,train
1.6956541738940973,1.3676485314101854,-1.0205989410664063,0.11113381311838781,1.276389250302744,0.5330042439268557,0.6350958237152996,-0.6441590086324702,-0.11647529445320678,-0.7881538179048341,-0.668617921055841,-0.4986928082209321,-0.4269939772562403,-0.5955153655336871,2.0,train
0.5058349844371192,-1.3084288370736354,0.9798168112492035,0.11113381311838781,0.26490100016639395,0.04044987809280309,-0.5473258899269078,-0.6441590086324702,-1.0149319004571768,-0.7881538179048341,-0.668617921055841,-0.4986928082209321,-0.4269939772562403,0.12864493739348068,3.0,train
1.213609924554734,1.3676485314101854,-1.0205989410664063,2.052677050519994,0.26490100016639395,-1.4516280890945994,-0.90205240401957,-0.6441590086324702,0.7819813115507633,-0.7881538179048341,-0.668617921055841,-0.4986928082209321,-0.4269939772562403,-0.041500612785233176,4.0,train
-1.097581083607107,-1.3084288370736354,-1.0205989410664063,-0.8596378055824154,0.26490100016639395,1.7311858660849795,-1.729747603569115,-0.6441590086324702,0.7819813115507633,-0.7881538179048341,1.4956224900775326,2.0052424729513594,2.3419534074596497,2.2784822848638417,0.0,train
-0.40000043275044544,0.47562274191557835,-1.0205989410664063,-0.8596378055824154,-0.7465872499699562,-1.0428417629099105,-0.3108415471984663,1.5524117284689836,1.6804379175547333,-0.7881538179048341,-0.668617921055841,-0.4986928082209321,-0.4269939772562403,0.32524366584374315,3.0,train
-1.027677385817713,1.3676485314101854,-1.0205989410664063,-0.8596378055824154,0.26490100016639395,0.5634371608618709,0.5168536523510788,1.5524117284689836,-1.0149319004571768,1.2687878651128297,-0.668617921055841,-0.4986928082209321,-0.4269939772562403,-0.368908273940529,4.0,train
0.026703389172314098,-0.4164030475790286,0.9798168112492035,1.081905431819191,0.26490100016639395,0.4326342043023361,0.16212713825841665,-0.6441590086324702,0.7819813115507633,1.2687878651128297,-0.668617921055841,2.0052424729513594,-0.4269939772562403,0.2602365536623038,3.0,train
0.3907851484920748,0.47562274191557835,0.9798168112492035,-0.8596378055824154,0.26490100016639395,1.2189483864689483,-0.7838102326553492,1.5524117284689836,-1.0149319004571768,1.2687878651128297,-0.668617921055841,-0.4986928082209321,-0.4269939772562403,1.1156280846119777,2.0,train
1.2558434086358263,-0.4164030475790286,0.9798168112492035,-0.8596378055824154,-0.7465872499699562,0.8894396139144299,-0.0743572044700248,1.5524117284689836,-1.9133885064611469,1.2687878651128297,-0.668617921055841,-0.4986928082209321,-0.4269939772562403,0.42834692690452625,3.0,train
0.5480684685182114,-0.4164030475790286,0.9798168112492035,-0.8596378055824154,0.26490100016639395,-1.2827768139536113,0.9898223378079618,-0.6441590086324702,1.6804379175547333,-0.7881538179048341,-0.668617921055841,-0.4986928082209321,-0.4269939772562403,-1.0003507164721106,4.0,train
-0.12766727677926445,-0.4164030475790286,-1.0205989410664063,-0.8596378055824154,0.26490100016639395,0.36785115268281665,0.6350958237152996,-0.6441590086324702,0.7819813115507633,-0.7881538179048341,-0.668617921055841,-0.4986928082209321,-0.4269939772562403,-0.92466574540972,4.0,train
1.4335153071838695,1.3676485314101854,-1.0205989410664063,-0.8596378055824154,-0.7465872499699562,1.2485601121898258,0.2803693096226374,-0.6441590086324702,0.7819813115507633,-0.7881538179048341,-0.668617921055841,-0.4986928082209321,-0.4269939772562403,-0.2261773897721939,4.0,train
-1.3975844532865898,-0.4164030475790286,0.9798168112492035,-0.8596378055824154,0.26490100016639395,-0.818494692980255,-1.729747603569115,-0.6441590086324702,0.7819813115507633,-0.7881538179048341,-0.668617921055841,2.0052424729513594,-0.4269939772562403,1.17749881597893,2.0,train
0.5888456255620247,1.3676485314101854,0.9798168112492035,1.081905431819191,0.26490100016639395,1.7399762989527492,-1.375021089476453,-0.6441590086324702,-0.11647529445320678,-0.7881538179048341,-0.668617921055841,-0.4986928082209321,-0.4269939772562403,1.536929118935113,1.0,train
0.08058748955163869,-0.4164030475790286,0.9798168112492035,-0.8596378055824154,-0.7465872499699562,1.7832357839617186,-0.429083718562687,-0.6441590086324702,-1.0149319004571768,-0.7881538179048341,-0.668617921055841,-0.4986928082209321,-0.4269939772562403,0.31753085344035853,3.0,train
0.9631216741427386,-1.3084288370736354,-1.0205989410664063,2.052677050519994,0.26490100016639395,1.240695479987057,0.871580166443741,1.5524117284689836,1.6804379175547333,-0.7881538179048341,-0.668617921055841,-0.4986928082209321,-0.4269939772562403,0.06860407126646695,4.0,train
1.6286631301792613,0.47562274191557835,0.9798168112492035,1.081905431819191,-0.7465872499699562,0.06048251872819471,-0.90205240401957,-0.6441590086324702,0.7819813115507633,-0.7881538179048341,-0.668617921055841,2.0052424729513594,-0.4269939772562403,0.48338278126339795,2.0,train
-0.11310400640647401,-1.3084288370736354,0.9798168112492035,-0.8596378055824154,-0.7465872499699562,1.0204169950919548,0.5168536523510788,-0.6441590086324702,0.7819813115507633,1.2687878651128297,-0.668617921055841,2.0052424729513594,2.3419534074596497,-0.13530375670790248,4.0,train
1.3927381501400564,-1.3084288370736354,-1.0205989410664063,-0.8596378055824154,-0.7465872499699562,-0.521369676372427,-1.2567789181122322,1.5524117284689836,-1.0149319004571768,-0.7881538179048341,-0.668617921055841,2.0052424729513594,2.3419534074596497,1.0480980678197374,2.0,train
1.4553602127430552,-0.4164030475790286,-1.0205989410664063,-0.8596378055824154,-1.7580755001063062,-1.040276021512197,-0.90205240401957,-0.6441590086324702,0.7819813115507633,-0.7881538179048341,1.4956224900775326,2.0052424729513594,-0.4269939772562403,0.9788271938097457,4.0,train
0.9907918878510404,-1.3084288370736354,-1.0205989410664063,1.081905431819191,0.26490100016639395,-1.5771425611745544,-1.6115054322048943,-0.6441590086324702,-1.0149319004571768,-0.7881538179048341,-0.668617921055841,2.0052424729513594,2.3419534074596497,0.985662745338026,2.0,train
1.5951676083218433,1.3676485314101854,0.9798168112492035,-0.8596378055824154,-0.7465872499699562,1.510894201642836,-0.6655680612911284,-0.6441590086324702,0.7819813115507633,-0.7881538179048341,1.4956224900775326,-0.4986928082209321,-0.4269939772562403,0.8730604187486076,0.0,train
-0.6592266453861151,-1.3084288370736354,-1.0205989410664063,0.11113381311838781,-1.7580755001063062,-0.2609167352362364,-0.3108415471984663,-0.6441590086324702,-1.9133885064611469,-0.7881538179048341,-0.668617921055841,-0.4986928082209321,-0.4269939772562403,-0.38947602369374484,4.0,train
-1.0524349454514568,1.3676485314101854,-1.0205989410664063,0.11113381311838781,0.26490100016639395,0.3821183264830143,-0.429083718562687,1.5524117284689836,0.7819813115507633,1.2687878651128297,1.4956224900775326,-0.4986928082209321,-0.4269939772562403,0.7322797469040043,2.0,train
-0.02863703824428953,0.47562274191557835,0.9798168112492035,1.081905431819191,0.26490100016639395,1.3088385891336516,-1.729747603569115,1.5524117284689836,-0.11647529445320678,-0.7881538179048341,-0.668617921055841,-0.4986928082209321,-0.4269939772562403,1.733209591687449,1.0,train
-1.0815614861970375,-0.4164030475790286,0.9798168112492035,-0.8596378055824154,0.26490100016639395,0.9469775292997507,-0.6655680612911284,-0.6441590086324702,-0.11647529445320678,-0.7881538179048341,-0.668617921055841,-0.4986928082209321,2.3419534074596497,0.7321237522726513,2.0,train
-1.2432137873350113,0.47562274191557835,0.9798168112492035,2.052677050519994,0.26490100016639395,1.0760728259694388,-0.6655680612911284,-0.6441590086324702,1.6804379175547333,1.2687878651128297,-0.668617921055841,2.0052424729513594,-0.4269939772562403,1.0866708153775344,2.0,train
1.2267168678902454,-0.4164030475790286,-1.0205989410664063,0.11113381311838781,2.2878775004390945,-1.6387482372025952,-0.429083718562687,-0.6441590086324702,-0.11647529445320678,-0.7881538179048341,-0.668617921055841,-0.4986928082209321,-0.4269939772562403,0.05283879590678448,4.0,train
-1.066998215824247,-1.3084288370736354,-1.0205989410664063,0.11113381311838781,1.276389250302744,-1.637236470318341,-1.375021089476453,-0.6441590086324702,0.7819813115507633,-0.7881538179048341,1.4956224900775326,-0.4986928082209321,-0.4269939772562403,0.9279227992332345,2.0,train
0.8917616493160656,1.3676485314101854,0.9798168112492035,1.081905431819191,-0.7465872499699562,-1.6816629922143678,-1.1385367467480114,-0.6441590086324702,1.6804379175547333,-0.7881538179048341,-0.668617921055841,-0.4986928082209321,-0.4269939772562403,0.6997455508940645,2.0,train
-0.997094518034853,-0.4164030475790286,0.9798168112492035,-0.8596378055824154,-0.7465872499699562,-0.6138438483853663,-0.3108415471984663,-0.6441590086324702,-0.11647529445320678,-0.7881538179048341,-0.668617921055841,-0.4986928082209321,2.3419534074596497,-0.5134846429644294,4.0,train
-0.4800984198007928,-1.3084288370736354,-1.0205989410664063,-0.8596378055824154,0.26490100016639395,-1.576455572526504,-0.7838102326553492,-0.6441590086324702,-0.11647529445320678,-0.7881538179048341,-0.668617921055841,-0.4986928082209321,2.3419534074596497,0.3724182378220588,3.0,train
0.6063215500093732,1.3676485314101854,0.9798168112492035,-0.8596378055824154,0.26490100016639395,-1.410068639246142,-1.1385367467480114,1.5524117284689836,-0.11647529445320678,1.2687878651128297,-0.668617921055841,-0.4986928082209321,-0.4269939772562403,0.6962368987974006,2.0,train
0.8903053222787866,-1.3084288370736354,-1.0205989410664063,0.11113381311838781,-0.7465872499699562,0.24565060621117762,-0.0743572044700248,-0.6441590086324702,0.7819813115507633,-0.7881538179048341,-0.668617921055841,-0.4986928082209321,-0.4269939772562403,-0.08211533885471312,4.0,train
0.5917582796365828,-0.4164030475790286,0.9798168112492035,-0.8596378055824154,0.26490100016639395,1.0259311187787667,-1.375021089476453,-0.6441590086324702,-1.0149319004571768,-0.7881538179048341,1.4956224900775326,2.0052424729513594,-0.4269939772562403,1.585109904274154,1.0,train
0.737390983364487,0.47562274191557835,0.9798168112492035,-0.8596378055824154,2.2878775004390945,-0.39387896471223677,0.9898223378079618,-0.6441590086324702,-1.0149319004571768,-0.7881538179048341,-0.668617921055841,-0.4986928082209321,-0.4269939772562403,-1.5958583965684998,4.0,train
-1.300010541788894,-0.4164030475790286,0.9798168112492035,0.11113381311838781,-1.7580755001063062,-0.13369836744257269,0.04388496689419592,-0.6441590086324702,1.6804379175547333,-0.7881538179048341,-0.668617921055841,-0.4986928082209321,-0.4269939772562403,0.09474084348159739,4.0,train
0.054373602880615914,-1.3084288370736354,0.9798168112492035,-0.8596378055824154,0.26490100016639395,-0.37114513588928966,0.871580166443741,-0.6441590086324702,1.6804379175547333,-0.7881538179048341,1.4956224900775326,2.0052424729513594,-0.4269939772562403,-0.44654937206230244,4.0,train
-0.5820413124103259,-1.3084288370736354,0.9798168112492035,1.081905431819191,-1.7580755001063062,-1.1474291458937902,-0.19259937583424555,-0.6441590086324702,-0.11647529445320678,-0.7881538179048341,1.4956224900775326,-0.4986928082209321,-0.4269939772562403,-0.22681573306414782,4.0,train
0.033985024358709315,0.47562274191557835,-1.0205989410664063,-0.8596378055824154,0.26490100016639395,0.7814085387456359,-1.6115054322048943,1.5524117284689836,1.6804379175547333,-0.7881538179048341,1.4956224900775326,-0.4986928082209321,-0.4269939772562403,2.029571238351922,0.0,train
-0.3985441057131664,-1.3084288370736354,-1.0205989410664063,-0.8596378055824154,1.276389250302744,-0.15497762336796223,1.6992753659932862,-0.6441590086324702,-0.11647529445320678,-0.7881538179048341,-0.668617921055841,-0.4986928082209321,-0.4269939772562403,-2.032833469115942,4.0,train
-1.0699108698988051,-1.3084288370736354,0.9798168112492035,2.052677050519994,0.26490100016639395,0.494145439933238,-0.5473258899269078,-0.6441590086324702,-0.11647529445320678,-0.7881538179048341,-0.668617921055841,-0.4986928082209321,2.3419534074596497,0.29853745165677426,3.0,train
-0.044656635654359005,-0.4164030475790286,-1.0205989410664063,-0.8596378055824154,1.276389250302744,0.2494246527068537,-1.375021089476453,-0.6441590086324702,-0.11647529445320678,-0.7881538179048341,-0.668617921055841,-0.4986928082209321,-0.4269939772562403,0.9883001659947332,2.0,train
1.3257471064252204,0.47562274191557835,-1.0205989410664063,-0.8596378055824154,0.26490100016639395,0.8433037443708238,1.3445488519006241,1.5524117284689836,1.6804379175547333,-0.7881538179048341,-0.668617921055841,-0.4986928082209321,-0.4269939772562403,-0.9836086077932392,4.0,train
1.0956474345351315,1.3676485314101854,0.9798168112492035,-0.8596378055824154,1.276389250302744,-0.3249539675176427,0.5168536523510788,-0.6441590086324702,1.6804379175547333,-0.7881538179048341,1.4956224900775326,2.0052424729513594,-0.4269939772562403,-0.15908871019148274,4.0,train
1.6272068031419822,-1.3084288370736354,-1.0205989410664063,-0.8596378055824154,-1.7580755001063062,-0.4302955617048748,-1.2567789181122322,-0.6441590086324702,-1.0149319004571768,-0.7881538179048341,-0.668617921055841,-0.4986928082209321,-0.4269939772562403,0.6928375180072879,2.0,train
-0.9344724554318542,-1.3084288370736354,-1.0205989410664063,0.11113381311838781,1.276389250302744,0.1533052072826932,-1.2567789181122322,1.5524117284689836,-1.0149319004571768,-0.7881538179048341,1.4956224900775326,-0.4986928082209321,-0.4269939772562403,1.2134115694981042,1.0,train
0.42864965146132994,-1.3084288370736354,-1.0205989410664063,2.052677050519994,0.26490100016639395,0.7918153323293349,-1.2567789181122322,-0.6441590086324702,-1.9133885064611469,-0.7881538179048341,-0.668617921055841,-0.4986928082209321,-0.4269939772562403,0.6893686244080978,2.0,train
0.3805908592311215,1.3676485314101854,-1.0205989410664063,-0.8596378055824154,-1.7580755001063062,-0.2670006248886922,0.5168536523510788,-0.6441590086324702,-0.11647529445320678,-0.7881538179048341,-0.668617921055841,-0.4986928082209321,2.3419534074596497,-0.5784953991051182,4.0,train
0.29903654514349515,0.47562274191557835,-1.0205989410664063,1.081905431819191,1.276389250302744,-1.1076682643627664,1.2263066805364033,-0.6441590086324702,-1.9133885064611469,-0.7881538179048341,-0.668617921055841,-0.4986928082209321,-0.4269939772562403,-1.9082129071773228,4.0,train
1.654877016850284,-0.4164030475790286,-1.0205989410664063,-0.8596378055824154,1.276389250302744,-0.6973715741854846,0.04388496689419592,1.5524117284689836,0.7819813115507633,1.2687878651128297,-0.668617921055841,-0.4986928082209321,-0.4269939772562403,0.30570684309875135,0.0,train
-0.5572837527765822,1.3676485314101854,0.9798168112492035,1.081905431819191,0.26490100016639395,1.2597094454771567,1.1080645091721826,-0.6441590086324702,-0.11647529445320678,1.2687878651128297,-0.668617921055841,-0.4986928082209321,-0.4269939772562403,-0.6519022911450806,4.0,train
1.5310892186815654,0.47562274191557835,0.9798168112492035,1.081905431819191,-0.7465872499699562,-0.29401116047371484,1.2263066805364033,1.5524117284689836,-0.11647529445320678,1.2687878651128297,-0.668617921055841,2.0052424729513594,-0.4269939772562403,-0.6199978309483563,2.0,train
0.45631986516963174,1.3676485314101854,-1.0205989410664063,-0.8596378055824154,-0.7465872499699562,0.35963942876963806,-1.1385367467480114,1.5524117284689836,0.7819813115507633,-0.7881538179048341,-0.668617921055841,-0.4986928082209321,-0.4269939772562403,0.7036739776864791,2.0,train
-0.6140805072304648,-0.4164030475790286,0.9798168112492035,2.052677050519994,-0.7465872499699562,1.656485637770345,-1.6115054322048943,-0.6441590086324702,-0.11647529445320678,-0.7881538179048341,-0.668617921055841,2.0052424729513594,-0.4269939772562403,1.4221160958614487,1.0,train
-1.2825346173415455,1.3676485314101854,0.9798168112492035,-0.8596378055824154,-1.7580755001063062,-0.30952044063114753,0.04388496689419592,1.5524117284689836,-1.9133885064611469,-0.7881538179048341,1.4956224900775326,-0.4986928082209321,-0.4269939772562403,-0.6975668008103098,4.0,train
-0.6621392994606732,-0.4164030475790286,-1.0205989410664063,0.11113381311838781,-1.7580755001063062,-1.2909818904846468,0.5168536523510788,-0.6441590086324702,0.7819813115507633,1.2687878651128297,1.4956224900775326,-0.4986928082209321,-0.4269939772562403,-0.23199864812769208,4.0,train
-1.4587501888523096,0.47562274191557835,0.9798168112492035,-0.8596378055824154,-1.7580755001063062,0.6750318061416515,-0.429083718562687,1.5524117284689836,-1.0149319004571768,1.2687878651128297,-0.668617921055841,2.0052424729513594,-0.4269939772562403,0.9252740978442795,2.0,train
-1.6160335088784463,-0.4164030475790286,0.9798168112492035,-0.8596378055824154,-0.7465872499699562,0.6599789858181653,0.6350958237152996,1.5524117284689836,-1.0149319004571768,1.2687878651128297,-0.668617921055841,2.0052424729513594,2.3419534074596497,-0.404683963449153,4.0,train
-1.5563241003500055,-1.3084288370736354,-1.0205989410664063,1.081905431819191,0.26490100016639395,1.4343990208613444,-0.5473258899269078,1.5524117284689836,-1.0149319004571768,-0.7881538179048341,1.4956224900775326,-0.4986928082209321,-0.4269939772562403,0.9997969589448634,2.0,train
-1.5432171570144941,-1.3084288370736354,0.9798168112492035,-0.8596378055824154,2.2878775004390945,-0.6437908327811085,-0.6655680612911284,-0.6441590086324702,0.7819813115507633,-0.7881538179048341,1.4956224900775326,-0.4986928082209321,-0.4269939772562403,0.33334142331331634,3.0,train
-1.0364153480413871,-1.3084288370736354,0.9798168112492035,-0.8596378055824154,1.276389250302744,-1.5857596037525064,1.6992753659932862,-0.6441590086324702,-1.9133885064611469,-0.7881538179048341,-0.668617921055841,-0.4986928082209321,-0.4269939772562403,-2.055756807565376,4.0,train
1.0592392586031556,0.47562274191557835,-1.0205989410664063,-0.8596378055824154,0.26490100016639395,-0.3774159422195819,-1.2567789181122322,-0.6441590086324702,-1.9133885064611469,-0.7881538179048341,-0.668617921055841,-0.4986928082209321,2.3419534074596497,0.060652749482234106,4.0,train
0.735934656327208,-0.4164030475790286,-1.0205989410664063,2.052677050519994,0.26490100016639395,-0.5380925414721369,0.871580166443741,-0.6441590086324702,-1.0149319004571768,-0.7881538179048341,-0.668617921055841,-0.4986928082209321,-0.4269939772562403,-1.2853924214741237,4.0,train
0.8378775489367409,0.47562274191557835,0.9798168112492035,-0.8596378055824154,0.26490100016639395,1.587492888634806,0.3986114809868581,-0.6441590086324702,0.7819813115507633,-0.7881538179048341,-0.668617921055841,-0.4986928082209321,-0.4269939772562403,-0.08268102783138215,4.0,train
1.1218613212061543,-1.3084288370736354,-1.0205989410664063,0.11113381311838781,-0.7465872499699562,1.6971245189305433,-0.19259937583424555,-0.6441590086324702,-0.11647529445320678,1.2687878651128297,1.4956224900775326,-0.4986928082209321,-0.4269939772562403,0.7692709000777315,2.0,train
-0.315533464588261,-0.4164030475790286,-1.0205989410664063,0.11113381311838781,-0.7465872499699562,-1.0776931592781656,-1.1385367467480114,-0.6441590086324702,-1.0149319004571768,1.2687878651128297,-0.668617921055841,-0.4986928082209321,-0.4269939772562403,0.9868510032173532,2.0,train
-1.4296236481067288,0.47562274191557835,0.9798168112492035,-0.8596378055824154,1.276389250302744,0.588546913737636,-0.429083718562687,-0.6441590086324702,0.7819813115507633,-0.7881538179048341,-0.668617921055841,-0.4986928082209321,-0.4269939772562403,0.13495345414832371,3.0,train
0.9645780011800177,0.47562274191557835,-1.0205989410664063,-0.8596378055824154,0.26490100016639395,-0.10691983629894149,-0.7838102326553492,-0.6441590086324702,-1.0149319004571768,-0.7881538179048341,1.4956224900775326,2.0052424729513594,-0.4269939772562403,0.9191476658437723,2.0,train
-1.1718537625083383,0.47562274191557835,0.9798168112492035,1.081905431819191,1.276389250302744,-1.5260418368112232,-1.6115054322048943,-0.6441590086324702,-0.11647529445320678,1.2687878651128297,-0.668617921055841,-0.4986928082209321,-0.4269939772562403,1.0389316370329127,2.0,train
1.4058450934755677,-1.3084288370736354,-1.0205989410664063,1.081905431819191,0.26490100016639395,1.7482318430520984,0.2803693096226374,-0.6441590086324702,-1.9133885064611469,-0.7881538179048341,-0.668617921055841,-0.4986928082209321,-0.4269939772562403,-0.49330240942809017,4.0,train
-0.2849505968054011,-0.4164030475790286,0.9798168112492035,1.081905431819191,-1.7580755001063062,-0.8829924098101907,0.16212713825841665,1.5524117284689836,0.7819813115507633,1.2687878651128297,-0.668617921055841,2.0052424729513594,-0.4269939772562403,-0.06811903356587197,4.0,train
0.939820441546274,-0.4164030475790286,0.9798168112492035,2.052677050519994,-0.7465872499699562,1.1683519788434733,1.1080645091721826,1.5524117284689836,-0.11647529445320678,1.2687878651128297,-0.668617921055841,-0.4986928082209321,-0.4269939772562403,-0.41561527402006465,4.0,train
0.10097606807354528,0.47562274191557835,0.9798168112492035,0.11113381311838781,1.276389250302744,-0.9867144996030877,0.3986114809868581,-0.6441590086324702,-1.0149319004571768,1.2687878651128297,-0.668617921055841,-0.4986928082209321,-0.4269939772562403,-0.7738364103177529,4.0,train
-1.6888498607423985,1.3676485314101854,-1.0205989410664063,-0.8596378055824154,-0.7465872499699562,-0.7720482174707051,1.3445488519006241,1.5524117284689836,-1.0149319004571768,-0.7881538179048341,-0.668617921055841,-0.4986928082209321,-0.4269939772562403,-1.8192321176356185,4.0,train
-1.4805950944114954,0.47562274191557835,-1.0205989410664063,2.052677050519994,0.26490100016639395,0.9818075163423001,-1.6115054322048943,-0.6441590086324702,0.7819813115507633,1.2687878651128297,-0.668617921055841,-0.4986928082209321,2.3419534074596497,1.492070856163001,1.0,train
1.3592426282826384,1.3676485314101854,-1.0205989410664063,0.11113381311838781,-0.7465872499699562,-1.2280640969311407,-0.19259937583424555,-0.6441590086324702,-0.11647529445320678,1.2687878651128297,1.4956224900775326,-0.4986928082209321,2.3419534074596497,0.05537251345901228,4.0,train
1.6461390546266097,-0.4164030475790286,0.9798168112492035,-0.8596378055824154,0.26490100016639395,0.2577993407500643,-1.2567789181122322,-0.6441590086324702,1.6804379175547333,1.2687878651128297,1.4956224900775326,-0.4986928082209321,-0.4269939772562403,1.7870151219839483,1.0,train
1.4276899990347534,1.3676485314101854,0.9798168112492035,-0.8596378055824154,0.26490100016639395,1.3941111044209593,-1.375021089476453,-0.6441590086324702,0.7819813115507633,-0.7881538179048341,-0.668617921055841,2.0052424729513594,-0.4269939772562403,1.3440467221349424,3.0,train
0.25243407995056577,-0.4164030475790286,0.9798168112492035,1.081905431819191,-1.7580755001063062,0.10415476386326453,-0.5473258899269078,1.5524117284689836,-1.0149319004571768,-0.7881538179048341,1.4956224900775326,-0.4986928082209321,2.3419534074596497,0.872713379039379,2.0,train
0.3776782051565634,-1.3084288370736354,0.9798168112492035,0.11113381311838781,1.276389250302744,-0.9346009005081134,-1.1385367467480114,1.5524117284689836,0.7819813115507633,1.2687878651128297,1.4956224900775326,-0.4986928082209321,2.3419534074596497,1.3112409203194697,1.0,train
0.802925700042044,-1.3084288370736354,0.9798168112492035,0.11113381311838781,1.276389250302744,1.2220956513133343,-0.3108415471984663,-0.6441590086324702,-0.11647529445320678,-0.7881538179048341,-0.668617921055841,-0.4986928082209321,-0.4269939772562403,0.32809665409785954,3.0,train
-1.535935521828099,-1.3084288370736354,0.9798168112492035,-0.8596378055824154,-0.7465872499699562,0.6064789224505769,0.9898223378079618,1.5524117284689836,-1.9133885064611469,1.2687878651128297,1.4956224900775326,-0.4986928082209321,-0.4269939772562403,-0.922304772753744,4.0,train
0.7723428322591841,1.3676485314101854,0.9798168112492035,-0.8596378055824154,-1.7580755001063062,1.053124481558907,1.3445488519006241,-0.6441590086324702,0.7819813115507633,-0.7881538179048341,-0.668617921055841,-0.4986928082209321,-0.4269939772562403,-1.120053802223613,4.0,train
1.0825404911996201,0.47562274191557835,-1.0205989410664063,-0.8596378055824154,0.26490100016639395,-0.03088409277470535,1.2263066805364033,-0.6441590086324702,0.7819813115507633,1.2687878651128297,-0.668617921055841,-0.4986928082209321,-0.4269939772562403,-1.0426901925079084,4.0,train
-0.41456370312323587,-1.3084288370736354,-1.0205989410664063,-0.8596378055824154,-0.7465872499699562,0.872341677936297,0.5168536523510788,-0.6441590086324702,-1.0149319004571768,1.2687878651128297,-0.668617921055841,2.0052424729513594,2.3419534074596497,-0.5666333078666591,4.0,train
-1.2242815358503838,0.47562274191557835,-1.0205989410664063,-0.8596378055824154,1.276389250302744,-1.2980691469533734,-0.429083718562687,1.5524117284689836,-0.11647529445320678,-0.7881538179048341,-0.668617921055841,-0.4986928082209321,-0.4269939772562403,0.3404050920195666,3.0,train
0.19854997957124115,0.47562274191557835,-1.0205989410664063,-0.8596378055824154,0.26490100016639395,1.5346388898427406,0.3986114809868581,-0.6441590086324702,-0.11647529445320678,1.2687878651128297,-0.668617921055841,-0.4986928082209321,-0.4269939772562403,-0.39744671113497015,4.0,train
0.601952568897536,0.47562274191557835,-1.0205989410664063,1.081905431819191,0.26490100016639395,-0.044746697565787454,-0.0743572044700248,-0.6441590086324702,-0.11647529445320678,1.2687878651128297,-0.668617921055841,-0.4986928082209321,-0.4269939772562403,0.2541551708173169,3.0,train
0.8815673600551123,-1.3084288370736354,-1.0205989410664063,1.081905431819191,0.26490100016639395,0.8394704457325302,-1.1385367467480114,-0.6441590086324702,0.7819813115507633,1.2687878651128297,-0.668617921055841,-0.4986928082209321,-0.4269939772562403,1.2556778058204219,1.0,train
-1.7019568040779098,-0.4164030475790286,0.9798168112492035,-0.8596378055824154,1.276389250302744,-1.321758658798601,-0.7838102326553492,-0.6441590086324702,0.7819813115507633,-0.7881538179048341,-0.668617921055841,2.0052424729513594,-0.4269939772562403,0.2687007326127729,3.0,train
-0.4407775897942587,-1.3084288370736354,0.9798168112492035,-0.8596378055824154,-0.7465872499699562,0.30693942310798167,-1.729747603569115,-0.6441590086324702,-1.0149319004571768,-0.7881538179048341,-0.668617921055841,-0.4986928082209321,-0.4269939772562403,1.2960879250014001,1.0,train
-1.5650620625736797,-1.3084288370736354,0.9798168112492035,0.11113381311838781,-0.7465872499699562,0.01111845584780158,-0.90205240401957,1.5524117284689836,-1.0149319004571768,-0.7881538179048341,1.4956224900775326,2.0052424729513594,-0.4269939772562403,1.1671898990806366,2.0,train
0.6514676881650235,-0.4164030475790286,-1.0205989410664063,2.052677050519994,0.26490100016639395,-0.505174202500731,-0.19259937583424555,-0.6441590086324702,-1.9133885064611469,-0.7881538179048341,-0.668617921055841,2.0052424729513594,-0.4269939772562403,-0.048276236204753346,4.0,train
-0.6650519535352313,1.3676485314101854,-1.0205989410664063,1.081905431819191,0.26490100016639395,-0.8517310782103491,-1.2567789181122322,-0.6441590086324702,-1.0149319004571768,-0.7881538179048341,-0.668617921055841,-0.4986928082209321,-0.4269939772562403,0.3909981309939973,3.0,train
0.7403036374390451,0.47562274191557835,-1.0205989410664063,-0.8596378055824154,0.26490100016639395,0.35834417507715377,-0.90205240401957,-0.6441590086324702,-0.11647529445320678,-0.7881538179048341,1.4956224900775326,2.0052424729513594,-0.4269939772562403,0.8866399343963602,2.0,train
-1.578169005909191,1.3676485314101854,0.9798168112492035,-0.8596378055824154,-0.7465872499699562,1.6501350149927154,-1.4932632608406737,-0.6441590086324702,-0.11647529445320678,-0.7881538179048341,-0.668617921055841,-0.4986928082209321,-0.4269939772562403,1.2920083330207548,1.0,train
-1.6830245525932823,0.47562274191557835,0.9798168112492035,2.052677050519994,0.26490100016639395,0.2894551776323778,0.9898223378079618,1.5524117284689836,-1.0149319004571768,-0.7881538179048341,-0.668617921055841,-0.4986928082209321,-0.4269939772562403,-0.9090391528751117,4.0,train
0.15486016845286987,0.47562274191557835,0.9798168112492035,-0.8596378055824154,0.26490100016639395,0.6020320232890127,0.9898223378079618,-0.6441590086324702,0.7819813115507633,1.2687878651128297,1.4956224900775326,2.0052424729513594,-0.4269939772562403,-0.24737730539962474,4.0,train
0.06311156510429017,0.47562274191557835,-1.0205989410664063,-0.8596378055824154,-1.7580755001063062,-1.5516386702383502,-0.3108415471984663,-0.6441590086324702,0.7819813115507633,1.2687878651128297,-0.668617921055841,2.0052424729513594,-0.4269939772562403,0.364091641842665,3.0,train
-1.544673484051773,-1.3084288370736354,-1.0205989410664063,2.052677050519994,-0.7465872499699562,0.1502419141321036,-0.3108415471984663,-0.6441590086324702,-0.11647529445320678,1.2687878651128297,-0.668617921055841,-0.4986928082209321,-0.4269939772562403,0.24424891598810275,3.0,train
-0.9519483798792028,0.47562274191557835,-1.0205989410664063,1.081905431819191,-1.7580755001063062,-0.20782138185217522,-1.0202945753837906,1.5524117284689836,0.7819813115507633,1.2687878651128297,-0.668617921055841,-0.4986928082209321,-0.4269939772562403,1.4325833046311263,1.0,train
-0.6868968590944169,-1.3084288370736354,-1.0205989410664063,1.081905431819191,-0.7465872499699562,0.32953869252960505,1.6992753659932862,-0.6441590086324702,0.7819813115507633,-0.7881538179048341,-0.668617921055841,-0.4986928082209321,-0.4269939772562403,-1.7259515151896787,4.0,train
0.9820539256273663,0.47562274191557835,-1.0205989410664063,-0.8596378055824154,-0.7465872499699562,-0.3097471627821999,-1.0202945753837906,1.5524117284689836,1.6804379175547333,-0.7881538179048341,-0.668617921055841,-0.4986928082209321,-0.4269939772562403,1.6582752712255215,1.0,train
-0.8019466950394613,-1.3084288370736354,0.9798168112492035,2.052677050519994,0.26490100016639395,-0.3669247938510892,0.04388496689419592,-0.6441590086324702,-0.11647529445320678,1.2687878651128297,-0.668617921055841,2.0052424729513594,-0.4269939772562403,0.13281399608862685,3.0,train
0.7839934485574164,-1.3084288370736354,0.9798168112492035,0.11113381311838781,2.2878775004390945,0.8816296599499042,1.5810331946290654,-0.6441590086324702,-0.11647529445320678,-0.7881538179048341,-0.668617921055841,-0.4986928082209321,-0.4269939772562403,-1.3528457370783105,4.0,train
0.7956440648556488,-0.4164030475790286,-1.0205989410664063,0.11113381311838781,-1.7580755001063062,-0.14420876456295786,1.2263066805364033,-0.6441590086324702,0.7819813115507633,1.2687878651128297,-0.668617921055841,-0.4986928082209321,-0.4269939772562403,-0.861739024575246,4.0,train
0.10388872214810337,1.3676485314101854,-1.0205989410664063,2.052677050519994,2.2878775004390945,-0.24222657899457123,0.2803693096226374,-0.6441590086324702,0.7819813115507633,-0.7881538179048341,-0.668617921055841,-0.4986928082209321,-0.4269939772562403,-0.790781592183165,4.0,train
0.6602056503886977,-0.4164030475790286,0.9798168112492035,-0.8596378055824154,0.26490100016639395,-0.6489336439810294,-0.5473258899269078,-0.6441590086324702,0.7819813115507633,-0.7881538179048341,1.4956224900775326,-0.4986928082209321,2.3419534074596497,0.4571474089101274,3.0,train
-0.9402977635809704,-1.3084288370736354,-1.0205989410664063,-0.8596378055824154,2.2878775004390945,-1.3803682690342551,-0.90205240401957,-0.6441590086324702,-1.0149319004571768,1.2687878651128297,1.4956224900775326,-0.4986928082209321,-0.4269939772562403,0.5577746953643868,3.0,train
-0.7990340409649033,-1.3084288370736354,-1.0205989410664063,0.11113381311838781,-1.7580755001063062,0.8648779809778954,0.5168536523510788,-0.6441590086324702,-0.11647529445320678,-0.7881538179048341,-0.668617921055841,-0.4986928082209321,-0.4269939772562403,-0.7037719792320241,4.0,train
0.4024357647903072,-1.3084288370736354,0.9798168112492035,-0.8596378055824154,0.26490100016639395,0.8329636887535686,0.9898223378079618,-0.6441590086324702,1.6804379175547333,1.2687878651128297,1.4956224900775326,-0.4986928082209321,-0.4269939772562403,0.17353577373667498,3.0,train
-0.724761362063672,-0.4164030475790286,0.9798168112492035,-0.8596378055824154,0.26490100016639395,0.18198337206321252,-0.3108415471984663,1.5524117284689836,-0.11647529445320678,-0.7881538179048341,-0.668617921055841,-0.4986928082209321,-0.4269939772562403,0.34331762612775707,3.0,train
1.3097275090151508,0.47562274191557835,0.9798168112492035,-0.8596378055824154,-0.7465872499699562,0.13349295393387697,-1.0202945753837906,-0.6441590086324702,-0.11647529445320678,-0.7881538179048341,1.4956224900775326,-0.4986928082209321,-0.4269939772562403,1.0571797058847514,2.0,train
1.385456514953661,-1.3084288370736354,0.9798168112492035,-0.8596378055824154,-1.7580755001063062,-0.19775174434201565,0.16212713825841665,-0.6441590086324702,0.7819813115507633,-0.7881538179048341,-0.668617921055841,-0.4986928082209321,-0.4269939772562403,-0.19400420943744612,4.0,train
-0.19465832049410042,0.47562274191557835,-1.0205989410664063,2.052677050519994,-0.7465872499699562,0.5147795640295544,0.2803693096226374,-0.6441590086324702,0.7819813115507633,-0.7881538179048341,-0.668617921055841,-0.4986928082209321,-0.4269939772562403,-0.05993966457219771,4.0,train
-0.9228218391336218,0.47562274191557835,0.9798168112492035,2.052677050519994,-1.7580755001063062,0.6433360774632014,1.6992753659932862,1.5524117284689836,0.7819813115507633,-0.7881538179048341,-0.668617921055841,2.0052424729513594,-0.4269939772562403,-1.20680220167799,4.0,train
-1.3568072962427766,0.47562274191557835,-1.0205989410664063,1.081905431819191,-0.7465872499699562,0.5508530168764734,0.9898223378079618,-0.6441590086324702,-0.11647529445320678,-0.7881538179048341,-0.668617921055841,-0.4986928082209321,-0.4269939772562403,-1.1786868916571442,4.0,train
-1.5213722514553085,0.47562274191557835,0.9798168112492035,0.11113381311838781,-0.7465872499699562,0.9024666090472542,0.6350958237152996,1.5524117284689836,0.7819813115507633,-0.7881538179048341,1.4956224900775326,-0.4986928082209321,-0.4269939772562403,-0.14552639432965017,4.0,train
-0.6330127587150923,-0.4164030475790286,-1.0205989410664063,-0.8596378055824154,-1.7580755001063062,0.3588391775349024,-1.2567789181122322,-0.6441590086324702,-1.0149319004571768,-0.7881538179048341,1.4956224900775326,-0.4986928082209321,-0.4269939772562403,0.5696308670986975,3.0,train
1.3898254960654983,-1.3084288370736354,0.9798168112492035,-0.8596378055824154,1.276389250302744,0.9626196390935837,0.04388496689419592,-0.6441590086324702,-0.11647529445320678,1.2687878651128297,1.4956224900775326,-0.4986928082209321,2.3419534074596497,0.6803251541123326,2.0,train
1.009724139335668,-1.3084288370736354,0.9798168112492035,1.081905431819191,-1.7580755001063062,-0.07114607075457244,0.5168536523510788,-0.6441590086324702,-0.11647529445320678,-0.7881538179048341,-0.668617921055841,-0.4986928082209321,-0.4269939772562403,-0.9180127053413496,4.0,train
-1.198067649179361,1.3676485314101854,0.9798168112492035,2.052677050519994,0.26490100016639395,0.7808122735383479,-0.429083718562687,-0.6441590086324702,0.7819813115507633,-0.7881538179048341,-0.668617921055841,-0.4986928082209321,2.3419534074596497,0.46703081534373464,3.0,train
-0.9388414365436913,1.3676485314101854,-1.0205989410664063,1.081905431819191,1.276389250302744,-0.21251682696218974,-0.3108415471984663,-0.6441590086324702,0.7819813115507633,-0.7881538179048341,1.4956224900775326,-0.4986928082209321,-0.4269939772562403,0.28579258621759457,3.0,train
-1.538848175902657,-1.3084288370736354,0.9798168112492035,1.081905431819191,1.276389250302744,1.7956489234029305,0.2803693096226374,1.5524117284689836,0.7819813115507633,-0.7881538179048341,-0.668617921055841,-0.4986928082209321,-0.4269939772562403,0.3691430183638746,3.0,train
-1.1077753728680604,1.3676485314101854,-1.0205989410664063,-0.8596378055824154,-1.7580755001063062,-1.08625945660505,1.4627910232648447,-0.6441590086324702,-1.0149319004571768,-0.7881538179048341,1.4956224900775326,-0.4986928082209321,-0.4269939772562403,-1.7859752037401035,4.0,train
-1.365545258466451,1.3676485314101854,0.9798168112492035,-0.8596378055824154,-0.7465872499699562,-1.6402129401032728,-0.0743572044700248,-0.6441590086324702,-1.0149319004571768,1.2687878651128297,1.4956224900775326,-0.4986928082209321,-0.4269939772562403,-0.3968797308303606,4.0,train
-1.4966146918215648,0.47562274191557835,0.9798168112492035,1.081905431819191,0.26490100016639395,0.1003958131109846,-0.0743572044700248,-0.6441590086324702,0.7819813115507633,1.2687878651128297,-0.668617921055841,-0.4986928082209321,-0.4269939772562403,0.39287606501314326,3.0,train
-0.8470928331951116,-0.4164030475790286,0.9798168112492035,2.052677050519994,-0.7465872499699562,0.2296671993946273,0.2803693096226374,-0.6441590086324702,1.6804379175547333,-0.7881538179048341,-0.668617921055841,-0.4986928082209321,-0.4269939772562403,0.4367515507361851,3.0,train
-0.10290971714552072,1.3676485314101854,-1.0205989410664063,-0.8596378055824154,-0.7465872499699562,-0.8011150145462542,0.7533379950795204,-0.6441590086324702,0.7819813115507633,-0.7881538179048341,-0.668617921055841,-0.4986928082209321,-0.4269939772562403,-0.8927359231400422,4.0,train
-1.675742917406887,1.3676485314101854,-1.0205989410664063,-0.8596378055824154,0.26490100016639395,-0.8520307365897797,-0.90205240401957,-0.6441590086324702,1.6804379175547333,-0.7881538179048341,-0.668617921055841,2.0052424729513594,-0.4269939772562403,0.6697213847373463,2.0,train
-1.2213688817758257,1.3676485314101854,0.9798168112492035,0.11113381311838781,-0.7465872499699562,0.05638261347622258,-1.375021089476453,-0.6441590086324702,1.6804379175547333,-0.7881538179048341,1.4956224900775326,-0.4986928082209321,-0.4269939772562403,1.4158150467225212,1.0,train
0.2582593880996819,-0.4164030475790286,-1.0205989410664063,-0.8596378055824154,0.26490100016639395,-1.3819176055004216,-0.429083718562687,1.5524117284689836,-1.0149319004571768,-0.7881538179048341,1.4956224900775326,-0.4986928082209321,-0.4269939772562403,0.136538254828514,3.0,train
-0.5398078283292336,1.3676485314101854,0.9798168112492035,-0.8596378055824154,0.26490100016639395,0.7215971843793845,1.3445488519006241,-0.6441590086324702,-0.11647529445320678,-0.7881538179048341,-0.668617921055841,-0.4986928082209321,-0.4269939772562403,-1.1297918222840826,4.0,train
1.0636082397149926,-1.3084288370736354,0.9798168112492035,-0.8596378055824154,-1.7580755001063062,-0.5690055106877052,0.16212713825841665,1.5524117284689836,-0.11647529445320678,-0.7881538179048341,-0.668617921055841,2.0052424729513594,-0.4269939772562403,0.2167406367192701,3.0,train
1.2369111571511988,1.3676485314101854,0.9798168112492035,1.081905431819191,0.26490100016639395,0.37308487734077567,-1.6115054322048943,-0.6441590086324702,1.6804379175547333,-0.7881538179048341,1.4956224900775326,-0.4986928082209321,-0.4269939772562403,1.7836377812235988,0.0,train
0.19126834438484594,-1.3084288370736354,0.9798168112492035,-0.8596378055824154,-0.7465872499699562,1.7347763818975643,1.6992753659932862,1.5524117284689836,1.6804379175547333,1.2687878651128297,-0.668617921055841,2.0052424729513594,-0.4269939772562403,-0.3388793574761225,4.0,train
-0.7014601294672074,1.3676485314101854,0.9798168112492035,1.081905431819191,0.26490100016639395,-1.1870472243617503,0.9898223378079618,1.5524117284689836,-1.0149319004571768,1.2687878651128297,1.4956224900775326,-0.4986928082209321,-0.4269939772562403,-0.9094847916429291,4.0,train
-0.7305866702127882,-0.4164030475790286,0.9798168112492035,-0.8596378055824154,0.26490100016639395,1.261793631425549,-0.0743572044700248,1.5524117284689836,-1.0149319004571768,-0.7881538179048341,-0.668617921055841,-0.4986928082209321,-0.4269939772562403,0.5427507321971135,3.0,train
0.019421753985918885,-1.3084288370736354,0.9798168112492035,0.11113381311838781,0.26490100016639395,0.025506123705119753,0.9898223378079618,-0.6441590086324702,-1.0149319004571768,1.2687878651128297,-0.668617921055841,-0.4986928082209321,-0.4269939772562403,-1.0496289265033216,4.0,train
-0.33155306199833046,-0.4164030475790286,0.9798168112492035,1.081905431819191,-0.7465872499699562,1.659081803040168,-1.6115054322048943,-0.6441590086324702,-1.9133885064611469,-0.7881538179048341,-0.668617921055841,-0.4986928082209321,-0.4269939772562403,1.1879244064138668,2.0,train
0.37330922404472633,1.3676485314101854,0.9798168112492035,-0.8596378055824154,0.26490100016639395,-0.7142639652441923,1.1080645091721826,1.5524117284689836,-1.0149319004571768,-0.7881538179048341,-0.668617921055841,2.0052424729513594,-0.4269939772562403,-1.2387140302650452,4.0,train
0.7869061026319745,-1.3084288370736354,0.9798168112492035,-0.8596378055824154,-0.7465872499699562,1.3800372674163652,-0.5473258899269078,-0.6441590086324702,1.6804379175547333,-0.7881538179048341,-0.668617921055841,-0.4986928082209321,2.3419534074596497,0.588963271406813,3.0,train
0.9543837119190645,-1.3084288370736354,-1.0205989410664063,-0.8596378055824154,-0.7465872499699562,-1.3149188148477589,0.5168536523510788,1.5524117284689836,1.6804379175547333,-0.7881538179048341,-0.668617921055841,-0.4986928082209321,-0.4269939772562403,-0.4290734341740687,4.0,train
-1.533022867753541,1.3676485314101854,-1.0205989410664063,1.081905431819191,-0.7465872499699562,1.6518810764507257,0.16212713825841665,-0.6441590086324702,-0.11647529445320678,1.2687878651128297,-0.668617921055841,2.0052424729513594,-0.4269939772562403,0.14771034005013317,3.0,train
1.3869128419909402,-0.4164030475790286,0.9798168112492035,-0.8596378055824154,0.26490100016639395,-1.0738355027799684,-1.0202945753837906,-0.6441590086324702,0.7819813115507633,1.2687878651128297,1.4956224900775326,2.0052424729513594,-0.4269939772562403,1.3934658663813344,1.0,train
-0.42330166534691016,-0.4164030475790286,0.9798168112492035,-0.8596378055824154,0.26490100016639395,-1.217807766138526,1.4627910232648447,-0.6441590086324702,-1.0149319004571768,-0.7881538179048341,-0.668617921055841,-0.4986928082209321,-0.4269939772562403,-1.6876548821079,4.0,train
1.7349750039006313,1.3676485314101854,0.9798168112492035,-0.8596378055824154,1.276389250302744,0.17667052638290598,-1.4932632608406737,-0.6441590086324702,1.6804379175547333,1.2687878651128297,-0.668617921055841,-0.4986928082209321,-0.4269939772562403,1.6884941858252067,0.0,train
-0.24417343976158787,-1.3084288370736354,-1.0205989410664063,1.081905431819191,1.276389250302744,0.639073830808491,1.6992753659932862,-0.6441590086324702,-1.0149319004571768,-0.7881538179048341,-0.668617921055841,-0.4986928082209321,-0.4269939772562403,-1.6297157638670394,4.0,train
-1.569431043685517,1.3676485314101854,0.9798168112492035,-0.8596378055824154,-0.7465872499699562,-1.1507158191480988,1.3445488519006241,-0.6441590086324702,0.7819813115507633,-0.7881538179048341,1.4956224900775326,-0.4986928082209321,-0.4269939772562403,-1.3846530527906171,4.0,train
-0.30388284829002865,1.3676485314101854,0.9798168112492035,0.11113381311838781,0.26490100016639395,-0.01208671798960713,0.04388496689419592,-0.6441590086324702,0.7819813115507633,1.2687878651128297,-0.668617921055841,-0.4986928082209321,-0.4269939772562403,0.2154198279382568,3.0,train
-1.065541888786968,1.3676485314101854,0.9798168112492035,-0.8596378055824154,0.26490100016639395,-0.12201897597125612,0.9898223378079618,-0.6441590086324702,-0.11647529445320678,1.2687878651128297,-0.668617921055841,2.0052424729513594,-0.4269939772562403,-0.9304926039874655,4.0,train
-0.07378317639993986,-0.4164030475790286,-1.0205989410664063,-0.8596378055824154,1.276389250302744,0.7533793840415386,0.6350958237152996,-0.6441590086324702,-1.9133885064611469,-0.7881538179048341,-0.668617921055841,-0.4986928082209321,-0.4269939772562403,-0.9640515814243289,4.0,train
-0.8980642794998781,-0.4164030475790286,0.9798168112492035,-0.8596378055824154,0.26490100016639395,0.9388216363051598,-1.1385367467480114,-0.6441590086324702,0.7819813115507633,-0.7881538179048341,-0.668617921055841,-0.4986928082209321,-0.4269939772562403,1.5005622717782703,1.0,train
1.7160427524160038,-0.4164030475790286,-1.0205989410664063,1.081905431819191,-0.7465872499699562,-1.3108569652854378,-1.1385367467480114,1.5524117284689836,0.7819813115507633,1.2687878651128297,-0.668617921055841,-0.4986928082209321,-0.4269939772562403,1.1016263454764046,0.0,train
1.146618880839898,0.47562274191557835,-1.0205989410664063,-0.8596378055824154,-0.7465872499699562,-0.2935114290108909,0.9898223378079618,-0.6441590086324702,-1.0149319004571768,1.2687878651128297,-0.668617921055841,-0.4986928082209321,-0.4269939772562403,-1.3151379582778684,4.0,train
1.0286563908202957,-1.3084288370736354,-1.0205989410664063,-0.8596378055824154,-0.7465872499699562,0.8472147963834851,-1.375021089476453,1.5524117284689836,0.7819813115507633,1.2687878651128297,-0.668617921055841,-0.4986928082209321,-0.4269939772562403,1.803604919837055,0.0,train
0.7140897507680224,1.3676485314101854,0.9798168112492035,1.081905431819191,0.26490100016639395,1.339310534920842,1.5810331946290654,-0.6441590086324702,1.6804379175547333,-0.7881538179048341,-0.668617921055841,-0.4986928082209321,-0.4269939772562403,-0.9002219852919303,4.0,train
-0.9869002287738997,1.3676485314101854,0.9798168112492035,-0.8596378055824154,0.26490100016639395,1.6059344447717925,0.3986114809868581,-0.6441590086324702,0.7819813115507633,-0.7881538179048341,-0.668617921055841,-0.4986928082209321,-0.4269939772562403,-0.1725411706407131,4.0,train
1.5063316590478217,-0.4164030475790286,-1.0205989410664063,-0.8596378055824154,0.26490100016639395,-0.8962713284508922,-0.429083718562687,-0.6441590086324702,-1.0149319004571768,1.2687878651128297,-0.668617921055841,-0.4986928082209321,-0.4269939772562403,0.1717953116018836,3.0,train
-0.35339796755751607,1.3676485314101854,0.9798168112492035,1.081905431819191,-0.7465872499699562,-0.8915221236158313,0.7533379950795204,-0.6441590086324702,1.6804379175547333,1.2687878651128297,-0.668617921055841,-0.4986928082209321,-0.4269939772562403,-0.38701032901297633,4.0,train
-1.4558375347777515,-0.4164030475790286,0.9798168112492035,-0.8596378055824154,2.2878775004390945,-1.3683842972195555,-1.729747603569115,-0.6441590086324702,-1.0149319004571768,1.2687878651128297,-0.668617921055841,-0.4986928082209321,2.3419534074596497,1.322083056485851,1.0,train
0.328163085889076,-1.3084288370736354,-1.0205989410664063,0.11113381311838781,1.276389250302744,-0.4856019467880868,-0.3108415471984663,-0.6441590086324702,0.7819813115507633,1.2687878651128297,1.4956224900775326,-0.4986928082209321,-0.4269939772562403,0.8018790054321701,2.0,train
0.7883624296692535,0.47562274191557835,-1.0205989410664063,-0.8596378055824154,-0.7465872499699562,-0.9554150886966483,-1.2567789181122322,-0.6441590086324702,0.7819813115507633,1.2687878651128297,1.4956224900775326,-0.4986928082209321,-0.4269939772562403,1.3601863666372835,1.0,train
-1.5009836729334018,-1.3084288370736354,-1.0205989410664063,-0.8596378055824154,1.276389250302744,-0.31312600807422425,-0.19259937583424555,-0.6441590086324702,-0.11647529445320678,-0.7881538179048341,1.4956224900775326,-0.4986928082209321,-0.4269939772562403,-0.295528237229652,4.0,train
0.14320955215463754,1.3676485314101854,-1.0205989410664063,2.052677050519994,0.26490100016639395,-0.9394519308216062,0.6350958237152996,-0.6441590086324702,0.7819813115507633,-0.7881538179048341,-0.668617921055841,-0.4986928082209321,-0.4269939772562403,-0.5940374689037873,4.0,train
1.1160360130570381,-0.4164030475790286,-1.0205989410664063,0.11113381311838781,0.26490100016639395,-0.010905010107177194,-0.0743572044700248,-0.6441590086324702,0.7819813115507633,-0.7881538179048341,-0.668617921055841,-0.4986928082209321,-0.4269939772562403,-0.2697372368434104,4.0,train
0.30923083440444843,0.47562274191557835,0.9798168112492035,-0.8596378055824154,0.26490100016639395,-0.07393338771153446,0.04388496689419592,-0.6441590086324702,-0.11647529445320678,1.2687878651128297,1.4956224900775326,-0.4986928082209321,2.3419534074596497,-0.38138053711910647,4.0,train
-1.334962390683591,-0.4164030475790286,0.9798168112492035,-0.8596378055824154,-0.7465872499699562,1.8296241027532696,0.2803693096226374,-0.6441590086324702,0.7819813115507633,-0.7881538179048341,-0.668617921055841,-0.4986928082209321,-0.4269939772562403,-0.37575228236930946,4.0,train
1.3053585279033137,-0.4164030475790286,-1.0205989410664063,-0.8596378055824154,-0.7465872499699562,-1.2029716644724524,-1.0202945753837906,-0.6441590086324702,-0.11647529445320678,1.2687878651128297,-0.668617921055841,2.0052424729513594,-0.4269939772562403,0.6759274328224097,2.0,train
-1.6495290307358643,-1.3084288370736354,-1.0205989410664063,-0.8596378055824154,-0.7465872499699562,-0.17882227759668895,-0.7838102326553492,-0.6441590086324702,-0.11647529445320678,-0.7881538179048341,1.4956224900775326,-0.4986928082209321,-0.4269939772562403,0.52943067617012,3.0,train
-0.5121376146209318,-1.3084288370736354,-1.0205989410664063,-0.8596378055824154,0.26490100016639395,0.048102306699825695,-0.5473258899269078,-0.6441590086324702,-1.0149319004571768,-0.7881538179048341,1.4956224900775326,-0.4986928082209321,2.3419534074596497,-0.06769611177340694,4.0,train
-0.6475760290878828,-1.3084288370736354,-1.0205989410664063,0.11113381311838781,-0.7465872499699562,1.3481379688669102,-1.1385367467480114,-0.6441590086324702,-1.9133885064611469,-0.7881538179048341,-0.668617921055841,-0.4986928082209321,-0.4269939772562403,0.5129425757788258,3.0,train
0.667487285575093,-0.4164030475790286,0.9798168112492035,-0.8596378055824154,-0.7465872499699562,-0.5024064152314263,1.2263066805364033,-0.6441590086324702,-0.11647529445320678,-0.7881538179048341,1.4956224900775326,-0.4986928082209321,-0.4269939772562403,-1.295895657991803,4.0,train
-1.435448956255845,0.47562274191557835,0.9798168112492035,1.081905431819191,-1.7580755001063062,-1.3852997725230356,-1.375021089476453,-0.6441590086324702,-0.11647529445320678,-0.7881538179048341,-0.668617921055841,2.0052424729513594,-0.4269939772562403,1.020808812470698,2.0,train
-0.6097115261186277,1.3676485314101854,0.9798168112492035,-0.8596378055824154,2.2878775004390945,-1.5190153560735944,0.6350958237152996,1.5524117284689836,-1.0149319004571768,1.2687878651128297,-0.668617921055841,-0.4986928082209321,-0.4269939772562403,-1.1642324680242098,4.0,train
0.3470953373737035,1.3676485314101854,0.9798168112492035,-0.8596378055824154,-0.7465872499699562,-0.23541898582547263,1.2263066805364033,-0.6441590086324702,-0.11647529445320678,-0.7881538179048341,-0.668617921055841,-0.4986928082209321,-0.4269939772562403,-1.2421247301081335,4.0,train
0.15340384141559082,1.3676485314101854,0.9798168112492035,-0.8596378055824154,0.26490100016639395,0.5893594912057978,0.871580166443741,-0.6441590086324702,-0.11647529445320678,1.2687878651128297,1.4956224900775326,-0.4986928082209321,2.3419534074596497,-0.7812856850624204,4.0,train
0.6208848203821636,-0.4164030475790286,-1.0205989410664063,0.11113381311838781,-0.7465872499699562,-1.2722064162759152,1.6992753659932862,-0.6441590086324702,-0.11647529445320678,-0.7881538179048341,-0.668617921055841,-0.4986928082209321,-0.4269939772562403,-2.055756807565376,4.0,train
1.1407935726907819,-0.4164030475790286,0.9798168112492035,-0.8596378055824154,-0.7465872499699562,-1.273662555628193,-0.5473258899269078,-0.6441590086324702,0.7819813115507633,1.2687878651128297,-0.668617921055841,-0.4986928082209321,-0.4269939772562403,0.4478701207590903,3.0,train
1.6796345764840277,1.3676485314101854,0.9798168112492035,-0.8596378055824154,-0.7465872499699562,-0.0841128212737909,1.2263066805364033,1.5524117284689836,-1.0149319004571768,1.2687878651128297,-0.668617921055841,-0.4986928082209321,-0.4269939772562403,-1.0451533963884196,2.0,train
0.974772290440971,-0.4164030475790286,0.9798168112492035,-0.8596378055824154,1.276389250302744,-0.5975267376739417,0.3986114809868581,1.5524117284689836,-1.9133885064611469,-0.7881538179048341,-0.668617921055841,2.0052424729513594,-0.4269939772562403,-0.6887511159345783,4.0,train
-1.1485525299118735,1.3676485314101854,-1.0205989410664063,-0.8596378055824154,0.26490100016639395,-1.2949131730077226,0.16212713825841665,-0.6441590086324702,1.6804379175547333,1.2687878651128297,-0.668617921055841,-0.4986928082209321,-0.4269939772562403,0.1622237526664671,3.0,train
-0.857287122456065,1.3676485314101854,0.9798168112492035,1.081905431819191,0.26490100016639395,-1.6759008521484162,0.04388496689419592,-0.6441590086324702,0.7819813115507633,1.2687878651128297,1.4956224900775326,2.0052424729513594,-0.4269939772562403,0.607254976747008,3.0,train
-0.5631090609256982,-1.3084288370736354,-1.0205989410664063,0.11113381311838781,2.2878775004390945,1.0583869686308465,-0.19259937583424555,1.5524117284689836,-0.11647529445320678,-0.7881538179048341,-0.668617921055841,-0.4986928082209321,-0.4269939772562403,0.04589911308488579,4.0,train
1.3723495716181497,-0.4164030475790286,-1.0205989410664063,-0.8596378055824154,-0.7465872499699562,0.25217748935131556,1.4627910232648447,-0.6441590086324702,0.7819813115507633,-0.7881538179048341,1.4956224900775326,-0.4986928082209321,-0.4269939772562403,-1.0370109676815347,4.0,train
-1.1121443539798974,-1.3084288370736354,0.9798168112492035,-0.8596378055824154,0.26490100016639395,-0.5258513364430014,1.6992753659932862,-0.6441590086324702,-0.11647529445320678,1.2687878651128297,-0.668617921055841,-0.4986928082209321,-0.4269939772562403,-1.7438353560138644,4.0,train
1.3082711819778718,0.47562274191557835,0.9798168112492035,-0.8596378055824154,0.26490100016639395,-0.6207347816668045,-0.90205240401957,-0.6441590086324702,0.7819813115507633,1.2687878651128297,-0.668617921055841,-0.4986928082209321,-0.4269939772562403,0.8383745183798211,2.0,train
0.4330186325731671,-0.4164030475790286,0.9798168112492035,2.052677050519994,-0.7465872499699562,1.1605368077481963,1.2263066805364033,1.5524117284689836,-0.11647529445320678,-0.7881538179048341,1.4956224900775326,-0.4986928082209321,-0.4269939772562403,-0.6303725320820772,4.0,train
-0.7101980916908815,1.3676485314101854,-1.0205989410664063,-0.8596378055824154,0.26490100016639395,-1.3500213177972336,0.9898223378079618,-0.6441590086324702,0.7819813115507633,-0.7881538179048341,-0.668617921055841,-0.4986928082209321,-0.4269939772562403,-1.1127017848593517,4.0,train
-1.438361610330403,-0.4164030475790286,0.9798168112492035,0.11113381311838781,-0.7465872499699562,0.7221442489029625,0.7533379950795204,-0.6441590086324702,-1.0149319004571768,-0.7881538179048341,-0.668617921055841,-0.4986928082209321,-0.4269939772562403,-1.0038756118888095,4.0,train
-1.0757361780479213,1.3676485314101854,0.9798168112492035,-0.8596378055824154,0.26490100016639395,1.7751958921044668,-0.6655680612911284,-0.6441590086324702,-0.11647529445320678,-0.7881538179048341,-0.668617921055841,-0.4986928082209321,-0.4269939772562403,0.6934842480085484,2.0,train
1.7131300983414457,1.3676485314101854,-1.0205989410664063,0.11113381311838781,0.26490100016639395,-0.050105903480428204,0.04388496689419592,-0.6441590086324702,0.7819813115507633,-0.7881538179048341,-0.668617921055841,-0.4986928082209321,-0.4269939772562403,-0.05214223116504918,1.0,train
-0.12475462270470636,-1.3084288370736354,-1.0205989410664063,2.052677050519994,0.26490100016639395,-0.15313082715349174,1.4627910232648447,-0.6441590086324702,-0.11647529445320678,-0.7881538179048341,1.4956224900775326,-0.4986928082209321,-0.4269939772562403,-1.7630761368783838,4.0,train
-0.5004869983226994,-1.3084288370736354,0.9798168112492035,1.081905431819191,0.26490100016639395,0.14256663567522873,-0.19259937583424555,1.5524117284689836,0.7819813115507633,-0.7881538179048341,1.4956224900775326,-0.4986928082209321,2.3419534074596497,0.5920505558652102,3.0,train
-1.607295546654772,-0.4164030475790286,-1.0205989410664063,-0.8596378055824154,0.26490100016639395,0.0018413472112903692,-1.6115054322048943,1.5524117284689836,0.7819813115507633,-0.7881538179048341,-0.668617921055841,-0.4986928082209321,-0.4269939772562403,1.7933584267840132,0.0,train
-0.75825688392109,-1.3084288370736354,-1.0205989410664063,2.052677050519994,2.2878775004390945,0.7596695071170155,1.2263066805364033,-0.6441590086324702,-0.11647529445320678,-0.7881538179048341,1.4956224900775326,2.0052424729513594,2.3419534074596497,-0.6817935333344618,4.0,train
1.5267202375697282,1.3676485314101854,0.9798168112492035,-0.8596378055824154,-0.7465872499699562,1.564546928212244,-1.729747603569115,-0.6441590086324702,-0.11647529445320678,1.2687878651128297,-0.668617921055841,-0.4986928082209321,-0.4269939772562403,1.4243595269225788,1.0,train
-1.7310833448234906,-1.3084288370736354,0.9798168112492035,0.11113381311838781,2.2878775004390945,1.0200673724855827,0.871580166443741,1.5524117284689836,-1.0149319004571768,1.2687878651128297,-0.668617921055841,-0.4986928082209321,-0.4269939772562403,-0.581960878814198,4.0,train
-0.6126241801931858,-1.3084288370736354,-1.0205989410664063,-0.8596378055824154,0.26490100016639395,-1.4972192088392908,-1.4932632608406737,1.5524117284689836,-1.0149319004571768,-0.7881538179048341,1.4956224900775326,-0.4986928082209321,-0.4269939772562403,1.3332040967997958,1.0,train
-0.07232684936266082,0.47562274191557835,0.9798168112492035,0.11113381311838781,-1.7580755001063062,-0.9894286589605831,-0.0743572044700248,-0.6441590086324702,-1.0149319004571768,1.2687878651128297,-0.668617921055841,-0.4986928082209321,-0.4269939772562403,-0.3720421637194314,4.0,train
1.2339985030766407,0.47562274191557835,-1.0205989410664063,-0.8596378055824154,-0.7465872499699562,-1.2688128205986335,-1.2567789181122322,-0.6441590086324702,-0.11647529445320678,-0.7881538179048341,1.4956224900775326,-0.4986928082209321,-0.4269939772562403,0.5867542752262107,3.0,train
-1.4427305914422401,-1.3084288370736354,-1.0205989410664063,-0.8596378055824154,0.26490100016639395,-1.1006754386764017,-0.3108415471984663,1.5524117284689836,1.6804379175547333,-0.7881538179048341,-0.668617921055841,-0.4986928082209321,-0.4269939772562403,0.31979976167150387,3.0,train
0.1388405710428004,-1.3084288370736354,0.9798168112492035,-0.8596378055824154,-1.7580755001063062,0.12743505235204802,0.6350958237152996,-0.6441590086324702,1.6804379175547333,-0.7881538179048341,-0.668617921055841,-0.4986928082209321,-0.4269939772562403,-0.3739496650075712,4.0,train
1.1233176482434335,1.3676485314101854,-1.0205989410664063,-0.8596378055824154,0.26490100016639395,0.09645371684846743,0.7533379950795204,-0.6441590086324702,0.7819813115507633,1.2687878651128297,-0.668617921055841,2.0052424729513594,-0.4269939772562403,-0.3588799902264291,4.0,train
0.5145729466607935,1.3676485314101854,0.9798168112492035,1.081905431819191,0.26490100016639395,0.8536527648259616,0.6350958237152996,-0.6441590086324702,0.7819813115507633,-0.7881538179048341,-0.668617921055841,-0.4986928082209321,2.3419534074596497,-0.34367762045950273,4.0,train
-0.9111712228353895,-0.4164030475790286,0.9798168112492035,-0.8596378055824154,0.26490100016639395,-1.1131676235350674,-0.3108415471984663,1.5524117284689836,-1.0149319004571768,1.2687878651128297,1.4956224900775326,2.0052424729513594,-0.4269939772562403,0.7617848648189789,2.0,train
0.19563732549668308,-0.4164030475790286,0.9798168112492035,2.052677050519994,-0.7465872499699562,-1.720702145367259,1.3445488519006241,-0.6441590086324702,-0.11647529445320678,1.2687878651128297,-0.668617921055841,-0.4986928082209321,-0.4269939772562403,-1.7686956416655684,4.0,train
0.6369044177922331,0.47562274191557835,-1.0205989410664063,1.081905431819191,1.276389250302744,-1.2851282135503008,-1.375021089476453,-0.6441590086324702,-1.0149319004571768,-0.7881538179048341,-0.668617921055841,2.0052424729513594,-0.4269939772562403,0.7817610564464698,2.0,train
1.3650679364317546,-1.3084288370736354,0.9798168112492035,-0.8596378055824154,1.276389250302744,-0.4728518589856881,0.6350958237152996,1.5524117284689836,-0.11647529445320678,1.2687878651128297,1.4956224900775326,-0.4986928082209321,-0.4269939772562403,-0.6529880401292919,4.0,train
0.836421221899462,0.47562274191557835,-1.0205989410664063,0.11113381311838781,0.26490100016639395,1.0566848787921637,-1.375021089476453,-0.6441590086324702,-1.9133885064611469,1.2687878651128297,-0.668617921055841,-0.4986928082209321,-0.4269939772562403,1.084563407069766,2.0,train
-1.6364220874003528,-1.3084288370736354,-1.0205989410664063,0.11113381311838781,-0.7465872499699562,-1.1429313509096004,-0.7838102326553492,-0.6441590086324702,-0.11647529445320678,1.2687878651128297,1.4956224900775326,-0.4986928082209321,-0.4269939772562403,0.7146906220947803,2.0,train
-1.3480693340191023,-0.4164030475790286,0.9798168112492035,-0.8596378055824154,0.26490100016639395,0.2598628137771304,0.04388496689419592,-0.6441590086324702,0.7819813115507633,-0.7881538179048341,-0.668617921055841,-0.4986928082209321,-0.4269939772562403,-0.253728149553952,4.0,train
-0.7320429972500673,1.3676485314101854,-1.0205989410664063,0.11113381311838781,0.26490100016639395,-1.692110190674242,0.871580166443741,-0.6441590086324702,-1.0149319004571768,1.2687878651128297,-0.668617921055841,-0.4986928082209321,-0.4269939772562403,-1.1007522491074513,4.0,train
0.12427730067000997,0.47562274191557835,0.9798168112492035,-0.8596378055824154,0.26490100016639395,-0.3639623316103745,1.1080645091721826,-0.6441590086324702,-1.9133885064611469,-0.7881538179048341,-0.668617921055841,-0.4986928082209321,2.3419534074596497,-1.9156452128288637,4.0,train
1.3417667038352898,1.3676485314101854,0.9798168112492035,2.052677050519994,-0.7465872499699562,0.28706037380523924,-0.90205240401957,-0.6441590086324702,-1.0149319004571768,-0.7881538179048341,-0.668617921055841,-0.4986928082209321,2.3419534074596497,0.29861521887609327,3.0,train
1.1291429563925495,-1.3084288370736354,-1.0205989410664063,0.11113381311838781,0.26490100016639395,-0.2744151958872604,0.871580166443741,-0.6441590086324702,-0.11647529445320678,1.2687878651128297,1.4956224900775326,-0.4986928082209321,2.3419534074596497,-0.8100427188462098,4.0,train
-0.08689011973545124,0.47562274191557835,0.9798168112492035,2.052677050519994,-0.7465872499699562,-1.6184394507614785,-1.6115054322048943,-0.6441590086324702,-0.11647529445320678,-0.7881538179048341,1.4956224900775326,2.0052424729513594,-0.4269939772562403,1.4163080561206098,1.0,train
0.5844766444501875,-1.3084288370736354,0.9798168112492035,1.081905431819191,0.26490100016639395,-0.2593155283361938,-0.3108415471984663,-0.6441590086324702,0.7819813115507633,-0.7881538179048341,-0.668617921055841,-0.4986928082209321,2.3419534074596497,0.2659954823490561,3.0,train
0.10680137622266146,-0.4164030475790286,0.9798168112492035,0.11113381311838781,-0.7465872499699562,0.7280901294562948,-1.729747603569115,-0.6441590086324702,0.7819813115507633,1.2687878651128297,-0.668617921055841,-0.4986928082209321,-0.4269939772562403,2.10650644831346,0.0,train
-1.4747697862623792,0.47562274191557835,0.9798168112492035,0.11113381311838781,0.26490100016639395,1.39035024889361,-0.6655680612911284,1.5524117284689836,1.6804379175547333,1.2687878651128297,1.4956224900775326,-0.4986928082209321,-0.4269939772562403,1.4918165334417322,1.0,train
-0.3665049108930275,-1.3084288370736354,0.9798168112492035,2.052677050519994,-0.7465872499699562,-0.6910587345145149,0.5168536523510788,-0.6441590086324702,0.7819813115507633,-0.7881538179048341,-0.668617921055841,-0.4986928082209321,2.3419534074596497,-0.839882495807018,4.0,train
-0.5441768094410707,-0.4164030475790286,-1.0205989410664063,-0.8596378055824154,1.276389250302744,1.5079518924436843,0.04388496689419592,-0.6441590086324702,0.7819813115507633,-0.7881538179048341,1.4956224900775326,-0.4986928082209321,-0.4269939772562403,0.2240166670076277,3.0,train
0.5538937766673276,0.47562274191557835,0.9798168112492035,0.11113381311838781,-1.7580755001063062,-0.8281559294843235,-0.429083718562687,-0.6441590086324702,0.7819813115507633,-0.7881538179048341,1.4956224900775326,-0.4986928082209321,2.3419534074596497,0.19419410718765137,3.0,train
0.9966171960001566,-0.4164030475790286,0.9798168112492035,-0.8596378055824154,1.276389250302744,1.3326313274038375,0.5168536523510788,1.5524117284689836,-1.0149319004571768,-0.7881538179048341,-0.668617921055841,-0.4986928082209321,-0.4269939772562403,-0.00420490103700372,4.0,train
-0.01989907602061527,1.3676485314101854,-1.0205989410664063,1.081905431819191,1.276389250302744,-1.5383832832955477,0.6350958237152996,-0.6441590086324702,0.7819813115507633,-0.7881538179048341,1.4956224900775326,-0.4986928082209321,-0.4269939772562403,-1.073668350954327,4.0,train
0.635448090754954,1.3676485314101854,0.9798168112492035,0.11113381311838781,-0.7465872499699562,-1.5781233616043953,-1.375021089476453,-0.6441590086324702,0.7819813115507633,-0.7881538179048341,1.4956224900775326,2.0052424729513594,-0.4269939772562403,1.3398681772439305,1.0,train
-1.4106913966221013,-0.4164030475790286,-1.0205989410664063,-0.8596378055824154,0.26490100016639395,-0.283819164990165,1.4627910232648447,-0.6441590086324702,0.7819813115507633,-0.7881538179048341,1.4956224900775326,-0.4986928082209321,-0.4269939772562403,-1.1704145517777953,4.0,train
-0.9912692098857369,0.47562274191557835,-1.0205989410664063,-0.8596378055824154,-1.7580755001063062,1.41076663590006,-0.7838102326553492,1.5524117284689836,-0.11647529445320678,-0.7881538179048341,-0.668617921055841,-0.4986928082209321,-0.4269939772562403,0.8126382742584817,2.0,train
1.0228310826711795,1.3676485314101854,-1.0205989410664063,0.11113381311838781,1.276389250302744,-0.40656349655080637,1.3445488519006241,-0.6441590086324702,-1.0149319004571768,-0.7881538179048341,-0.668617921055841,-0.4986928082209321,-0.4269939772562403,-1.6971343801099608,4.0,train
1.7306060227887943,-1.3084288370736354,0.9798168112492035,-0.8596378055824154,-0.7465872499699562,1.2389345865154686,-0.19259937583424555,1.5524117284689836,0.7819813115507633,-0.7881538179048341,1.4956224900775326,-0.4986928082209321,-0.4269939772562403,0.6955237344709603,4.0,train
-0.0752395034372189,1.3676485314101854,-1.0205989410664063,-0.8596378055824154,0.26490100016639395,-1.2566114153956853,0.3986114809868581,1.5524117284689836,1.6804379175547333,-0.7881538179048341,1.4956224900775326,-0.4986928082209321,-0.4269939772562403,0.027485838368383524,4.0,train
0.6092342040839313,-0.4164030475790286,0.9798168112492035,-0.8596378055824154,0.26490100016639395,1.4630598494374263,-1.0202945753837906,-0.6441590086324702,0.7819813115507633,1.2687878651128297,-0.668617921055841,2.0052424729513594,-0.4269939772562403,1.3763703137897612,1.0,train
1.306814854940593,-0.4164030475790286,-1.0205989410664063,1.081905431819191,-0.7465872499699562,-0.6939357728300397,-0.5473258899269078,-0.6441590086324702,-0.11647529445320678,-0.7881538179048341,-0.668617921055841,-0.4986928082209321,-0.4269939772562403,0.14153112559617761,3.0,train
0.9893355608137614,1.3676485314101854,0.9798168112492035,-0.8596378055824154,-0.7465872499699562,0.2232496174571276,-0.19259937583424555,-0.6441590086324702,-0.11647529445320678,-0.7881538179048341,1.4956224900775326,-0.4986928082209321,-0.4269939772562403,-0.1654893159120608,4.0,train
-1.2898162525279406,1.3676485314101854,0.9798168112492035,-0.8596378055824154,-1.7580755001063062,-0.2255877841890148,0.9898223378079618,-0.6441590086324702,-0.11647529445320678,1.2687878651128297,-0.668617921055841,-0.4986928082209321,-0.4269939772562403,-1.3722939565834138,4.0,train
-0.6970911483553702,1.3676485314101854,0.9798168112492035,0.11113381311838781,-1.7580755001063062,-0.1522075109177258,0.7533379950795204,1.5524117284689836,0.7819813115507633,-0.7881538179048341,1.4956224900775326,-0.4986928082209321,2.3419534074596497,-0.9189324840093974,4.0,train
0.025247062135035057,-0.4164030475790286,-1.0205989410664063,-0.8596378055824154,0.26490100016639395,-1.401453988114277,0.871580166443741,-0.6441590086324702,0.7819813115507633,1.2687878651128297,1.4956224900775326,-0.4986928082209321,-0.4269939772562403,-0.7246807245144756,4.0,train
1.3242907793879413,1.3676485314101854,0.9798168112492035,-0.8596378055824154,0.26490100016639395,1.6305345295480758,-0.7838102326553492,1.5524117284689836,-1.0149319004571768,-0.7881538179048341,-0.668617921055841,2.0052424729513594,-0.4269939772562403,1.145037502104065,2.0,train
-0.14223054715205488,-0.4164030475790286,-1.0205989410664063,-0.8596378055824154,-0.7465872499699562,0.12912263895206857,0.2803693096226374,-0.6441590086324702,0.7819813115507633,-0.7881538179048341,-0.668617921055841,-0.4986928082209321,-0.4269939772562403,-0.11899925600270853,4.0,train
-0.03300601935612666,0.47562274191557835,0.9798168112492035,1.081905431819191,-0.7465872499699562,0.5770165983004268,0.2803693096226374,-0.6441590086324702,0.7819813115507633,-0.7881538179048341,-0.668617921055841,-0.4986928082209321,-0.4269939772562403,-0.3262566019615,4.0,train
0.2203948851304268,0.47562274191557835,0.9798168112492035,0.11113381311838781,0.26490100016639395,-0.20599766858889465,1.4627910232648447,-0.6441590086324702,-0.11647529445320678,1.2687878651128297,1.4956224900775326,-0.4986928082209321,-0.4269939772562403,-1.6882060734190891,4.0,train
-1.0349590210041082,-0.4164030475790286,0.9798168112492035,-0.8596378055824154,-0.7465872499699562,0.48756739311815034,0.7533379950795204,1.5524117284689836,0.7819813115507633,-0.7881538179048341,-0.668617921055841,2.0052424729513594,-0.4269939772562403,-0.32741963507461047,4.0,train
1.6490517087011678,0.47562274191557835,-1.0205989410664063,-0.8596378055824154,0.26490100016639395,-0.37822661544201214,0.7533379950795204,-0.6441590086324702,0.7819813115507633,1.2687878651128297,-0.668617921055841,-0.4986928082209321,-0.4269939772562403,-0.6038565918525978,4.0,train
0.4140863810885395,0.47562274191557835,-1.0205989410664063,-0.8596378055824154,1.276389250302744,0.18784101832703928,-1.729747603569115,-0.6441590086324702,-1.0149319004571768,1.2687878651128297,-0.668617921055841,-0.4986928082209321,2.3419534074596497,1.5458907299595346,1.0,train
1.4247773449601953,-1.3084288370736354,0.9798168112492035,-0.8596378055824154,0.26490100016639395,-1.3225631470356798,-0.19259937583424555,1.5524117284689836,-1.0149319004571768,1.2687878651128297,1.4956224900775326,2.0052424729513594,-0.4269939772562403,-0.2274583459203372,4.0,train
-1.0393280021159452,-1.3084288370736354,0.9798168112492035,1.081905431819191,-0.7465872499699562,-0.026130559939638164,-0.6655680612911284,-0.6441590086324702,-0.11647529445320678,-0.7881538179048341,-0.668617921055841,-0.4986928082209321,-0.4269939772562403,0.6750037237843607,2.0,train
1.3767185527299868,-0.4164030475790286,-1.0205989410664063,-0.8596378055824154,-1.7580755001063062,-0.4069555468970563,-1.375021089476453,-0.6441590086324702,-1.0149319004571768,1.2687878651128297,-0.668617921055841,-0.4986928082209321,-0.4269939772562403,0.992806481271969,2.0,train
0.24806509883872863,0.47562274191557835,-1.0205989410664063,-0.8596378055824154,0.26490100016639395,1.137534010849691,-0.19259937583424555,-0.6441590086324702,0.7819813115507633,1.2687878651128297,-0.668617921055841,2.0052424729513594,-0.4269939772562403,0.7383838175387918,2.0,train
-0.3359220431101676,-1.3084288370736354,-1.0205989410664063,-0.8596378055824154,0.26490100016639395,0.779360394059629,-1.4932632608406737,1.5524117284689836,-0.11647529445320678,1.2687878651128297,-0.668617921055841,-0.4986928082209321,-0.4269939772562403,1.6520088417783296,1.0,train
1.0199184285966214,-0.4164030475790286,-1.0205989410664063,-0.8596378055824154,0.26490100016639395,-0.21857640954899293,1.2263066805364033,-0.6441590086324702,-0.11647529445320678,1.2687878651128297,-0.668617921055841,-0.4986928082209321,-0.4269939772562403,-1.6680494857873882,4.0,train
1.1975903271446646,-1.3084288370736354,0.9798168112492035,-0.8596378055824154,-0.7465872499699562,1.2547220599082283,-0.7838102326553492,-0.6441590086324702,-0.11647529445320678,-0.7881538179048341,-0.668617921055841,-0.4986928082209321,-0.4269939772562403,0.48892204811222534,3.0,train
-1.5242849055298666,1.3676485314101854,-1.0205989410664063,1.081905431819191,0.26490100016639395,-1.03310893857663,-1.1385367467480114,-0.6441590086324702,0.7819813115507633,1.2687878651128297,-0.668617921055841,-0.4986928082209321,-0.4269939772562403,1.066642385659603,2.0,train
-0.6708772616843475,0.47562274191557835,0.9798168112492035,-0.8596378055824154,0.26490100016639395,-0.2539810921157411,1.2263066805364033,1.5524117284689836,0.7819813115507633,-0.7881538179048341,1.4956224900775326,2.0052424729513594,2.3419534074596497,-0.5773762617809123,4.0,train
1.3665242634690336,0.47562274191557835,-1.0205989410664063,1.081905431819191,0.26490100016639395,-0.7803814422326455,0.9898223378079618,1.5524117284689836,-0.11647529445320678,-0.7881538179048341,-0.668617921055841,2.0052424729513594,-0.4269939772562403,-0.887952771840558,4.0,train
1.5820606649863318,1.3676485314101854,0.9798168112492035,-0.8596378055824154,-1.7580755001063062,0.6357802339120066,0.04388496689419592,-0.6441590086324702,0.7819813115507633,1.2687878651128297,-0.668617921055841,-0.4986928082209321,-0.4269939772562403,0.13740108692712866,1.0,train
0.18253038216117168,0.47562274191557835,0.9798168112492035,0.11113381311838781,-0.7465872499699562,0.2534356028554103,-0.429083718562687,-0.6441590086324702,0.7819813115507633,-0.7881538179048341,-0.668617921055841,-0.4986928082209321,-0.4269939772562403,0.5492182122021725,3.0,train
1.6082745516573547,-1.3084288370736354,-1.0205989410664063,-0.8596378055824154,0.26490100016639395,1.758337403112393,0.7533379950795204,1.5524117284689836,-0.11647529445320678,1.2687878651128297,-0.668617921055841,-0.4986928082209321,-0.4269939772562403,0.21505005286351797,4.0,train
1.6781782494467488,1.3676485314101854,-1.0205989410664063,1.081905431819191,0.26490100016639395,-1.456388515240218,-0.5473258899269078,1.5524117284689836,1.6804379175547333,-0.7881538179048341,-0.668617921055841,2.0052424729513594,-0.4269939772562403,0.7958867843833991,3.0,train
-0.36504858385574845,0.47562274191557835,0.9798168112492035,1.081905431819191,1.276389250302744,0.5140242178091704,-1.6115054322048943,-0.6441590086324702,1.6804379175547333,-0.7881538179048341,-0.668617921055841,-0.4986928082209321,-0.4269939772562403,1.6305613346151548,1.0,train
0.9325388063598787,-0.4164030475790286,0.9798168112492035,-0.8596378055824154,-0.7465872499699562,-1.4238467325029864,0.6350958237152996,-0.6441590086324702,-0.11647529445320678,-0.7881538179048341,-0.668617921055841,-0.4986928082209321,-0.4269939772562403,-1.2954446832345081,4.0,train
-0.17863872308403095,0.47562274191557835,0.9798168112492035,1.081905431819191,-1.7580755001063062,1.1145686505718648,0.9898223378079618,-0.6441590086324702,-1.9133885064611469,-0.7881538179048341,-0.668617921055841,2.0052424729513594,-0.4269939772562403,-1.0548149727078935,4.0,train
-0.8485491602323907,-0.4164030475790286,-1.0205989410664063,1.081905431819191,0.26490100016639395,0.34519965926083146,0.9898223378079618,1.5524117284689836,-1.9133885064611469,1.2687878651128297,-0.668617921055841,-0.4986928082209321,2.3419534074596497,-0.857787102351068,4.0,train
0.1184519925208938,0.47562274191557835,0.9798168112492035,-0.8596378055824154,-0.7465872499699562,-0.15216029682227133,-0.5473258899269078,1.5524117284689836,-1.0149319004571768,-0.7881538179048341,1.4956224900775326,2.0052424729513594,-0.4269939772562403,0.7567838850572262,2.0,train
-0.7888397517039499,-0.4164030475790286,0.9798168112492035,-0.8596378055824154,-1.7580755001063062,-1.0093572910430397,0.3986114809868581,1.5524117284689836,-1.0149319004571768,1.2687878651128297,-0.668617921055841,-0.4986928082209321,-0.4269939772562403,-0.3848385717235821,4.0,train
0.9106939008006931,0.47562274191557835,-1.0205989410664063,-0.8596378055824154,-0.7465872499699562,1.754272541779309,0.6350958237152996,1.5524117284689836,0.7819813115507633,-0.7881538179048341,1.4956224900775326,-0.4986928082209321,-0.4269939772562403,0.2539900910586612,3.0,train
-1.4776824403369373,0.47562274191557835,-1.0205989410664063,-0.8596378055824154,-0.7465872499699562,1.640710904656633,0.6350958237152996,-0.6441590086324702,0.7819813115507633,1.2687878651128297,-0.668617921055841,-0.4986928082209321,-0.4269939772562403,-0.1897414559701679,4.0,train
1.239823811225757,0.47562274191557835,0.9798168112492035,-0.8596378055824154,-1.7580755001063062,-0.7750074462753425,1.3445488519006241,1.5524117284689836,-1.0149319004571768,-0.7881538179048341,1.4956224900775326,-0.4986928082209321,-0.4269939772562403,-1.3460125997358692,4.0,train
-0.8529181413442278,-1.3084288370736354,0.9798168112492035,-0.8596378055824154,0.26490100016639395,-0.5063514852392842,1.5810331946290654,-0.6441590086324702,-1.0149319004571768,1.2687878651128297,-0.668617921055841,-0.4986928082209321,-0.4269939772562403,-1.7191277993121499,4.0,train
1.5281765646070073,-0.4164030475790286,-1.0205989410664063,0.11113381311838781,-0.7465872499699562,0.23020303345213217,0.16212713825841665,-0.6441590086324702,-1.9133885064611469,-0.7881538179048341,-0.668617921055841,-0.4986928082209321,-0.4269939772562403,-0.6707120593249786,4.0,train
-1.642247395549469,1.3676485314101854,0.9798168112492035,2.052677050519994,0.26490100016639395,-0.7105276198179531,0.7533379950795204,1.5524117284689836,0.7819813115507633,-0.7881538179048341,-0.668617921055841,2.0052424729513594,-0.4269939772562403,-0.614660734662746,4.0,train
-0.7203923809518349,1.3676485314101854,0.9798168112492035,1.081905431819191,2.2878775004390945,-0.3459351550370131,0.04388496689419592,-0.6441590086324702,-1.9133885064611469,1.2687878651128297,-0.668617921055841,-0.4986928082209321,-0.4269939772562403,-0.3163460579061544,4.0,train
1.0839968182368993,0.47562274191557835,-1.0205989410664063,-0.8596378055824154,0.26490100016639395,0.4212294677625872,1.1080645091721826,-0.6441590086324702,-0.11647529445320678,-0.7881538179048341,-0.668617921055841,-0.4986928082209321,2.3419534074596497,-1.493906761277848,4.0,train
1.1524441889890142,1.3676485314101854,-1.0205989410664063,0.11113381311838781,1.276389250302744,-0.41167093499525986,0.2803693096226374,-0.6441590086324702,-1.0149319004571768,1.2687878651128297,-0.668617921055841,-0.4986928082209321,-0.4269939772562403,-0.46296234551565035,4.0,train
-0.5252445579564432,1.3676485314101854,0.9798168112492035,-0.8596378055824154,-0.7465872499699562,-0.12860904597646092,1.1080645091721826,-0.6441590086324702,0.7819813115507633,1.2687878651128297,1.4956224900775326,-0.4986928082209321,-0.4269939772562403,-0.5719625963648751,4.0,train
-0.49174903609902515,-0.4164030475790286,-1.0205989410664063,0.11113381311838781,-0.7465872499699562,1.1024148144566952,-1.0202945753837906,1.5524117284689836,-1.0149319004571768,-0.7881538179048341,-0.668617921055841,2.0052424729513594,2.3419534074596497,1.0682936703729329,2.0,train
1.4699234831158456,-1.3084288370736354,-1.0205989410664063,-0.8596378055824154,-1.7580755001063062,-0.6531258625743669,0.871580166443741,-0.6441590086324702,0.7819813115507633,-0.7881538179048341,-0.668617921055841,-0.4986928082209321,-0.4269939772562403,-0.9416583226362799,1.0,train
-0.19320199345682137,-1.3084288370736354,0.9798168112492035,-0.8596378055824154,0.26490100016639395,-1.1793574752268667,0.9898223378079618,-0.6441590086324702,0.7819813115507633,1.2687878651128297,1.4956224900775326,-0.4986928082209321,-0.4269939772562403,-0.7706706125887834,4.0,train
-0.5922356016712791,0.47562274191557835,-1.0205989410664063,-0.8596378055824154,0.26490100016639395,-1.6120394590627418,0.3986114809868581,-0.6441590086324702,-0.11647529445320678,-0.7881538179048341,-0.668617921055841,2.0052424729513594,-0.4269939772562403,-0.7169603949097156,4.0,train
1.142249899728061,-1.3084288370736354,0.9798168112492035,-0.8596378055824154,0.26490100016639395,1.5940283878108596,1.4627910232648447,1.5524117284689836,1.6804379175547333,1.2687878651128297,1.4956224900775326,2.0052424729513594,2.3419534074596497,-0.33742600841744735,4.0,train
-0.3577669486693532,0.47562274191557835,0.9798168112492035,0.11113381311838781,0.26490100016639395,-1.2708170469793554,-0.3108415471984663,-0.6441590086324702,-0.11647529445320678,-0.7881538179048341,1.4956224900775326,-0.4986928082209321,-0.4269939772562403,0.08754795686677105,4.0,train
-0.7116544187281606,1.3676485314101854,-1.0205989410664063,-0.8596378055824154,0.26490100016639395,1.4346341069823572,0.9898223378079618,-0.6441590086324702,-0.11647529445320678,1.2687878651128297,-0.668617921055841,-0.4986928082209321,-0.4269939772562403,-0.8379154508887804,4.0,train
1.4349716342211485,-1.3084288370736354,-1.0205989410664063,1.081905431819191,-0.7465872499699562,-1.1438218221188297,-0.19259937583424555,1.5524117284689836,-1.0149319004571768,-0.7881538179048341,-0.668617921055841,-0.4986928082209321,-0.4269939772562403,-0.05761149543353756,1.0,train
-0.0038794786105458014,1.3676485314101854,-1.0205989410664063,-0.8596378055824154,-0.7465872499699562,-1.320014562111809,0.3986114809868581,-0.6441590086324702,-0.11647529445320678,1.2687878651128297,1.4956224900775326,-0.4986928082209321,-0.4269939772562403,-0.08518139418494217,4.0,train
-1.6568106659222595,0.47562274191557835,-1.0205989410664063,-0.8596378055824154,-0.7465872499699562,-0.5183713398677923,-0.6655680612911284,1.5524117284689836,0.7819813115507633,-0.7881538179048341,1.4956224900775326,-0.4986928082209321,-0.4269939772562403,0.776493654290759,2.0,train
1.3548736471708012,-1.3084288370736354,0.9798168112492035,-0.8596378055824154,0.26490100016639395,1.2878444608533306,-1.6115054322048943,1.5524117284689836,-1.0149319004571768,1.2687878651128297,1.4956224900775326,-0.4986928082209321,-0.4269939772562403,1.8423376586297298,0.0,train
1.2412801382630358,0.47562274191557835,0.9798168112492035,1.081905431819191,0.26490100016639395,1.47600601912192,-0.6655680612911284,1.5524117284689836,0.7819813115507633,1.2687878651128297,1.4956224900775326,-0.4986928082209321,-0.4269939772562403,1.7492867127761524,0.0,train
0.20146263364579925,1.3676485314101854,0.9798168112492035,-0.8596378055824154,-0.7465872499699562,-1.0624900697611321,1.2263066805364033,-0.6441590086324702,0.7819813115507633,1.2687878651128297,-0.668617921055841,-0.4986928082209321,-0.4269939772562403,-0.9682808915772702,4.0,train
-1.2577770577078018,1.3676485314101854,-1.0205989410664063,-0.8596378055824154,0.26490100016639395,0.435031872753541,-1.4932632608406737,-0.6441590086324702,-1.9133885064611469,-0.7881538179048341,-0.668617921055841,-0.4986928082209321,-0.4269939772562403,0.9574246252512654,2.0,train
-0.23252282346335554,1.3676485314101854,0.9798168112492035,1.081905431819191,1.276389250302744,-1.665845896735697,0.16212713825841665,-0.6441590086324702,-0.11647529445320678,1.2687878651128297,1.4956224900775326,2.0052424729513594,-0.4269939772562403,0.17634019512396576,3.0,train
-1.2417574602977322,-0.4164030475790286,0.9798168112492035,1.081905431819191,-0.7465872499699562,-1.5216851932111297,0.7533379950795204,-0.6441590086324702,-0.11647529445320678,-0.7881538179048341,-0.668617921055841,-0.4986928082209321,-0.4269939772562403,-0.9359416763175598,4.0,train
0.007771137687686542,-0.4164030475790286,-1.0205989410664063,0.11113381311838781,-1.7580755001063062,-0.9156009362299893,-1.2567789181122322,-0.6441590086324702,-0.11647529445320678,-0.7881538179048341,-0.668617921055841,-0.4986928082209321,-0.4269939772562403,0.9263773171026549,2.0,train
1.5704100486880996,1.3676485314101854,0.9798168112492035,-0.8596378055824154,1.276389250302744,-0.12728739150759494,1.1080645091721826,1.5524117284689836,-1.0149319004571768,-0.7881538179048341,1.4956224900775326,-0.4986928082209321,-0.4269939772562403,-0.7882673106173027,1.0,train
-0.6213621424168599,-1.3084288370736354,-1.0205989410664063,-0.8596378055824154,0.26490100016639395,-1.2212773758126207,-1.0202945753837906,1.5524117284689836,-1.9133885064611469,-0.7881538179048341,1.4956224900775326,-0.4986928082209321,-0.4269939772562403,0.7503062219833672,2.0,train
1.3039022008660348,1.3676485314101854,0.9798168112492035,0.11113381311838781,0.26490100016639395,-0.7260938198234436,0.5168536523510788,-0.6441590086324702,-0.11647529445320678,-0.7881538179048341,-0.668617921055841,-0.4986928082209321,-0.4269939772562403,-0.9546270669690574,4.0,train
-1.1470962028745946,1.3676485314101854,0.9798168112492035,1.081905431819191,0.26490100016639395,0.17854370951848608,-1.2567789181122322,-0.6441590086324702,-0.11647529445320678,1.2687878651128297,-0.668617921055841,-0.4986928082209321,-0.4269939772562403,1.2658665655818735,1.0,train
1.4742924642276827,-0.4164030475790286,-1.0205989410664063,-0.8596378055824154,-0.7465872499699562,0.179675165902921,1.1080645091721826,-0.6441590086324702,-0.11647529445320678,1.2687878651128297,-0.668617921055841,-0.4986928082209321,2.3419534074596497,-1.1062695037576675,4.0,train
1.3577863012453593,0.47562274191557835,-1.0205989410664063,1.081905431819191,-0.7465872499699562,0.9376108915221297,1.3445488519006241,-0.6441590086324702,1.6804379175547333,1.2687878651128297,-0.668617921055841,2.0052424729513594,2.3419534074596497,-0.7806437062840699,4.0,train
1.1335119375043867,-0.4164030475790286,-1.0205989410664063,-0.8596378055824154,2.2878775004390945,0.21024374993006056,0.3986114809868581,-0.6441590086324702,-1.9133885064611469,-0.7881538179048341,-0.668617921055841,-0.4986928082209321,-0.4269939772562403,-1.1122867089795476,4.0,train
-1.1383582406509203,0.47562274191557835,-1.0205989410664063,1.081905431819191,-0.7465872499699562,-1.0394127285428747,1.1080645091721826,-0.6441590086324702,-1.0149319004571768,-0.7881538179048341,1.4956224900775326,-0.4986928082209321,-0.4269939772562403,-1.2922857454243244,4.0,train
1.5631284135017043,1.3676485314101854,-1.0205989410664063,0.11113381311838781,0.26490100016639395,-1.5636842167383282,1.1080645091721826,-0.6441590086324702,-1.0149319004571768,1.2687878651128297,-0.668617921055841,-0.4986928082209321,-0.4269939772562403,-1.3827362394992557,1.0,train
1.003898831186552,-0.4164030475790286,0.9798168112492035,-0.8596378055824154,-0.7465872499699562,1.309646679414075,0.7533379950795204,1.5524117284689836,-0.11647529445320678,-0.7881538179048341,-0.668617921055841,-0.4986928082209321,-0.4269939772562403,-0.20417119912803783,4.0,train
-1.3830211829137995,-1.3084288370736354,0.9798168112492035,2.052677050519994,-0.7465872499699562,-0.33410742098201385,-0.19259937583424555,-0.6441590086324702,-0.11647529445320678,-0.7881538179048341,-0.668617921055841,-0.4986928082209321,-0.4269939772562403,-0.21340874280944555,4.0,train
0.39515412960391194,-0.4164030475790286,-1.0205989410664063,1.081905431819191,-0.7465872499699562,-0.7797817401414886,1.2263066805364033,-0.6441590086324702,0.7819813115507633,1.2687878651128297,1.4956224900775326,-0.4986928082209321,2.3419534074596497,-0.7698554353796946,4.0,train
0.11408301140905668,0.47562274191557835,-1.0205989410664063,1.081905431819191,1.276389250302744,0.6726489247170228,-0.6655680612911284,1.5524117284689836,-0.11647529445320678,1.2687878651128297,-0.668617921055841,-0.4986928082209321,-0.4269939772562403,0.8119458521267809,2.0,train
1.1509878619517353,-0.4164030475790286,-1.0205989410664063,-0.8596378055824154,-0.7465872499699562,1.0127606436556986,0.5168536523510788,-0.6441590086324702,0.7819813115507633,-0.7881538179048341,1.4956224900775326,-0.4986928082209321,-0.4269939772562403,-0.012253388185619121,4.0,train
0.4446692488713994,-0.4164030475790286,-1.0205989410664063,-0.8596378055824154,0.26490100016639395,0.8021335737031191,0.9898223378079618,1.5524117284689836,-1.0149319004571768,-0.7881538179048341,-0.668617921055841,-0.4986928082209321,-0.4269939772562403,-1.0870695266849433,4.0,train
0.3223377777399598,0.47562274191557835,0.9798168112492035,-0.8596378055824154,0.26490100016639395,1.5037050576757662,-0.429083718562687,-0.6441590086324702,0.7819813115507633,-0.7881538179048341,-0.668617921055841,-0.4986928082209321,-0.4269939772562403,0.4801760530267374,3.0,train
0.1665107847511022,0.47562274191557835,0.9798168112492035,-0.8596378055824154,-0.7465872499699562,-1.3968769120109545,-1.375021089476453,-0.6441590086324702,-1.0149319004571768,-0.7881538179048341,-0.668617921055841,-0.4986928082209321,-0.4269939772562403,0.9048434572308091,2.0,train
-0.7000038024299283,1.3676485314101854,0.9798168112492035,-0.8596378055824154,0.26490100016639395,0.0683728590468721,0.6350958237152996,-0.6441590086324702,1.6804379175547333,-0.7881538179048341,-0.668617921055841,-0.4986928082209321,-0.4269939772562403,-0.6239114429564463,4.0,train
0.24223979068961246,-1.3084288370736354,0.9798168112492035,-0.8596378055824154,0.26490100016639395,-0.048280748020834915,-1.1385367467480114,1.5524117284689836,-1.0149319004571768,-0.7881538179048341,-0.668617921055841,-0.4986928082209321,-0.4269939772562403,1.2608087993881893,1.0,train
1.551477797203472,1.3676485314101854,-1.0205989410664063,1.081905431819191,-0.7465872499699562,-0.9049732250138227,-0.3108415471984663,1.5524117284689836,-0.11647529445320678,1.2687878651128297,-0.668617921055841,-0.4986928082209321,-0.4269939772562403,0.5197069483506033,3.0,train
-0.3053391753273077,1.3676485314101854,0.9798168112492035,-0.8596378055824154,0.26490100016639395,-0.22653463280718825,0.16212713825841665,-0.6441590086324702,0.7819813115507633,-0.7881538179048341,1.4956224900775326,-0.4986928082209321,-0.4269939772562403,-0.3628468324068376,4.0,train
0.8247706056012296,0.47562274191557835,-1.0205989410664063,-0.8596378055824154,0.26490100016639395,-0.3380544004596092,-1.6115054322048943,-0.6441590086324702,-0.11647529445320678,-0.7881538179048341,1.4956224900775326,-0.4986928082209321,2.3419534074596497,1.218109477877236,1.0,train
0.13010260881912614,-0.4164030475790286,0.9798168112492035,-0.8596378055824154,-0.7465872499699562,1.483233885751107,-1.2567789181122322,1.5524117284689836,-1.0149319004571768,1.2687878651128297,-0.668617921055841,-0.4986928082209321,-0.4269939772562403,1.254936873431331,1.0,train
0.2000063066085202,1.3676485314101854,0.9798168112492035,2.052677050519994,2.2878775004390945,-0.6983596063723799,-1.2567789181122322,-0.6441590086324702,-0.11647529445320678,1.2687878651128297,1.4956224900775326,-0.4986928082209321,2.3419534074596497,1.3330249436365094,1.0,train
-0.6286437776032552,-1.3084288370736354,0.9798168112492035,2.052677050519994,-0.7465872499699562,-0.429620047285222,-0.6655680612911284,-0.6441590086324702,-1.9133885064611469,-0.7881538179048341,-0.668617921055841,-0.4986928082209321,-0.4269939772562403,0.11551101572994592,3.0,train
1.6155561868437498,-1.3084288370736354,-1.0205989410664063,0.11113381311838781,-1.7580755001063062,-0.6866641778306509,0.5168536523510788,-0.6441590086324702,0.7819813115507633,-0.7881538179048341,1.4956224900775326,-0.4986928082209321,-0.4269939772562403,-0.5805609251413695,3.0,train
0.9922482148883195,-0.4164030475790286,0.9798168112492035,2.052677050519994,0.26490100016639395,-0.6020924918050716,-1.729747603569115,-0.6441590086324702,0.7819813115507633,1.2687878651128297,-0.668617921055841,2.0052424729513594,-0.4269939772562403,1.726455506338275,1.0,train
1.3694369175435916,-0.4164030475790286,0.9798168112492035,0.11113381311838781,1.276389250302744,0.7964123985549295,1.4627910232648447,-0.6441590086324702,-0.11647529445320678,-0.7881538179048341,-0.668617921055841,-0.4986928082209321,-0.4269939772562403,-1.193088370255888,4.0,train
1.6344884383283775,0.47562274191557835,-1.0205989410664063,-0.8596378055824154,2.2878775004390945,0.5786132143798363,-0.6655680612911284,-0.6441590086324702,-0.11647529445320678,1.2687878651128297,-0.668617921055841,2.0052424729513594,2.3419534074596497,0.7572849252250009,2.0,train
1.1043853967588058,0.47562274191557835,-1.0205989410664063,1.081905431819191,-0.7465872499699562,-0.8523838972573615,-0.3108415471984663,-0.6441590086324702,-1.0149319004571768,1.2687878651128297,1.4956224900775326,-0.4986928082209321,-0.4269939772562403,-0.1299678574764696,4.0,train
-0.48155474683807187,-1.3084288370736354,0.9798168112492035,-0.8596378055824154,0.26490100016639395,-0.7682574186272719,0.04388496689419592,-0.6441590086324702,-0.11647529445320678,-0.7881538179048341,-0.668617921055841,-0.4986928082209321,-0.4269939772562403,-0.5542721252256233,4.0,train
-1.1369019136136411,-1.3084288370736354,-1.0205989410664063,-0.8596378055824154,-0.7465872499699562,1.2646035791038508,1.4627910232648447,-0.6441590086324702,-0.11647529445320678,1.2687878651128297,1.4956224900775326,-0.4986928082209321,-0.4269939772562403,-1.2277148431302283,4.0,train
0.09223810584987104,0.47562274191557835,-1.0205989410664063,-0.8596378055824154,-0.7465872499699562,-0.8448062226224268,1.3445488519006241,1.5524117284689836,1.6804379175547333,-0.7881538179048341,-0.668617921055841,-0.4986928082209321,-0.4269939772562403,-1.0916975160426081,4.0,train
0.7577795618863936,1.3676485314101854,0.9798168112492035,1.081905431819191,-0.7465872499699562,1.7640790527477677,0.3986114809868581,-0.6441590086324702,1.6804379175547333,-0.7881538179048341,-0.668617921055841,2.0052424729513594,2.3419534074596497,-0.02499483085547866,4.0,train
0.770886505221905,-0.4164030475790286,-1.0205989410664063,-0.8596378055824154,0.26490100016639395,1.5226961227344855,0.3986114809868581,1.5524117284689836,-0.11647529445320678,1.2687878651128297,-0.668617921055841,-0.4986928082209321,-0.4269939772562403,-0.011536135577156412,4.0,train
-1.132532932501804,1.3676485314101854,-1.0205989410664063,-0.8596378055824154,0.26490100016639395,-1.3041650856247224,-0.7838102326553492,-0.6441590086324702,-1.0149319004571768,1.2687878651128297,1.4956224900775326,-0.4986928082209321,-0.4269939772562403,0.4048352676665206,3.0,train
0.8131199893029972,-1.3084288370736354,-1.0205989410664063,-0.8596378055824154,0.26490100016639395,-0.32222176670474917,0.5168536523510788,-0.6441590086324702,-0.11647529445320678,-0.7881538179048341,-0.668617921055841,-0.4986928082209321,-0.4269939772562403,-0.3892529513705297,4.0,train
-1.3422440258699861,-1.3084288370736354,0.9798168112492035,-0.8596378055824154,0.26490100016639395,0.1851424760672109,-0.19259937583424555,1.5524117284689836,-1.0149319004571768,-0.7881538179048341,-0.668617921055841,-0.4986928082209321,-0.4269939772562403,0.2779690905114749,3.0,train
0.9937045419255985,1.3676485314101854,0.9798168112492035,0.11113381311838781,-0.7465872499699562,0.32430866517699414,1.4627910232648447,-0.6441590086324702,-1.0149319004571768,-0.7881538179048341,1.4956224900775326,-0.4986928082209321,-0.4269939772562403,-1.3038044101369686,4.0,train
-1.5679747166482378,-1.3084288370736354,-1.0205989410664063,1.081905431819191,-0.7465872499699562,1.7562375906369432,-1.375021089476453,-0.6441590086324702,-0.11647529445320678,1.2687878651128297,-0.668617921055841,2.0052424729513594,2.3419534074596497,1.8661453911704973,0.0,train
1.452447558668497,-1.3084288370736354,-1.0205989410664063,2.052677050519994,1.276389250302744,0.34499222921472383,1.4627910232648447,1.5524117284689836,-0.11647529445320678,1.2687878651128297,-0.668617921055841,-0.4986928082209321,-0.4269939772562403,-1.3851019901170478,4.0,train
-0.29805754014091246,1.3676485314101854,-1.0205989410664063,-0.8596378055824154,-0.7465872499699562,0.7153947142331223,1.4627910232648447,-0.6441590086324702,0.7819813115507633,1.2687878651128297,1.4956224900775326,-0.4986928082209321,-0.4269939772562403,-0.8856559662231218,4.0,train
0.6441860529786283,-1.3084288370736354,-1.0205989410664063,0.11113381311838781,-1.7580755001063062,0.6054622482774266,-0.19259937583424555,1.5524117284689836,-1.0149319004571768,-0.7881538179048341,-0.668617921055841,-0.4986928082209321,-0.4269939772562403,-0.32679918034150024,4.0,train
-1.2199125547385465,-1.3084288370736354,0.9798168112492035,-0.8596378055824154,0.26490100016639395,1.2661841757824632,-1.1385367467480114,-0.6441590086324702,-0.11647529445320678,-0.7881538179048341,-0.668617921055841,2.0052424729513594,-0.4269939772562403,1.5743625093770508,1.0,train
1.318465471238825,-1.3084288370736354,0.9798168112492035,1.081905431819191,1.276389250302744,0.2021303498997648,-0.90205240401957,-0.6441590086324702,-0.11647529445320678,-0.7881538179048341,-0.668617921055841,-0.4986928082209321,-0.4269939772562403,0.46863325899583536,3.0,train
0.4504945570205156,0.47562274191557835,-1.0205989410664063,1.081905431819191,0.26490100016639395,1.1513865641316632,-0.90205240401957,1.5524117284689836,1.6804379175547333,-0.7881538179048341,-0.668617921055841,-0.4986928082209321,-0.4269939772562403,1.3704174902496538,1.0,train
0.09515075992442912,0.47562274191557835,-1.0205989410664063,-0.8596378055824154,0.26490100016639395,-1.6434579862462146,-1.1385367467480114,-0.6441590086324702,-1.0149319004571768,1.2687878651128297,-0.668617921055841,-0.4986928082209321,-0.4269939772562403,0.4639900001912622,3.0,train
0.8859363411669494,-1.3084288370736354,-1.0205989410664063,-0.8596378055824154,-0.7465872499699562,0.961923880686356,1.2263066805364033,1.5524117284689836,-0.11647529445320678,1.2687878651128297,-0.668617921055841,-0.4986928082209321,-0.4269939772562403,-1.0856999420529634,4.0,train
-0.9679679772892722,1.3676485314101854,-1.0205989410664063,-0.8596378055824154,0.26490100016639395,0.9873832300824333,0.871580166443741,-0.6441590086324702,-1.9133885064611469,1.2687878651128297,-0.668617921055841,2.0052424729513594,-0.4269939772562403,-1.101971940988262,4.0,train
-0.3097081564391448,-1.3084288370736354,-1.0205989410664063,1.081905431819191,-1.7580755001063062,1.0629676328256885,0.5168536523510788,1.5524117284689836,-1.9133885064611469,-0.7881538179048341,1.4956224900775326,-0.4986928082209321,-0.4269939772562403,-0.7640360221304209,4.0,train
-1.3742832206901252,1.3676485314101854,-1.0205989410664063,-0.8596378055824154,0.26490100016639395,0.6378657512942902,-1.375021089476453,1.5524117284689836,-1.0149319004571768,1.2687878651128297,-0.668617921055841,-0.4986928082209321,-0.4269939772562403,1.1016146323949152,2.0,train
1.4437095964448228,-0.4164030475790286,0.9798168112492035,0.11113381311838781,0.26490100016639395,-1.0323806422268516,-0.6655680612911284,1.5524117284689836,-1.9133885064611469,-0.7881538179048341,-0.668617921055841,-0.4986928082209321,-0.4269939772562403,0.3125915346393287,3.0,train
-1.09321210249527,0.47562274191557835,-1.0205989410664063,-0.8596378055824154,0.26490100016639395,0.2898668080277017,1.6992753659932862,-0.6441590086324702,1.6804379175547333,-0.7881538179048341,1.4956224900775326,-0.4986928082209321,-0.4269939772562403,-1.114009668294626,4.0,train
-1.5898196222074235,-0.4164030475790286,0.9798168112492035,0.11113381311838781,-1.7580755001063062,0.30568757087191445,1.6992753659932862,-0.6441590086324702,0.7819813115507633,1.2687878651128297,-0.668617921055841,-0.4986928082209321,-0.4269939772562403,-1.353313258630067,4.0,train
-0.9315598013572961,1.3676485314101854,0.9798168112492035,-0.8596378055824154,1.276389250302744,-1.7193537546519109,1.1080645091721826,-0.6441590086324702,-1.0149319004571768,-0.7881538179048341,-0.668617921055841,-0.4986928082209321,-0.4269939772562403,-1.8029082640270535,4.0,train
0.5713697011146761,0.47562274191557835,0.9798168112492035,1.081905431819191,1.276389250302744,-1.1376332821013395,-0.5473258899269078,-0.6441590086324702,-0.11647529445320678,1.2687878651128297,-0.668617921055841,2.0052424729513594,-0.4269939772562403,0.29298349271154883,3.0,train
-0.723305035026393,0.47562274191557835,0.9798168112492035,2.052677050519994,0.26490100016639395,0.2106907163903935,0.04388496689419592,-0.6441590086324702,1.6804379175547333,-0.7881538179048341,1.4956224900775326,2.0052424729513594,-0.4269939772562403,0.6660565854252165,2.0,train
-1.6597233199968175,1.3676485314101854,0.9798168112492035,-0.8596378055824154,2.2878775004390945,-1.5583537944034145,0.6350958237152996,-0.6441590086324702,-0.11647529445320678,-0.7881538179048341,1.4956224900775326,2.0052424729513594,-0.4269939772562403,-0.6012000615953387,4.0,train
0.7548669078118355,-0.4164030475790286,0.9798168112492035,2.052677050519994,-0.7465872499699562,-0.7533549836083536,0.9898223378079618,-0.6441590086324702,-1.0149319004571768,1.2687878651128297,-0.668617921055841,-0.4986928082209321,-0.4269939772562403,-1.4585640504930835,4.0,train
0.015052772874081756,-1.3084288370736354,0.9798168112492035,-0.8596378055824154,-1.7580755001063062,0.6349212632944911,0.04388496689419592,-0.6441590086324702,-0.11647529445320678,-0.7881538179048341,-0.668617921055841,-0.4986928082209321,-0.4269939772562403,-0.48303370373829435,4.0,train
-1.2621460388196388,1.3676485314101854,-1.0205989410664063,1.081905431819191,0.26490100016639395,1.6428583088414845,-0.5473258899269078,-0.6441590086324702,-1.0149319004571768,1.2687878651128297,1.4956224900775326,-0.4986928082209321,-0.4269939772562403,0.4712769132144993,3.0,train
-1.0771925050852005,-0.4164030475790286,-1.0205989410664063,0.11113381311838781,2.2878775004390945,-0.5644987982345203,-1.0202945753837906,1.5524117284689836,-0.11647529445320678,-0.7881538179048341,1.4956224900775326,2.0052424729513594,-0.4269939772562403,1.4219208465633566,1.0,train
-0.43058330053330535,-1.3084288370736354,-1.0205989410664063,-0.8596378055824154,-0.7465872499699562,0.44512711059311894,-0.19259937583424555,1.5524117284689836,-0.11647529445320678,-0.7881538179048341,-0.668617921055841,-0.4986928082209321,-0.4269939772562403,0.32233889217647366,3.0,train
0.8946743033906237,-0.4164030475790286,0.9798168112492035,-0.8596378055824154,0.26490100016639395,-0.3850768617292118,-1.1385367467480114,-0.6441590086324702,-1.9133885064611469,-0.7881538179048341,-0.668617921055841,-0.4986928082209321,-0.4269939772562403,0.7954875335901365,2.0,train
-1.6684612822204918,0.47562274191557835,0.9798168112492035,1.081905431819191,0.26490100016639395,1.3333232317963115,-1.1385367467480114,-0.6441590086324702,0.7819813115507633,-0.7881538179048341,-0.668617921055841,-0.4986928082209321,-0.4269939772562403,1.1250081922289266,2.0,train
-0.963598996177435,0.47562274191557835,0.9798168112492035,1.081905431819191,-0.7465872499699562,-1.6033069599287342,0.2803693096226374,-0.6441590086324702,0.7819813115507633,1.2687878651128297,-0.668617921055841,-0.4986928082209321,-0.4269939772562403,-0.6020546664157721,4.0,train
-0.05776357898987039,-0.4164030475790286,-1.0205989410664063,-0.8596378055824154,0.26490100016639395,1.133318709820401,0.04388496689419592,-0.6441590086324702,-1.0149319004571768,1.2687878651128297,1.4956224900775326,-0.4986928082209321,-0.4269939772562403,0.17443077625881778,3.0,train
-0.8820446820898087,-1.3084288370736354,-1.0205989410664063,1.081905431819191,0.26490100016639395,-0.7175362060233813,0.9898223378079618,-0.6441590086324702,-1.0149319004571768,-0.7881538179048341,-0.668617921055841,-0.4986928082209321,-0.4269939772562403,-1.7541505768289056,4.0,train
0.6937011722461157,1.3676485314101854,-1.0205989410664063,1.081905431819191,0.26490100016639395,-0.16111365781036477,0.2803693096226374,-0.6441590086324702,1.6804379175547333,1.2687878651128297,-0.668617921055841,-0.4986928082209321,-0.4269939772562403,-0.29771940086277393,4.0,train
-0.3635922568184694,-1.3084288370736354,0.9798168112492035,0.11113381311838781,1.276389250302744,-1.30280885783853,-1.4932632608406737,-0.6441590086324702,0.7819813115507633,-0.7881538179048341,-0.668617921055841,-0.4986928082209321,-0.4269939772562403,0.852360224137059,2.0,train
-1.4077787425475432,-1.3084288370736354,-1.0205989410664063,1.081905431819191,0.26490100016639395,-0.9512388960097584,-1.4932632608406737,-0.6441590086324702,0.7819813115507633,-0.7881538179048341,1.4956224900775326,-0.4986928082209321,-0.4269939772562403,1.5623515219242738,1.0,train
0.29612389106893705,-1.3084288370736354,0.9798168112492035,-0.8596378055824154,2.2878775004390945,-1.47375439399662,-0.429083718562687,-0.6441590086324702,-1.9133885064611469,1.2687878651128297,-0.668617921055841,2.0052424729513594,-0.4269939772562403,0.15183154789286463,3.0,train
-1.7034131311151888,-0.4164030475790286,-1.0205989410664063,-0.8596378055824154,-0.7465872499699562,0.12110199601943204,-1.4932632608406737,-0.6441590086324702,-0.11647529445320678,-0.7881538179048341,1.4956224900775326,-0.4986928082209321,-0.4269939772562403,1.1393550439690043,2.0,train
1.617012513881029,-0.4164030475790286,0.9798168112492035,-0.8596378055824154,-1.7580755001063062,0.4616795610647451,1.3445488519006241,-0.6441590086324702,-0.11647529445320678,-0.7881538179048341,1.4956224900775326,-0.4986928082209321,-0.4269939772562403,-1.5184638975775355,3.0,train
-0.689809513168975,1.3676485314101854,0.9798168112492035,-0.8596378055824154,0.26490100016639395,-0.8058778328997154,1.1080645091721826,-0.6441590086324702,-1.0149319004571768,-0.7881538179048341,-0.668617921055841,-0.4986928082209321,-0.4269939772562403,-1.4188023580329052,4.0,train
0.7111770966934643,0.47562274191557835,0.9798168112492035,-0.8596378055824154,1.276389250302744,0.07609659153195164,-0.3108415471984663,-0.6441590086324702,1.6804379175547333,1.2687878651128297,-0.668617921055841,2.0052424729513594,-0.4269939772562403,0.46883955893849144,3.0,train
-0.7538879028092529,-0.4164030475790286,-1.0205989410664063,1.081905431819191,-1.7580755001063062,0.04022555312636695,0.04388496689419592,-0.6441590086324702,-0.11647529445320678,-0.7881538179048341,1.4956224900775326,-0.4986928082209321,2.3419534074596497,-0.10084735909385704,4.0,train
1.248561773449431,1.3676485314101854,-1.0205989410664063,2.052677050519994,0.26490100016639395,0.897723606148618,-1.2567789181122322,1.5524117284689836,-1.0149319004571768,1.2687878651128297,-0.668617921055841,-0.4986928082209321,-0.4269939772562403,1.213487880760956,1.0,train
-1.2373884791858951,0.47562274191557835,0.9798168112492035,2.052677050519994,0.26490100016639395,0.2702593710175855,-0.7838102326553492,-0.6441590086324702,-1.0149319004571768,-0.7881538179048341,1.4956224900775326,2.0052424729513594,-0.4269939772562403,0.7776982046473272,2.0,train
-1.2169999006639884,1.3676485314101854,-1.0205989410664063,-0.8596378055824154,0.26490100016639395,1.083414610437034,0.3986114809868581,-0.6441590086324702,1.6804379175547333,1.2687878651128297,-0.668617921055841,-0.4986928082209321,-0.4269939772562403,0.34606591895551814,3.0,train
0.9427330956208321,0.47562274191557835,0.9798168112492035,-0.8596378055824154,0.26490100016639395,0.6208284749120662,-1.2567789181122322,1.5524117284689836,-0.11647529445320678,-0.7881538179048341,-0.668617921055841,-0.4986928082209321,-0.4269939772562403,1.31646619420368,1.0,train
-0.282037942730843,-1.3084288370736354,-1.0205989410664063,2.052677050519994,-0.7465872499699562,-1.578777369211682,-1.375021089476453,-0.6441590086324702,0.7819813115507633,1.2687878651128297,-0.668617921055841,2.0052424729513594,2.3419534074596497,1.4134875887390046,1.0,train
-0.36213592978119036,1.3676485314101854,-1.0205989410664063,0.11113381311838781,-0.7465872499699562,0.6065997494919898,-0.0743572044700248,1.5524117284689836,1.6804379175547333,1.2687878651128297,-0.668617921055841,2.0052424729513594,-0.4269939772562403,1.1915161018269165,2.0,train
1.4757487912649618,-1.3084288370736354,-1.0205989410664063,1.081905431819191,-1.7580755001063062,1.394741082781328,1.1080645091721826,-0.6441590086324702,-0.11647529445320678,1.2687878651128297,-0.668617921055841,-0.4986928082209321,-0.4269939772562403,-1.1241713978767276,1.0,train
0.7257403670662547,-1.3084288370736354,-1.0205989410664063,-0.8596378055824154,0.26490100016639395,1.5387474819997593,-1.2567789181122322,-0.6441590086324702,-0.11647529445320678,1.2687878651128297,-0.668617921055841,-0.4986928082209321,-0.4269939772562403,1.728263631973801,1.0,train
0.2801042936588676,0.47562274191557835,0.9798168112492035,-0.8596378055824154,-1.7580755001063062,0.0033417636411445543,0.9898223378079618,-0.6441590086324702,-0.11647529445320678,-0.7881538179048341,-0.668617921055841,-0.4986928082209321,-0.4269939772562403,-1.171813266843653,4.0,train
0.8116636622657182,0.47562274191557835,0.9798168112492035,0.11113381311838781,1.276389250302744,1.7625897392387482,0.16212713825841665,-0.6441590086324702,-0.11647529445320678,1.2687878651128297,-0.668617921055841,-0.4986928082209321,2.3419534074596497,-0.05587736169190629,4.0,train
0.9208881900616465,-0.4164030475790286,-1.0205989410664063,-0.8596378055824154,-0.7465872499699562,0.518040118379701,-0.90205240401957,-0.6441590086324702,-1.0149319004571768,1.2687878651128297,-0.668617921055841,-0.4986928082209321,2.3419534074596497,0.38425412971997336,3.0,train
-1.2810782903042663,0.47562274191557835,0.9798168112492035,-0.8596378055824154,0.26490100016639395,-0.5244384884538541,1.4627910232648447,-0.6441590086324702,1.6804379175547333,-0.7881538179048341,-0.668617921055841,-0.4986928082209321,-0.4269939772562403,-1.4765844862448538,4.0,train
0.08350014362619677,-0.4164030475790286,0.9798168112492035,-0.8596378055824154,1.276389250302744,-1.2587707989302899,0.5168536523510788,-0.6441590086324702,0.7819813115507633,-0.7881538179048341,-0.668617921055841,-0.4986928082209321,2.3419534074596497,-1.3079365726604895,4.0,train
-0.9839875746993416,1.3676485314101854,0.9798168112492035,1.081905431819191,0.26490100016639395,-0.2485813556641533,1.2263066805364033,-0.6441590086324702,-0.11647529445320678,-0.7881538179048341,1.4956224900775326,-0.4986928082209321,-0.4269939772562403,-1.277998734448437,4.0,train
0.2102005958694735,0.47562274191557835,-1.0205989410664063,-0.8596378055824154,1.276389250302744,1.676780013908367,1.3445488519006241,-0.6441590086324702,0.7819813115507633,-0.7881538179048341,1.4956224900775326,2.0052424729513594,-0.4269939772562403,-0.4231976347242729,4.0,train
-1.5228285784925875,0.47562274191557835,-1.0205989410664063,1.081905431819191,0.26490100016639395,-0.9592372403338549,-1.6115054322048943,-0.6441590086324702,-1.0149319004571768,-0.7881538179048341,1.4956224900775326,2.0052424729513594,-0.4269939772562403,0.9830919168844865,2.0,train
-0.33883469718472564,0.47562274191557835,-1.0205989410664063,-0.8596378055824154,2.2878775004390945,-0.6985537136206104,1.3445488519006241,-0.6441590086324702,-1.9133885064611469,-0.7881538179048341,-0.668617921055841,-0.4986928082209321,-0.4269939772562403,-2.055756807565376,4.0,train
0.1767050740120555,1.3676485314101854,-1.0205989410664063,2.052677050519994,0.26490100016639395,1.6151225363866857,-0.5473258899269078,1.5524117284689836,0.7819813115507633,-0.7881538179048341,-0.668617921055841,-0.4986928082209321,-0.4269939772562403,0.7202849262978384,2.0,train
1.005355158223831,-0.4164030475790286,-1.0205989410664063,-0.8596378055824154,-0.7465872499699562,1.0330762423396755,-0.3108415471984663,-0.6441590086324702,-0.11647529445320678,-0.7881538179048341,-0.668617921055841,2.0052424729513594,-0.4269939772562403,0.4625371544927653,3.0,train
-0.8092283302258565,-0.4164030475790286,-1.0205989410664063,1.081905431819191,0.26490100016639395,-0.8208184251700786,-1.4932632608406737,-0.6441590086324702,-1.9133885064611469,1.2687878651128297,-0.668617921055841,2.0052424729513594,-0.4269939772562403,0.8506929658212358,2.0,train
-0.28058161569356393,-1.3084288370736354,-1.0205989410664063,2.052677050519994,1.276389250302744,-1.38519467994793,0.16212713825841665,1.5524117284689836,-0.11647529445320678,-0.7881538179048341,-0.668617921055841,-0.4986928082209321,-0.4269939772562403,-0.6862556094964531,4.0,train
-0.5703906961120935,-0.4164030475790286,0.9798168112492035,2.052677050519994,1.276389250302744,-1.009816779682554,1.5810331946290654,1.5524117284689836,-0.11647529445320678,-0.7881538179048341,-0.668617921055841,-0.4986928082209321,-0.4269939772562403,-1.8904155774406648,4.0,train
1.515069621271496,0.47562274191557835,-1.0205989410664063,0.11113381311838781,0.26490100016639395,0.9585998732454843,1.1080645091721826,-0.6441590086324702,1.6804379175547333,-0.7881538179048341,-0.668617921055841,2.0052424729513594,-0.4269939772562403,-0.7066261342141744,4.0,train
1.0941911074978525,-0.4164030475790286,-1.0205989410664063,-0.8596378055824154,-0.7465872499699562,1.460409522412703,1.6992753659932862,-0.6441590086324702,0.7819813115507633,1.2687878651128297,1.4956224900775326,2.0052424729513594,-0.4269939772562403,-0.8117939835034306,4.0,train
-0.16261912567396147,-0.4164030475790286,-1.0205989410664063,2.052677050519994,1.276389250302744,-1.4177964157791354,-1.2567789181122322,-0.6441590086324702,0.7819813115507633,-0.7881538179048341,-0.668617921055841,-0.4986928082209321,-0.4269939772562403,0.8629181891761956,2.0,train
1.0898221263860155,-1.3084288370736354,0.9798168112492035,0.11113381311838781,2.2878775004390945,1.439302342319022,1.3445488519006241,-0.6441590086324702,1.6804379175547333,1.2687878651128297,1.4956224900775326,2.0052424729513594,-0.4269939772562403,0.09308741108889762,4.0,train
-1.1689411084337802,1.3676485314101854,0.9798168112492035,-0.8596378055824154,-1.7580755001063062,-1.5881211594656126,0.6350958237152996,-0.6441590086324702,-1.0149319004571768,1.2687878651128297,1.4956224900775326,-0.4986928082209321,-0.4269939772562403,-1.0849923665623962,4.0,train
0.0674805462161273,0.47562274191557835,0.9798168112492035,-0.8596378055824154,1.276389250302744,0.9826615897669445,0.6350958237152996,-0.6441590086324702,-1.9133885064611469,-0.7881538179048341,-0.668617921055841,-0.4986928082209321,2.3419534074596497,-0.9731846516257726,4.0,train
1.5136132942342169,1.3676485314101854,0.9798168112492035,0.11113381311838781,0.26490100016639395,0.6636101120993768,0.6350958237152996,-0.6441590086324702,-0.11647529445320678,1.2687878651128297,-0.668617921055841,-0.4986928082209321,-0.4269939772562403,-0.6198528861268275,1.0,train
-1.2184562277012676,0.47562274191557835,-1.0205989410664063,0.11113381311838781,0.26490100016639395,0.7714134568383952,-0.429083718562687,-0.6441590086324702,-0.11647529445320678,-0.7881538179048341,-0.668617921055841,-0.4986928082209321,-0.4269939772562403,-0.18575852916685268,4.0,train
0.3441826832991455,-0.4164030475790286,-1.0205989410664063,-0.8596378055824154,-0.7465872499699562,0.5543661413306333,-1.0202945753837906,-0.6441590086324702,-0.11647529445320678,-0.7881538179048341,-0.668617921055841,-0.4986928082209321,2.3419534074596497,0.9104600780965418,2.0,train
-1.1514651839864316,1.3676485314101854,0.9798168112492035,0.11113381311838781,-0.7465872499699562,-0.3200102168227751,1.3445488519006241,-0.6441590086324702,-1.9133885064611469,-0.7881538179048341,-0.668617921055841,-0.4986928082209321,-0.4269939772562403,-1.9308962050706469,4.0,train
-1.1092316999053393,1.3676485314101854,0.9798168112492035,1.081905431819191,-0.7465872499699562,-0.6085859610334032,-1.1385367467480114,1.5524117284689836,-1.0149319004571768,1.2687878651128297,-0.668617921055841,-0.4986928082209321,-0.4269939772562403,1.0922466764680658,2.0,train
-1.1136006810171766,-0.4164030475790286,0.9798168112492035,-0.8596378055824154,0.26490100016639395,0.4994112768918537,-0.7838102326553492,-0.6441590086324702,-0.11647529445320678,1.2687878651128297,-0.668617921055841,-0.4986928082209321,-0.4269939772562403,0.5422755842518335,3.0,train
1.5776916838744948,0.47562274191557835,-1.0205989410664063,1.081905431819191,0.26490100016639395,-0.8110005869643235,-0.429083718562687,-0.6441590086324702,0.7819813115507633,1.2687878651128297,1.4956224900775326,-0.4986928082209321,-0.4269939772562403,0.5773922608811556,4.0,train
1.5005063508987055,0.47562274191557835,-1.0205989410664063,-0.8596378055824154,-0.7465872499699562,0.26863950003575626,1.5810331946290654,-0.6441590086324702,-0.11647529445320678,-0.7881538179048341,1.4956224900775326,-0.4986928082209321,-0.4269939772562403,-1.2284892623612615,2.0,train
0.24952142587600767,-0.4164030475790286,-1.0205989410664063,1.081905431819191,0.26490100016639395,0.6215849481219664,0.7533379950795204,-0.6441590086324702,0.7819813115507633,-0.7881538179048341,1.4956224900775326,-0.4986928082209321,-0.4269939772562403,-0.2943741002087539,4.0,train
-1.4849640755233324,0.47562274191557835,0.9798168112492035,1.081905431819191,0.26490100016639395,0.042505471331223905,-1.0202945753837906,-0.6441590086324702,0.7819813115507633,-0.7881538179048341,-0.668617921055841,-0.4986928082209321,-0.4269939772562403,0.9225266993554806,2.0,train
0.7286530211408128,-1.3084288370736354,0.9798168112492035,1.081905431819191,0.26490100016639395,0.6655198597960854,-0.90205240401957,1.5524117284689836,-1.9133885064611469,-0.7881538179048341,-0.668617921055841,2.0052424729513594,2.3419534074596497,0.9484661612161365,2.0,train
-0.6723335887216265,-0.4164030475790286,0.9798168112492035,0.11113381311838781,-0.7465872499699562,1.4091503274332626,-0.5473258899269078,1.5524117284689836,-0.11647529445320678,1.2687878651128297,-0.668617921055841,-0.4986928082209321,-0.4269939772562403,1.0048714288890523,2.0,train
-1.6640923011086548,1.3676485314101854,-1.0205989410664063,-0.8596378055824154,0.26490100016639395,-0.21683548375651449,-0.19259937583424555,-0.6441590086324702,-1.0149319004571768,-0.7881538179048341,1.4956224900775326,-0.4986928082209321,-0.4269939772562403,-0.2523766942961511,4.0,train
-0.5223319038818851,-1.3084288370736354,0.9798168112492035,-0.8596378055824154,1.276389250302744,-0.9355101910957526,0.7533379950795204,1.5524117284689836,-0.11647529445320678,1.2687878651128297,1.4956224900775326,2.0052424729513594,2.3419534074596497,0.050221080332654815,4.0,train
-1.1893296869556866,-1.3084288370736354,-1.0205989410664063,-0.8596378055824154,0.26490100016639395,-0.1235313257099024,-0.5473258899269078,1.5524117284689836,0.7819813115507633,1.2687878651128297,-0.668617921055841,-0.4986928082209321,-0.4269939772562403,1.011155602265164,2.0,train
1.2937079116050814,-1.3084288370736354,-1.0205989410664063,-0.8596378055824154,0.26490100016639395,-0.10875799506112065,-1.0202945753837906,1.5524117284689836,-0.11647529445320678,-0.7881538179048341,-0.668617921055841,2.0052424729513594,-0.4269939772562403,1.0794153592180482,2.0,train
1.0373943530439698,-0.4164030475790286,0.9798168112492035,-0.8596378055824154,0.26490100016639395,-0.5510853817525833,1.4627910232648447,1.5524117284689836,0.7819813115507633,1.2687878651128297,-0.668617921055841,-0.4986928082209321,2.3419534074596497,-1.1066844590986986,4.0,train
0.49709702221344493,-0.4164030475790286,0.9798168112492035,-0.8596378055824154,0.26490100016639395,-0.20533686486159275,0.16212713825841665,1.5524117284689836,-0.11647529445320678,-0.7881538179048341,-0.668617921055841,-0.4986928082209321,2.3419534074596497,-0.24985264135232574,4.0,train
-0.18592035827042616,-1.3084288370736354,0.9798168112492035,-0.8596378055824154,1.276389250302744,-0.5382965880236642,-1.375021089476453,-0.6441590086324702,-1.9133885064611469,1.2687878651128297,1.4956224900775326,-0.4986928082209321,-0.4269939772562403,0.7115080286853026,2.0,train
1.1349682645416657,-1.3084288370736354,-1.0205989410664063,-0.8596378055824154,-0.7465872499699562,0.0455586992426929,1.3445488519006241,1.5524117284689836,-1.9133885064611469,-0.7881538179048341,1.4956224900775326,2.0052424729513594,-0.4269939772562403,-1.3913548084787597,4.0,train
0.43447495961044613,-0.4164030475790286,0.9798168112492035,2.052677050519994,1.276389250302744,1.6456742772829285,-0.90205240401957,-0.6441590086324702,1.6804379175547333,-0.7881538179048341,1.4956224900775326,2.0052424729513594,-0.4269939772562403,1.5397199314856762,1.0,train
-1.1063190458307812,1.3676485314101854,-1.0205989410664063,-0.8596378055824154,-0.7465872499699562,1.4847637408724594,-1.729747603569115,1.5524117284689836,-1.9133885064611469,1.2687878651128297,-0.668617921055841,-0.4986928082209321,-0.4269939772562403,1.6482946118171937,1.0,train
-0.7422372865110205,-0.4164030475790286,-1.0205989410664063,-0.8596378055824154,0.26490100016639395,-1.6894455587927772,-0.429083718562687,1.5524117284689836,-1.9133885064611469,1.2687878651128297,-0.668617921055841,-0.4986928082209321,-0.4269939772562403,-0.0940699221406813,4.0,train
-1.196611322142082,-1.3084288370736354,0.9798168112492035,0.11113381311838781,0.26490100016639395,1.6403511411409475,0.871580166443741,1.5524117284689836,-0.11647529445320678,1.2687878651128297,-0.668617921055841,-0.4986928082209321,-0.4269939772562403,-0.2970549710139679,4.0,train
1.0708898749013878,1.3676485314101854,0.9798168112492035,-0.8596378055824154,0.26490100016639395,1.1623149788555704,-0.0743572044700248,1.5524117284689836,-0.11647529445320678,-0.7881538179048341,1.4956224900775326,-0.4986928082209321,-0.4269939772562403,0.20297523297497774,3.0,train
-1.4121477236593802,-1.3084288370736354,-1.0205989410664063,1.081905431819191,-0.7465872499699562,0.31313749536377516,0.5168536523510788,-0.6441590086324702,-0.11647529445320678,-0.7881538179048341,-0.668617921055841,-0.4986928082209321,-0.4269939772562403,-1.1002019021134617,4.0,train
-1.7296270177862116,0.47562274191557835,-1.0205989410664063,-0.8596378055824154,-1.7580755001063062,-0.9111091329781441,-1.6115054322048943,-0.6441590086324702,-0.11647529445320678,-0.7881538179048341,1.4956224900775326,-0.4986928082209321,2.3419534074596497,1.0831199361568327,2.0,train
0.27282265847247233,1.3676485314101854,0.9798168112492035,2.052677050519994,2.2878775004390945,1.2226982398531916,0.7533379950795204,-0.6441590086324702,-0.11647529445320678,-0.7881538179048341,1.4956224900775326,2.0052424729513594,-0.4269939772562403,-0.18220267942013665,4.0,train
-1.030590039892271,-1.3084288370736354,0.9798168112492035,-0.8596378055824154,-0.7465872499699562,-0.45095813929750744,0.3986114809868581,-0.6441590086324702,-1.0149319004571768,1.2687878651128297,1.4956224900775326,-0.4986928082209321,2.3419534074596497,-0.2397979294743787,4.0,train
-0.5470894635156288,0.47562274191557835,0.9798168112492035,-0.8596378055824154,-1.7580755001063062,-0.9771777625351332,0.2803693096226374,-0.6441590086324702,-1.0149319004571768,-0.7881538179048341,-0.668617921055841,2.0052424729513594,-0.4269939772562403,-0.44927545137639613,4.0,train
-0.11019135233191593,-0.4164030475790286,-1.0205989410664063,2.052677050519994,-1.7580755001063062,0.4741630623319533,-1.0202945753837906,1.5524117284689836,0.7819813115507633,1.2687878651128297,1.4956224900775326,-0.4986928082209321,-0.4269939772562403,1.7593828785818209,0.0,train
0.5436994874063743,-0.4164030475790286,0.9798168112492035,-0.8596378055824154,0.26490100016639395,0.07253087429420071,0.9898223378079618,-0.6441590086324702,-1.0149319004571768,-0.7881538179048341,1.4956224900775326,-0.4986928082209321,-0.4269939772562403,-1.0896288586158356,4.0,train
-1.403409761435706,1.3676485314101854,0.9798168112492035,-0.8596378055824154,-1.7580755001063062,-1.0973738806428646,0.2803693096226374,-0.6441590086324702,-1.0149319004571768,-0.7881538179048341,1.4956224900775326,-0.4986928082209321,2.3419534074596497,-0.5501018786676928,4.0,train
1.2587560627103844,-1.3084288370736354,-1.0205989410664063,1.081905431819191,1.276389250302744,-1.655026647584271,0.9898223378079618,-0.6441590086324702,-0.11647529445320678,-0.7881538179048341,-0.668617921055841,-0.4986928082209321,2.3419534074596497,-1.654925697016994,4.0,train
-0.005335805647824844,-1.3084288370736354,-1.0205989410664063,-0.8596378055824154,-1.7580755001063062,0.47648037291542517,0.2803693096226374,-0.6441590086324702,0.7819813115507633,-0.7881538179048341,1.4956224900775326,-0.4986928082209321,-0.4269939772562403,0.4535182727251157,3.0,train
1.247105446412152,-0.4164030475790286,0.9798168112492035,-0.8596378055824154,-0.7465872499699562,-0.3569617360126005,1.4627910232648447,-0.6441590086324702,-1.0149319004571768,-0.7881538179048341,-0.668617921055841,-0.4986928082209321,-0.4269939772562403,-1.9467592024052303,4.0,train
-1.0917557754579907,0.47562274191557835,-1.0205989410664063,1.081905431819191,0.26490100016639395,-1.1630813496945998,0.9898223378079618,-0.6441590086324702,1.6804379175547333,-0.7881538179048341,1.4956224900775326,-0.4986928082209321,2.3419534074596497,-0.4081999711827191,4.0,train
1.4844867534886361,-0.4164030475790286,0.9798168112492035,-0.8596378055824154,0.26490100016639395,1.828602269408799,0.3986114809868581,-0.6441590086324702,-0.11647529445320678,1.2687878651128297,-0.668617921055841,-0.4986928082209321,-0.4269939772562403,-0.01964130618395349,1.0,train
-1.0466096373023406,1.3676485314101854,-1.0205989410664063,-0.8596378055824154,1.276389250302744,1.1661792001556446,-1.375021089476453,-0.6441590086324702,-0.11647529445320678,-0.7881538179048341,-0.668617921055841,-0.4986928082209321,2.3419534074596497,1.0525148323070292,2.0,train
-1.3553509692054977,-0.4164030475790286,0.9798168112492035,1.081905431819191,0.26490100016639395,-1.4549767342691844,-0.5473258899269078,1.5524117284689836,0.7819813115507633,-0.7881538179048341,-0.668617921055841,-0.4986928082209321,-0.4269939772562403,0.2741494665914456,3.0,train
-0.22669751531423937,-1.3084288370736354,-1.0205989410664063,1.081905431819191,-0.7465872499699562,0.2790830135761399,0.6350958237152996,-0.6441590086324702,0.7819813115507633,-0.7881538179048341,1.4956224900775326,2.0052424729513594,-0.4269939772562403,-0.2089211809157205,4.0,train
1.6009929164709595,1.3676485314101854,-1.0205989410664063,-0.8596378055824154,0.26490100016639395,0.7308881713752938,-1.4932632608406737,1.5524117284689836,0.7819813115507633,-0.7881538179048341,-0.668617921055841,-0.4986928082209321,-0.4269939772562403,1.8426377946004058,2.0,train
-0.6199058153795809,-1.3084288370736354,0.9798168112492035,-0.8596378055824154,1.276389250302744,0.49993883908636133,-0.7838102326553492,1.5524117284689836,-0.11647529445320678,1.2687878651128297,-0.668617921055841,-0.4986928082209321,-0.4269939772562403,0.9157553887608969,2.0,train
-1.3859338369883576,0.47562274191557835,-1.0205989410664063,2.052677050519994,0.26490100016639395,-1.0244147625798947,-0.0743572044700248,-0.6441590086324702,-0.11647529445320678,1.2687878651128297,-0.668617921055841,-0.4986928082209321,-0.4269939772562403,0.0009982752477946098,4.0,train
-0.6402943939014876,-0.4164030475790286,-1.0205989410664063,1.081905431819191,-0.7465872499699562,0.39959478506730617,0.2803693096226374,1.5524117284689836,0.7819813115507633,-0.7881538179048341,1.4956224900775326,-0.4986928082209321,-0.4269939772562403,0.35731281332457476,3.0,train
-0.32572775384921426,-1.3084288370736354,0.9798168112492035,2.052677050519994,0.26490100016639395,-0.5810173985260614,1.4627910232648447,-0.6441590086324702,-0.11647529445320678,1.2687878651128297,-0.668617921055841,2.0052424729513594,-0.4269939772562403,-1.3224349401614508,4.0,train
0.45340721109507365,-0.4164030475790286,-1.0205989410664063,1.081905431819191,-0.7465872499699562,0.43335117062571327,-1.729747603569115,1.5524117284689836,-1.0149319004571768,1.2687878651128297,-0.668617921055841,2.0052424729513594,-0.4269939772562403,1.988830180305061,0.0,train
-0.01844274898333623,1.3676485314101854,-1.0205989410664063,-0.8596378055824154,-1.7580755001063062,-1.1584572117665453,-0.5473258899269078,1.5524117284689836,-0.11647529445320678,-0.7881538179048341,-0.668617921055841,2.0052424729513594,-0.4269939772562403,0.565405638395562,3.0,train
-0.5776723312984887,0.47562274191557835,0.9798168112492035,2.052677050519994,0.26490100016639395,-1.1754777040530235,-1.4932632608406737,-0.6441590086324702,-0.11647529445320678,1.2687878651128297,-0.668617921055841,-0.4986928082209321,-0.4269939772562403,1.5578845096862954,1.0,train
1.4306026531093115,0.47562274191557835,0.9798168112492035,0.11113381311838781,2.2878775004390945,-1.4439571660520305,-0.0743572044700248,-0.6441590086324702,-1.0149319004571768,-0.7881538179048341,1.4956224900775326,-0.4986928082209321,-0.4269939772562403,-0.11036709655401708,3.0,train
-0.8281605817104841,-0.4164030475790286,-1.0205989410664063,1.081905431819191,-0.7465872499699562,-0.6013512670486661,-0.7838102326553492,-0.6441590086324702,0.7819813115507633,-0.7881538179048341,-0.668617921055841,-0.4986928082209321,-0.4269939772562403,0.27448850811502334,3.0,train
-1.6509853577731433,-1.3084288370736354,-1.0205989410664063,0.11113381311838781,1.276389250302744,0.6313489577466612,-0.429083718562687,-0.6441590086324702,0.7819813115507633,-0.7881538179048341,1.4956224900775326,-0.4986928082209321,-0.4269939772562403,0.36517412487294315,3.0,train
1.548565143128914,0.47562274191557835,0.9798168112492035,1.081905431819191,-0.7465872499699562,-0.6684421790614805,-0.7838102326553492,1.5524117284689836,-1.0149319004571768,-0.7881538179048341,-0.668617921055841,-0.4986928082209321,-0.4269939772562403,0.8495674794852227,3.0,train
-0.3796118542285389,-1.3084288370736354,-1.0205989410664063,0.11113381311838781,-0.7465872499699562,-0.6369159117437847,-0.90205240401957,-0.6441590086324702,-0.11647529445320678,1.2687878651128297,-0.668617921055841,-0.4986928082209321,-0.4269939772562403,0.2052940876132111,3.0,train
1.2354548301139197,1.3676485314101854,-1.0205989410664063,-0.8596378055824154,0.26490100016639395,-1.391374793556454,1.3445488519006241,-0.6441590086324702,-0.11647529445320678,1.2687878651128297,-0.668617921055841,-0.4986928082209321,-0.4269939772562403,-1.7125327765384644,4.0,train
1.0475886423049232,-0.4164030475790286,0.9798168112492035,0.11113381311838781,-0.7465872499699562,-1.4696203938527348,-0.429083718562687,-0.6441590086324702,-1.0149319004571768,1.2687878651128297,-0.668617921055841,2.0052424729513594,-0.4269939772562403,0.14623002620675932,3.0,train
-0.7553442298465319,1.3676485314101854,0.9798168112492035,0.11113381311838781,-0.7465872499699562,-0.67055866984872,-1.4932632608406737,1.5524117284689836,0.7819813115507633,-0.7881538179048341,-0.668617921055841,-0.4986928082209321,-0.4269939772562403,1.3250977414703702,1.0,train
-1.339331371795428,-1.3084288370736354,-1.0205989410664063,1.081905431819191,1.276389250302744,-0.7696883579374585,0.9898223378079618,-0.6441590086324702,-1.9133885064611469,1.2687878651128297,1.4956224900775326,-0.4986928082209321,-0.4269939772562403,-1.0671921702980451,4.0,train
-0.9009769335744362,-0.4164030475790286,-1.0205989410664063,-0.8596378055824154,-0.7465872499699562,-0.20972956850399063,1.1080645091721826,-0.6441590086324702,-0.11647529445320678,1.2687878651128297,-0.668617921055841,-0.4986928082209321,-0.4269939772562403,-1.3588697465995097,4.0,train
0.568457047040118,-1.3084288370736354,-1.0205989410664063,-0.8596378055824154,0.26490100016639395,0.13802178003606086,1.4627910232648447,1.5524117284689836,-1.9133885064611469,1.2687878651128297,-0.668617921055841,-0.4986928082209321,-0.4269939772562403,-1.3465779657302643,4.0,train
-1.0072888072958064,0.47562274191557835,0.9798168112492035,0.11113381311838781,-1.7580755001063062,1.6114676455352333,-1.729747603569115,1.5524117284689836,1.6804379175547333,1.2687878651128297,-0.668617921055841,-0.4986928082209321,-0.4269939772562403,2.221154349178478,0.0,train
0.6252538014940007,0.47562274191557835,-1.0205989410664063,1.081905431819191,1.276389250302744,-0.8038556834039984,0.5168536523510788,1.5524117284689836,0.7819813115507633,-0.7881538179048341,-0.668617921055841,-0.4986928082209321,-0.4269939772562403,-0.23892240654529245,4.0,train
0.6572929963141396,1.3676485314101854,-1.0205989410664063,0.11113381311838781,1.276389250302744,-1.4649133275869233,-1.0202945753837906,-0.6441590086324702,0.7819813115507633,1.2687878651128297,1.4956224900775326,-0.4986928082209321,-0.4269939772562403,0.7939330505642367,2.0,train
-0.06795786825082369,-1.3084288370736354,0.9798168112492035,1.081905431819191,2.2878775004390945,1.2123712822561146,1.2263066805364033,-0.6441590086324702,-1.9133885064611469,1.2687878651128297,-0.668617921055841,2.0052424729513594,2.3419534074596497,-1.0119198687136044,4.0,train
-1.0902994484207118,-0.4164030475790286,-1.0205989410664063,-0.8596378055824154,0.26490100016639395,0.7334722216181511,-1.375021089476453,-0.6441590086324702,0.7819813115507633,1.2687878651128297,1.4956224900775326,2.0052424729513594,2.3419534074596497,1.5089632099339914,1.0,train
-1.0844741402715956,-0.4164030475790286,-1.0205989410664063,2.052677050519994,-1.7580755001063062,-0.1561167663586224,-1.375021089476453,-0.6441590086324702,-1.9133885064611469,-0.7881538179048341,-0.668617921055841,-0.4986928082209321,-0.4269939772562403,1.0637325304313692,2.0,train
-0.7466062676228576,1.3676485314101854,0.9798168112492035,1.081905431819191,1.276389250302744,-1.0227995007225303,-0.7838102326553492,1.5524117284689836,0.7819813115507633,-0.7881538179048341,1.4956224900775326,-0.4986928082209321,-0.4269939772562403,0.6843215965184072,2.0,train
0.4169990351630976,-0.4164030475790286,0.9798168112492035,-0.8596378055824154,2.2878775004390945,-1.168358128436082,0.5168536523510788,-0.6441590086324702,0.7819813115507633,-0.7881538179048341,1.4956224900775326,-0.4986928082209321,-0.4269939772562403,-0.7902718994188711,4.0,train
0.9572963659936226,-1.3084288370736354,-1.0205989410664063,2.052677050519994,0.26490100016639395,-0.20902063202382382,-1.729747603569115,1.5524117284689836,0.7819813115507633,-0.7881538179048341,1.4956224900775326,-0.4986928082209321,-0.4269939772562403,2.0875604916871793,0.0,train
-0.6956348213180912,1.3676485314101854,-1.0205989410664063,0.11113381311838781,-0.7465872499699562,0.022303701070937553,-1.6115054322048943,-0.6441590086324702,0.7819813115507633,1.2687878651128297,-0.668617921055841,-0.4986928082209321,-0.4269939772562403,1.7216857000118355,1.0,train
0.396610456641191,1.3676485314101854,0.9798168112492035,1.081905431819191,-0.7465872499699562,0.18436696883328846,-1.375021089476453,-0.6441590086324702,0.7819813115507633,-0.7881538179048341,1.4956224900775326,-0.4986928082209321,2.3419534074596497,1.5555188385470868,1.0,train
-1.2490390954841275,1.3676485314101854,-1.0205989410664063,1.081905431819191,-1.7580755001063062,0.44491111589992643,-0.429083718562687,-0.6441590086324702,0.7819813115507633,-0.7881538179048341,-0.668617921055841,-0.4986928082209321,-0.4269939772562403,0.27156184607587036,3.0,train
-1.5592367544245636,1.3676485314101854,0.9798168112492035,-0.8596378055824154,0.26490100016639395,-0.19209364007175017,-0.0743572044700248,-0.6441590086324702,1.6804379175547333,1.2687878651128297,-0.668617921055841,-0.4986928082209321,-0.4269939772562403,0.7512626955785815,2.0,train
-0.8689377387542973,-0.4164030475790286,0.9798168112492035,1.081905431819191,-1.7580755001063062,-1.6306292408819834,0.04388496689419592,1.5524117284689836,-0.11647529445320678,-0.7881538179048341,-0.668617921055841,2.0052424729513594,-0.4269939772562403,-0.40302253670626786,4.0,train
-1.1252512973154087,0.47562274191557835,0.9798168112492035,1.081905431819191,0.26490100016639395,-0.7227523106070013,-1.729747603569115,1.5524117284689836,1.6804379175547333,-0.7881538179048341,-0.668617921055841,2.0052424729513594,-0.4269939772562403,2.0300163096909607,0.0,train
1.1873960378837112,-1.3084288370736354,-1.0205989410664063,-0.8596378055824154,-0.7465872499699562,-1.7219731675259875,-1.2567789181122322,1.5524117284689836,0.7819813115507633,-0.7881538179048341,1.4956224900775326,-0.4986928082209321,-0.4269939772562403,1.1611231761599974,2.0,train
-0.7276740161382301,0.47562274191557835,0.9798168112492035,0.11113381311838781,1.276389250302744,1.6208172956332092,1.6992753659932862,-0.6441590086324702,0.7819813115507633,1.2687878651128297,-0.668617921055841,-0.4986928082209321,-0.4269939772562403,-0.9409194358453847,4.0,train
1.7102174442668876,1.3676485314101854,0.9798168112492035,1.081905431819191,-0.7465872499699562,-1.2043518622093237,1.2263066805364033,-0.6441590086324702,-1.0149319004571768,-0.7881538179048341,1.4956224900775326,-0.4986928082209321,2.3419534074596497,-1.4387563262527991,4.0,train
-0.14368687418933393,-0.4164030475790286,0.9798168112492035,-0.8596378055824154,0.26490100016639395,0.3719068230940553,0.6350958237152996,1.5524117284689836,0.7819813115507633,-0.7881538179048341,-0.668617921055841,-0.4986928082209321,-0.4269939772562403,-0.1425205463266209,4.0,train
-0.5601964068511401,0.47562274191557835,-1.0205989410664063,1.081905431819191,0.26490100016639395,-0.1105073457975531,1.1080645091721826,-0.6441590086324702,-1.0149319004571768,-0.7881538179048341,-0.668617921055841,2.0052424729513594,-0.4269939772562403,-1.1611653356838825,4.0,train
-1.4136040506966594,-0.4164030475790286,-1.0205989410664063,-0.8596378055824154,0.26490100016639395,0.7334458040039362,-0.19259937583424555,-0.6441590086324702,-1.0149319004571768,-0.7881538179048341,-0.668617921055841,2.0052424729513594,-0.4269939772562403,-0.09840755779786056,4.0,train
-0.5689343690748144,1.3676485314101854,-1.0205989410664063,1.081905431819191,0.26490100016639395,-0.9718888049995998,-1.1385367467480114,-0.6441590086324702,-1.9133885064611469,-0.7881538179048341,-0.668617921055841,-0.4986928082209321,-0.4269939772562403,0.2446873213915942,3.0,train
-1.678655571481445,1.3676485314101854,0.9798168112492035,-0.8596378055824154,-0.7465872499699562,1.5215239686775,-0.6655680612911284,-0.6441590086324702,-0.11647529445320678,-0.7881538179048341,1.4956224900775326,-0.4986928082209321,-0.4269939772562403,1.0745299941230553,2.0,train
0.6470987070531864,1.3676485314101854,-1.0205989410664063,-0.8596378055824154,0.26490100016639395,0.3621156601576241,1.5810331946290654,-0.6441590086324702,0.7819813115507633,-0.7881538179048341,-0.668617921055841,2.0052424729513594,2.3419534074596497,-1.1901154541746606,4.0,train
0.5014660033252821,0.47562274191557835,-1.0205989410664063,0.11113381311838781,-1.7580755001063062,0.14610685682961067,0.04388496689419592,1.5524117284689836,-0.11647529445320678,-0.7881538179048341,-0.668617921055841,-0.4986928082209321,2.3419534074596497,0.15745518098634625,3.0,train
1.5077879860851007,-1.3084288370736354,-1.0205989410664063,0.11113381311838781,1.276389250302744,0.17941994334422545,1.4627910232648447,1.5524117284689836,-1.0149319004571768,1.2687878651128297,-0.668617921055841,-0.4986928082209321,-0.4269939772562403,-1.2216968445244594,4.0,train
0.23932713661505436,-0.4164030475790286,-1.0205989410664063,-0.8596378055824154,0.26490100016639395,-1.2376976425722674,-0.90205240401957,1.5524117284689836,-0.11647529445320678,-0.7881538179048341,-0.668617921055841,-0.4986928082209321,-0.4269939772562403,0.7443504874208827,2.0,train
-0.07815215751177698,1.3676485314101854,0.9798168112492035,-0.8596378055824154,0.26490100016639395,1.3277784953681693,1.6992753659932862,-0.6441590086324702,-0.11647529445320678,1.2687878651128297,-0.668617921055841,2.0052424729513594,-0.4269939772562403,-1.1442925984231143,4.0,train
0.7912750837438116,0.47562274191557835,-1.0205989410664063,-0.8596378055824154,-0.7465872499699562,-0.005143085395678898,0.16212713825841665,-0.6441590086324702,-0.11647529445320678,1.2687878651128297,1.4956224900775326,-0.4986928082209321,-0.4269939772562403,-0.09275567150540225,4.0,train
-0.756800556883811,1.3676485314101854,0.9798168112492035,-0.8596378055824154,1.276389250302744,1.087750049699623,1.3445488519006241,-0.6441590086324702,0.7819813115507633,1.2687878651128297,-0.668617921055841,-0.4986928082209321,-0.4269939772562403,-1.0994584707537143,4.0,train
0.4111737270139814,-0.4164030475790286,0.9798168112492035,-0.8596378055824154,-0.7465872499699562,-0.4013563694994607,0.04388496689419592,1.5524117284689836,0.7819813115507633,1.2687878651128297,-0.668617921055841,-0.4986928082209321,-0.4269939772562403,0.2832263386257917,3.0,train
-1.4791387673742162,-1.3084288370736354,-1.0205989410664063,-0.8596378055824154,0.26490100016639395,1.7799313771966667,-1.1385367467480114,1.5524117284689836,0.7819813115507633,-0.7881538179048341,-0.668617921055841,-0.4986928082209321,-0.4269939772562403,1.3965300527686428,1.0,train
1.3912818231027773,0.47562274191557835,0.9798168112492035,-0.8596378055824154,0.26490100016639395,-0.9824923002852897,1.6992753659932862,-0.6441590086324702,1.6804379175547333,-0.7881538179048341,-0.668617921055841,2.0052424729513594,-0.4269939772562403,-1.500050960607377,4.0,train
-0.6635956264979522,0.47562274191557835,0.9798168112492035,2.052677050519994,0.26490100016639395,0.6977744454711157,-0.7838102326553492,1.5524117284689836,0.7819813115507633,-0.7881538179048341,-0.668617921055841,-0.4986928082209321,-0.4269939772562403,1.0216536921390533,2.0,train
1.6140998598064709,-1.3084288370736354,-1.0205989410664063,0.11113381311838781,-0.7465872499699562,-1.3230677084204367,-0.7838102326553492,-0.6441590086324702,1.6804379175547333,1.2687878651128297,-0.668617921055841,-0.4986928082209321,-0.4269939772562403,0.26291390622723665,3.0,train
-1.6815682255560032,0.47562274191557835,-1.0205989410664063,-0.8596378055824154,-0.7465872499699562,0.8190914737643683,-0.90205240401957,-0.6441590086324702,-0.11647529445320678,-0.7881538179048341,-0.668617921055841,-0.4986928082209321,-0.4269939772562403,0.7887263983909699,2.0,train
-0.8383548709714373,1.3676485314101854,-1.0205989410664063,-0.8596378055824154,-0.7465872499699562,1.608989666377746,0.04388496689419592,-0.6441590086324702,-1.0149319004571768,1.2687878651128297,1.4956224900775326,-0.4986928082209321,-0.4269939772562403,0.2537481955901148,3.0,train
-1.1019500647189442,0.47562274191557835,0.9798168112492035,0.11113381311838781,-0.7465872499699562,-0.12776637125437262,-1.2567789181122322,-0.6441590086324702,-0.11647529445320678,1.2687878651128297,-0.668617921055841,2.0052424729513594,-0.4269939772562403,0.8471927052287743,2.0,train
1.0738025289759459,0.47562274191557835,-1.0205989410664063,2.052677050519994,0.26490100016639395,0.8286962143682997,1.6992753659932862,-0.6441590086324702,0.7819813115507633,-0.7881538179048341,-0.668617921055841,-0.4986928082209321,-0.4269939772562403,-1.5311153737784489,4.0,train
0.15194751437831178,0.47562274191557835,-1.0205989410664063,1.081905431819191,-0.7465872499699562,-1.4192153995680603,-1.6115054322048943,1.5524117284689836,-0.11647529445320678,-0.7881538179048341,-0.668617921055841,-0.4986928082209321,-0.4269939772562403,1.1922196893827601,2.0,train
0.5102039655489563,1.3676485314101854,-1.0205989410664063,-0.8596378055824154,-1.7580755001063062,-0.9396759009945278,-1.4932632608406737,1.5524117284689836,-0.11647529445320678,-0.7881538179048341,-0.668617921055841,2.0052424729513594,2.3419534074596497,1.588676342793581,1.0,train
-1.0218520776685969,-1.3084288370736354,0.9798168112492035,0.11113381311838781,1.276389250302744,1.0149027196975864,-0.429083718562687,-0.6441590086324702,-1.0149319004571768,1.2687878651128297,-0.668617921055841,-0.4986928082209321,-0.4269939772562403,0.28764502795451896,3.0,train
1.4728361371904037,1.3676485314101854,-1.0205989410664063,-0.8596378055824154,-0.7465872499699562,-0.3854445748492829,0.2803693096226374,1.5524117284689836,0.7819813115507633,-0.7881538179048341,-0.668617921055841,-0.4986928082209321,-0.4269939772562403,-0.24400796265262908,1.0,train
-0.8733067198661344,-1.3084288370736354,-1.0205989410664063,1.081905431819191,-0.7465872499699562,-0.8369975798759826,-1.1385367467480114,-0.6441590086324702,1.6804379175547333,-0.7881538179048341,-0.668617921055841,2.0052424729513594,2.3419534074596497,0.9103557970164877,2.0,train
-0.16698810678579862,-1.3084288370736354,0.9798168112492035,0.11113381311838781,0.26490100016639395,1.76606558014352,0.7533379950795204,-0.6441590086324702,0.7819813115507633,-0.7881538179048341,1.4956224900775326,-0.4986928082209321,-0.4269939772562403,-0.3622486305868139,4.0,train
-1.6204024899902834,1.3676485314101854,-1.0205989410664063,1.081905431819191,-0.7465872499699562,-0.14173259389833695,0.16212713825841665,-0.6441590086324702,-1.0149319004571768,-0.7881538179048341,1.4956224900775326,-0.4986928082209321,-0.4269939772562403,-0.47009923513921265,4.0,train
1.008267812298389,0.47562274191557835,0.9798168112492035,-0.8596378055824154,-0.7465872499699562,0.07125519926302615,-0.7838102326553492,-0.6441590086324702,1.6804379175547333,-0.7881538179048341,-0.668617921055841,-0.4986928082209321,2.3419534074596497,0.6532653924815055,2.0,train
0.2669973503233562,-0.4164030475790286,0.9798168112492035,2.052677050519994,-0.7465872499699562,0.6941076282749608,-1.375021089476453,1.5524117284689836,-0.11647529445320678,-0.7881538179048341,1.4956224900775326,-0.4986928082209321,2.3419534074596497,1.6109135463011472,1.0,train
0.5859329714874666,1.3676485314101854,0.9798168112492035,-0.8596378055824154,-1.7580755001063062,1.6476732347334695,-1.729747603569115,-0.6441590086324702,-1.0149319004571768,1.2687878651128297,-0.668617921055841,2.0052424729513594,-0.4269939772562403,1.7134272256482033,1.0,train
1.5296328916442863,-1.3084288370736354,0.9798168112492035,1.081905431819191,0.26490100016639395,0.35079482287526637,1.6992753659932862,-0.6441590086324702,0.7819813115507633,1.2687878651128297,1.4956224900775326,2.0052424729513594,-0.4269939772562403,-1.0547299428071384,4.0,train
-1.5577804273872846,-0.4164030475790286,0.9798168112492035,0.11113381311838781,1.276389250302744,-0.7453979102790714,-1.6115054322048943,-0.6441590086324702,0.7819813115507633,1.2687878651128297,-0.668617921055841,-0.4986928082209321,-0.4269939772562403,1.7746310625862929,0.0,train
-0.1058223712200788,0.47562274191557835,-1.0205989410664063,2.052677050519994,0.26490100016639395,1.2238271741663154,0.3986114809868581,1.5524117284689836,0.7819813115507633,-0.7881538179048341,1.4956224900775326,-0.4986928082209321,-0.4269939772562403,0.557616670040523,3.0,train
1.6767219224094696,-0.4164030475790286,0.9798168112492035,0.11113381311838781,0.26490100016639395,0.6663484511887575,-1.2567789181122322,-0.6441590086324702,0.7819813115507633,-0.7881538179048341,-0.668617921055841,2.0052424729513594,-0.4269939772562403,1.1872426042624062,4.0,train
1.344679357909848,1.3676485314101854,0.9798168112492035,-0.8596378055824154,0.26490100016639395,1.4859353915685234,-0.3108415471984663,-0.6441590086324702,-1.9133885064611469,-0.7881538179048341,1.4956224900775326,-0.4986928082209321,-0.4269939772562403,-0.1236532849547057,4.0,train
-1.3771958747646833,-0.4164030475790286,-1.0205989410664063,1.081905431819191,-0.7465872499699562,-1.364388598516244,0.3986114809868581,-0.6441590086324702,0.7819813115507633,-0.7881538179048341,1.4956224900775326,-0.4986928082209321,-0.4269939772562403,-0.7184908441965111,4.0,train
-1.2956415606770568,1.3676485314101854,0.9798168112492035,1.081905431819191,-1.7580755001063062,-0.15956291790377558,-0.19259937583424555,-0.6441590086324702,1.6804379175547333,-0.7881538179048341,-0.668617921055841,-0.4986928082209321,-0.4269939772562403,0.20216178622559527,3.0,train
1.6257504761047032,0.47562274191557835,-1.0205989410664063,-0.8596378055824154,1.276389250302744,-1.3675665702903586,1.5810331946290654,-0.6441590086324702,1.6804379175547333,1.2687878651128297,-0.668617921055841,-0.4986928082209321,2.3419534074596497,-1.3250442493973609,3.0,train
0.5553501037046067,-0.4164030475790286,0.9798168112492035,-0.8596378055824154,0.26490100016639395,-1.1049940636777897,1.1080645091721826,-0.6441590086324702,-0.11647529445320678,-0.7881538179048341,-0.668617921055841,2.0052424729513594,-0.4269939772562403,-1.2177017337499618,4.0,train
1.1859397108464322,0.47562274191557835,0.9798168112492035,-0.8596378055824154,0.26490100016639395,0.8680483082342991,-0.0743572044700248,-0.6441590086324702,1.6804379175547333,-0.7881538179048341,-0.668617921055841,2.0052424729513594,-0.4269939772562403,0.6489405110912663,3.0,train
0.5742823551892342,1.3676485314101854,0.9798168112492035,-0.8596378055824154,-0.7465872499699562,1.0937986537633957,-0.90205240401957,-0.6441590086324702,-1.0149319004571768,-0.7881538179048341,1.4956224900775326,-0.4986928082209321,-0.4269939772562403,1.2059049616707862,1.0,train
1.651964362775726,1.3676485314101854,0.9798168112492035,-0.8596378055824154,0.26490100016639395,-1.407404009041646,0.6350958237152996,1.5524117284689836,-1.0149319004571768,-0.7881538179048341,1.4956224900775326,-0.4986928082209321,2.3419534074596497,-0.3696228660931655,2.0,train
1.1742890945481999,-0.4164030475790286,0.9798168112492035,2.052677050519994,1.276389250302744,0.2801367629811008,0.7533379950795204,-0.6441590086324702,-0.11647529445320678,-0.7881538179048341,-0.668617921055841,-0.4986928082209321,-0.4269939772562403,-1.1339249787736772,4.0,train
1.0694335478641088,1.3676485314101854,0.9798168112492035,0.11113381311838781,1.276389250302744,-1.2076163401835454,1.4627910232648447,-0.6441590086324702,-0.11647529445320678,-0.7881538179048341,-0.668617921055841,2.0052424729513594,-0.4269939772562403,-1.7457394786860987,4.0,train
-1.4470995725540774,0.47562274191557835,-1.0205989410664063,-0.8596378055824154,0.26490100016639395,0.37145968782286864,-1.1385367467480114,-0.6441590086324702,0.7819813115507633,-0.7881538179048341,1.4956224900775326,-0.4986928082209321,2.3419534074596497,1.1603500414277121,2.0,train
0.6500113611277445,-1.3084288370736354,-1.0205989410664063,-0.8596378055824154,1.276389250302744,0.3296558166987654,0.7533379950795204,-0.6441590086324702,0.7819813115507633,1.2687878651128297,1.4956224900775326,-0.4986928082209321,2.3419534074596497,-0.3695007219793832,4.0,train
-0.03883132750524283,0.47562274191557835,0.9798168112492035,1.081905431819191,0.26490100016639395,0.9552166746363566,-1.375021089476453,-0.6441590086324702,-1.0149319004571768,-0.7881538179048341,-0.668617921055841,-0.4986928082209321,-0.4269939772562403,0.7905588496183726,2.0,train
-1.4092350695848221,-1.3084288370736354,-1.0205989410664063,1.081905431819191,0.26490100016639395,-0.42927517544250693,-0.3108415471984663,1.5524117284689836,-1.9133885064611469,-0.7881538179048341,-0.668617921055841,-0.4986928082209321,-0.4269939772562403,-0.4887857739655376,4.0,train
0.5233109088844677,-1.3084288370736354,-1.0205989410664063,0.11113381311838781,-0.7465872499699562,0.9208927053272105,-1.2567789181122322,-0.6441590086324702,0.7819813115507633,-0.7881538179048341,-0.668617921055841,-0.4986928082209321,2.3419534074596497,1.127744872052089,2.0,train
1.5674973946135415,-1.3084288370736354,-1.0205989410664063,1.081905431819191,1.276389250302744,-0.5729864444643414,-1.6115054322048943,-0.6441590086324702,-0.11647529445320678,1.2687878651128297,1.4956224900775326,-0.4986928082209321,-0.4269939772562403,1.7176886538261313,4.0,train
-1.399040780323869,1.3676485314101854,0.9798168112492035,0.11113381311838781,1.276389250302744,-0.13387900865056268,-1.4932632608406737,-0.6441590086324702,-1.9133885064611469,-0.7881538179048341,1.4956224900775326,-0.4986928082209321,-0.4269939772562403,0.6658668899456895,2.0,train
-0.35922327570663226,-1.3084288370736354,0.9798168112492035,0.11113381311838781,0.26490100016639395,-1.7212972061504372,0.3986114809868581,1.5524117284689836,-1.0149319004571768,-0.7881538179048341,-0.668617921055841,-0.4986928082209321,-0.4269939772562403,-0.7543437634953142,4.0,train
1.4611855208921714,-1.3084288370736354,-1.0205989410664063,-0.8596378055824154,1.276389250302744,-0.8450159754478048,-1.0202945753837906,-0.6441590086324702,-1.0149319004571768,1.2687878651128297,-0.668617921055841,-0.4986928082209321,-0.4269939772562403,0.7134617351701719,4.0,train
0.14757853326647466,-1.3084288370736354,0.9798168112492035,-0.8596378055824154,2.2878775004390945,-1.1137754038667602,-1.6115054322048943,-0.6441590086324702,-0.11647529445320678,-0.7881538179048341,1.4956224900775326,-0.4986928082209321,-0.4269939772562403,1.4175131405028267,1.0,train
1.579148010911774,-0.4164030475790286,-1.0205989410664063,1.081905431819191,-0.7465872499699562,-0.3703093886238534,-1.4932632608406737,1.5524117284689836,-1.0149319004571768,1.2687878651128297,-0.668617921055841,2.0052424729513594,-0.4269939772562403,1.4424596609224416,1.0,train
0.5364178522199791,0.47562274191557835,-1.0205989410664063,2.052677050519994,0.26490100016639395,0.40898377630762833,-1.6115054322048943,-0.6441590086324702,-0.11647529445320678,-0.7881538179048341,-0.668617921055841,-0.4986928082209321,-0.4269939772562403,1.1097403640836752,2.0,train
0.9150628819125303,-1.3084288370736354,0.9798168112492035,-0.8596378055824154,1.276389250302744,1.5262297339727837,-1.1385367467480114,-0.6441590086324702,0.7819813115507633,-0.7881538179048341,-0.668617921055841,2.0052424729513594,2.3419534074596497,1.0436541284672842,2.0,train
0.9456457496953902,0.47562274191557835,-1.0205989410664063,1.081905431819191,0.26490100016639395,1.3767762313876262,-1.1385367467480114,-0.6441590086324702,-1.9133885064611469,-0.7881538179048341,-0.668617921055841,-0.4986928082209321,-0.4269939772562403,0.35896853159227265,3.0,train
1.5660410675762624,-1.3084288370736354,-1.0205989410664063,1.081905431819191,-0.7465872499699562,0.8239298187469417,1.2263066805364033,1.5524117284689836,0.7819813115507633,-0.7881538179048341,-0.668617921055841,-0.4986928082209321,-0.4269939772562403,-0.6445362694107881,4.0,train
1.2616687167849425,0.47562274191557835,-1.0205989410664063,1.081905431819191,0.26490100016639395,0.04223649835087363,1.5810331946290654,1.5524117284689836,1.6804379175547333,-0.7881538179048341,-0.668617921055841,-0.4986928082209321,-0.4269939772562403,-1.2659297030352181,4.0,train
-0.1567938175248453,1.3676485314101854,0.9798168112492035,-0.8596378055824154,0.26490100016639395,1.182395421823909,0.5168536523510788,-0.6441590086324702,-1.9133885064611469,-0.7881538179048341,-0.668617921055841,-0.4986928082209321,-0.4269939772562403,-1.3499902238304304,4.0,train
0.07184952732796443,1.3676485314101854,-1.0205989410664063,-0.8596378055824154,-0.7465872499699562,-0.8202896206386038,-0.7838102326553492,-0.6441590086324702,-1.9133885064611469,-0.7881538179048341,1.4956224900775326,-0.4986928082209321,-0.4269939772562403,0.09832180045816431,4.0,train
-1.6611796470340967,1.3676485314101854,-1.0205989410664063,-0.8596378055824154,-0.7465872499699562,-0.1491505851454221,1.2263066805364033,-0.6441590086324702,-0.11647529445320678,-0.7881538179048341,1.4956224900775326,-0.4986928082209321,-0.4269939772562403,-1.185908027775303,4.0,train
0.3325320670009131,1.3676485314101854,-1.0205989410664063,-0.8596378055824154,0.26490100016639395,-0.23459606418186724,0.16212713825841665,-0.6441590086324702,1.6804379175547333,1.2687878651128297,-0.668617921055841,2.0052424729513594,-0.4269939772562403,-0.12154647559126852,4.0,train
1.2878826034559652,-1.3084288370736354,-1.0205989410664063,-0.8596378055824154,0.26490100016639395,-0.8609900004013873,0.7533379950795204,-0.6441590086324702,-0.11647529445320678,-0.7881538179048341,1.4956224900775326,-0.4986928082209321,-0.4269939772562403,-0.40125200299442604,4.0,train
0.3165124695908436,1.3676485314101854,0.9798168112492035,2.052677050519994,1.276389250302744,0.6628011629297292,-0.5473258899269078,-0.6441590086324702,0.7819813115507633,-0.7881538179048341,1.4956224900775326,-0.4986928082209321,-0.4269939772562403,0.8093856696666786,2.0,train
0.9995298500747147,-1.3084288370736354,-1.0205989410664063,0.11113381311838781,-0.7465872499699562,-0.9395209614203914,-1.4932632608406737,-0.6441590086324702,-0.11647529445320678,1.2687878651128297,1.4956224900775326,-0.4986928082209321,2.3419534074596497,1.487888750993655,1.0,train
1.720411733527841,1.3676485314101854,-1.0205989410664063,-0.8596378055824154,0.26490100016639395,0.5445805126534483,-0.7838102326553492,1.5524117284689836,-1.9133885064611469,1.2687878651128297,1.4956224900775326,-0.4986928082209321,-0.4269939772562403,0.8182281715040668,2.0,train
-0.5980609098203953,-1.3084288370736354,-1.0205989410664063,1.081905431819191,2.2878775004390945,-0.6023593374938544,1.4627910232648447,-0.6441590086324702,0.7819813115507633,-0.7881538179048341,-0.668617921055841,2.0052424729513594,-0.4269939772562403,-1.306499692607401,4.0,train
-1.1034063917562231,0.47562274191557835,0.9798168112492035,-0.8596378055824154,-0.7465872499699562,-0.8500263717051771,1.1080645091721826,-0.6441590086324702,-0.11647529445320678,-0.7881538179048341,1.4956224900775326,-0.4986928082209321,-0.4269939772562403,-1.0480151790160266,4.0,train
-1.566518389610959,1.3676485314101854,0.9798168112492035,-0.8596378055824154,1.276389250302744,-1.1585138340892842,-0.3108415471984663,1.5524117284689836,-1.0149319004571768,1.2687878651128297,1.4956224900775326,-0.4986928082209321,-0.4269939772562403,0.3008803728262438,3.0,train
-0.589322947596721,1.3676485314101854,0.9798168112492035,-0.8596378055824154,-0.7465872499699562,-1.6055351579248502,0.04388496689419592,-0.6441590086324702,1.6804379175547333,-0.7881538179048341,-0.668617921055841,-0.4986928082209321,-0.4269939772562403,-0.5516252534112833,4.0,train
-0.037375000467963784,1.3676485314101854,0.9798168112492035,-0.8596378055824154,-1.7580755001063062,1.1620733543442645,1.1080645091721826,-0.6441590086324702,0.7819813115507633,1.2687878651128297,1.4956224900775326,-0.4986928082209321,-0.4269939772562403,-0.46462633855143004,4.0,train
-0.06067623306442847,1.3676485314101854,-1.0205989410664063,-0.8596378055824154,-0.7465872499699562,0.924573867529762,-1.6115054322048943,-0.6441590086324702,0.7819813115507633,-0.7881538179048341,-0.668617921055841,2.0052424729513594,-0.4269939772562403,1.3135653492436015,1.0,train
0.4781647707288174,-1.3084288370736354,0.9798168112492035,1.081905431819191,0.26490100016639395,1.5771563768585337,-0.429083718562687,-0.6441590086324702,-0.11647529445320678,-0.7881538179048341,1.4956224900775326,-0.4986928082209321,2.3419534074596497,0.43852422491854826,3.0,train
-0.18009505012131,-0.4164030475790286,0.9798168112492035,-0.8596378055824154,-0.7465872499699562,1.5249068448248064,1.6992753659932862,1.5524117284689836,0.7819813115507633,-0.7881538179048341,-0.668617921055841,-0.4986928082209321,-0.4269939772562403,-1.0663282460219228,4.0,train
-1.6873935337051194,-1.3084288370736354,-1.0205989410664063,1.081905431819191,-0.7465872499699562,0.08808309635448364,0.7533379950795204,1.5524117284689836,-1.0149319004571768,-0.7881538179048341,1.4956224900775326,-0.4986928082209321,-0.4269939772562403,-0.8987711764660788,4.0,train
0.08495647066347581,-1.3084288370736354,0.9798168112492035,-0.8596378055824154,-0.7465872499699562,-1.0142880762333089,0.6350958237152996,-0.6441590086324702,-0.11647529445320678,1.2687878651128297,-0.668617921055841,-0.4986928082209321,-0.4269939772562403,-0.40879439615071855,4.0,train
1.2791446412322909,0.47562274191557835,0.9798168112492035,-0.8596378055824154,1.276389250302744,-1.571633109943133,1.3445488519006241,-0.6441590086324702,-0.11647529445320678,1.2687878651128297,-0.668617921055841,-0.4986928082209321,2.3419534074596497,-1.3698763455362952,4.0,train
0.807294681153881,1.3676485314101854,0.9798168112492035,-0.8596378055824154,-1.7580755001063062,0.38852792539579123,-0.6655680612911284,-0.6441590086324702,0.7819813115507633,1.2687878651128297,-0.668617921055841,-0.4986928082209321,-0.4269939772562403,0.8369586029598942,2.0,train
-1.1441835488000365,0.47562274191557835,0.9798168112492035,2.052677050519994,-0.7465872499699562,-0.23784863825052602,-0.7838102326553492,-0.6441590086324702,0.7819813115507633,-0.7881538179048341,1.4956224900775326,-0.4986928082209321,-0.4269939772562403,0.5747087565648907,3.0,train
1.3388540497607317,-0.4164030475790286,0.9798168112492035,-0.8596378055824154,0.26490100016639395,0.22934445424385905,-1.6115054322048943,-0.6441590086324702,-1.9133885064611469,-0.7881538179048341,-0.668617921055841,-0.4986928082209321,-0.4269939772562403,0.967998165577177,2.0,train
-0.6941784942808121,1.3676485314101854,-1.0205989410664063,-0.8596378055824154,0.26490100016639395,1.2957846211794408,1.4627910232648447,1.5524117284689836,-1.9133885064611469,1.2687878651128297,-0.668617921055841,-0.4986928082209321,2.3419534074596497,-1.4198834016283763,4.0,train
1.4932247157123102,0.47562274191557835,-1.0205989410664063,-0.8596378055824154,-0.7465872499699562,-0.08453582597327408,0.5168536523510788,1.5524117284689836,1.6804379175547333,-0.7881538179048341,1.4956224900775326,2.0052424729513594,2.3419534074596497,0.1030180792071837,1.0,train
0.5203982548099096,1.3676485314101854,0.9798168112492035,-0.8596378055824154,-0.7465872499699562,-0.71197766336425,-0.429083718562687,1.5524117284689836,1.6804379175547333,1.2687878651128297,-0.668617921055841,-0.4986928082209321,-0.4269939772562403,0.447521099213297,3.0,train
-0.041743981579800915,-0.4164030475790286,0.9798168112492035,-0.8596378055824154,-0.7465872499699562,-0.05896258366089991,0.3986114809868581,-0.6441590086324702,0.7819813115507633,1.2687878651128297,-0.668617921055841,-0.4986928082209321,2.3419534074596497,-0.5415588545660986,4.0,test
0.9369077874717159,-1.3084288370736354,-1.0205989410664063,0.11113381311838781,0.26490100016639395,-1.45816295691904,0.3986114809868581,1.5524117284689836,0.7819813115507633,1.2687878651128297,1.4956224900775326,-0.4986928082209321,-0.4269939772562403,-0.14508972862779707,4.0,test
1.349048339021685,0.47562274191557835,-1.0205989410664063,0.11113381311838781,-0.7465872499699562,1.6323671121635042,1.4627910232648447,1.5524117284689836,0.7819813115507633,1.2687878651128297,-0.668617921055841,-0.4986928082209321,-0.4269939772562403,-0.4446489995103554,4.0,test
0.38495984034295866,-1.3084288370736354,-1.0205989410664063,0.11113381311838781,0.26490100016639395,1.1236776484486815,1.6992753659932862,1.5524117284689836,-1.9133885064611469,-0.7881538179048341,1.4956224900775326,2.0052424729513594,-0.4269939772562403,-1.3168165684215947,4.0,test
-1.2286505169622208,-1.3084288370736354,-1.0205989410664063,0.11113381311838781,0.26490100016639395,0.5551924037299921,-1.6115054322048943,-0.6441590086324702,-0.11647529445320678,-0.7881538179048341,1.4956224900775326,-0.4986928082209321,-0.4269939772562403,1.0818761343044616,2.0,test
0.16796711178838125,-0.4164030475790286,0.9798168112492035,1.081905431819191,0.26490100016639395,0.10501684141347646,-0.3108415471984663,-0.6441590086324702,0.7819813115507633,-0.7881538179048341,-0.668617921055841,-0.4986928082209321,-0.4269939772562403,0.3590738418881916,3.0,test
0.41263005405126046,1.3676485314101854,-1.0205989410664063,-0.8596378055824154,2.2878775004390945,-0.12597472978921906,-1.375021089476453,-0.6441590086324702,-0.11647529445320678,-0.7881538179048341,1.4956224900775326,-0.4986928082209321,-0.4269939772562403,0.9217662409254033,2.0,test
1.5966239353591223,0.47562274191557835,0.9798168112492035,1.081905431819191,0.26490100016639395,0.09895128273375169,-0.19259937583424555,1.5524117284689836,-1.0149319004571768,1.2687878651128297,1.4956224900775326,-0.4986928082209321,2.3419534074596497,0.4490763545307365,4.0,test
0.46214517331874794,-1.3084288370736354,0.9798168112492035,-0.8596378055824154,-1.7580755001063062,-1.0534849867121199,-0.19259937583424555,-0.6441590086324702,-0.11647529445320678,-0.7881538179048341,-0.668617921055841,-0.4986928082209321,-0.4269939772562403,-0.09326158558771905,4.0,test
-1.0888431213834326,0.47562274191557835,-1.0205989410664063,-0.8596378055824154,0.26490100016639395,0.103447586107241,0.2803693096226374,1.5524117284689836,0.7819813115507633,1.2687878651128297,-0.668617921055841,-0.4986928082209321,-0.4269939772562403,0.3017867667429156,3.0,test
0.734478329289929,-1.3084288370736354,-1.0205989410664063,-0.8596378055824154,-0.7465872499699562,-1.3847830776264496,-1.4932632608406737,-0.6441590086324702,-1.0149319004571768,1.2687878651128297,-0.668617921055841,-0.4986928082209321,-0.4269939772562403,1.0773329473319193,2.0,test
-1.4922457107097276,-1.3084288370736354,-1.0205989410664063,-0.8596378055824154,0.26490100016639395,-0.04820037321552124,1.2263066805364033,-0.6441590086324702,-0.11647529445320678,1.2687878651128297,-0.668617921055841,-0.4986928082209321,2.3419534074596497,-1.1685525676299633,4.0,test
0.5218545818471887,1.3676485314101854,-1.0205989410664063,0.11113381311838781,0.26490100016639395,-1.096043906737399,0.871580166443741,-0.6441590086324702,1.6804379175547333,-0.7881538179048341,-0.668617921055841,-0.4986928082209321,-0.4269939772562403,-1.0417839572777439,4.0,test
-0.1873766853077052,0.47562274191557835,0.9798168112492035,0.11113381311838781,2.2878775004390945,-0.25811820360129156,-0.7838102326553492,-0.6441590086324702,-1.0149319004571768,-0.7881538179048341,-0.668617921055841,-0.4986928082209321,-0.4269939772562403,0.29262382065490977,3.0,test
-0.4757294386889557,-0.4164030475790286,0.9798168112492035,0.11113381311838781,-0.7465872499699562,-1.3639161669643525,-0.429083718562687,-0.6441590086324702,-0.11647529445320678,-0.7881538179048341,-0.668617921055841,-0.4986928082209321,-0.4269939772562403,-0.3031419929552704,4.0,test
-1.570887370722796,-0.4164030475790286,0.9798168112492035,1.081905431819191,0.26490100016639395,0.03001159661175159,0.16212713825841665,-0.6441590086324702,1.6804379175547333,-0.7881538179048341,-0.668617921055841,-0.4986928082209321,-0.4269939772562403,-0.0842075174730445,4.0,test
1.5587594323898672,1.3676485314101854,-1.0205989410664063,-0.8596378055824154,1.276389250302744,-0.8776297683686228,0.16212713825841665,-0.6441590086324702,0.7819813115507633,-0.7881538179048341,-0.668617921055841,-0.4986928082209321,-0.4269939772562403,-0.4144197317797034,0.0,test
1.3738058986554287,-0.4164030475790286,0.9798168112492035,-0.8596378055824154,0.26490100016639395,-1.3668352622763693,-0.19259937583424555,-0.6441590086324702,-1.0149319004571768,1.2687878651128297,-0.668617921055841,-0.4986928082209321,-0.4269939772562403,-0.12478755545965334,4.0,test
-0.5354388472173964,0.47562274191557835,0.9798168112492035,0.11113381311838781,1.276389250302744,0.2991440334659056,-0.7838102326553492,1.5524117284689836,-1.9133885064611469,-0.7881538179048341,-0.668617921055841,-0.4986928082209321,2.3419534074596497,0.4171571167779184,3.0,test
-0.890782644313483,-0.4164030475790286,0.9798168112492035,1.081905431819191,0.26490100016639395,0.460478527233158,0.871580166443741,-0.6441590086324702,1.6804379175547333,-0.7881538179048341,-0.668617921055841,-0.4986928082209321,-0.4269939772562403,-0.34039069926460364,4.0,test
0.9558400389563435,-0.4164030475790286,0.9798168112492035,-0.8596378055824154,1.276389250302744,1.8228178316242023,-0.7838102326553492,-0.6441590086324702,-1.0149319004571768,-0.7881538179048341,1.4956224900775326,-0.4986928082209321,2.3419534074596497,0.37060873203231565,3.0,test
1.449534904593939,-1.3084288370736354,0.9798168112492035,1.081905431819191,0.26490100016639395,1.1422263419383467,-1.6115054322048943,-0.6441590086324702,-0.11647529445320678,1.2687878651128297,-0.668617921055841,-0.4986928082209321,-0.4269939772562403,1.4364886172532354,1.0,test
-0.4072820679368407,-0.4164030475790286,-1.0205989410664063,-0.8596378055824154,-0.7465872499699562,0.3609803189880034,0.5168536523510788,-0.6441590086324702,-1.0149319004571768,-0.7881538179048341,1.4956224900775326,-0.4986928082209321,-0.4269939772562403,-0.8094966895904927,4.0,test
0.8801110330178332,0.47562274191557835,0.9798168112492035,-0.8596378055824154,0.26490100016639395,-0.5532455847856493,-0.429083718562687,-0.6441590086324702,-1.0149319004571768,-0.7881538179048341,-0.668617921055841,-0.4986928082209321,-0.4269939772562403,-0.38849503195161766,4.0,test
0.23495815550321722,0.47562274191557835,0.9798168112492035,1.081905431819191,-0.7465872499699562,1.0773992688058212,-0.3108415471984663,-0.6441590086324702,1.6804379175547333,1.2687878651128297,1.4956224900775326,-0.4986928082209321,-0.4269939772562403,1.2203671855397256,1.0,test
-0.5325261931428383,-1.3084288370736354,0.9798168112492035,-0.8596378055824154,0.26490100016639395,0.9678478370640458,0.16212713825841665,-0.6441590086324702,-0.11647529445320678,-0.7881538179048341,1.4956224900775326,-0.4986928082209321,-0.4269939772562403,0.02605261156592722,4.0,test
-0.26019303717165737,0.47562274191557835,-1.0205989410664063,-0.8596378055824154,-0.7465872499699562,-0.9851307574598599,0.5168536523510788,-0.6441590086324702,-1.0149319004571768,1.2687878651128297,-0.668617921055841,-0.4986928082209321,-0.4269939772562403,-0.9008460610597328,4.0,test
0.08932545177531294,0.47562274191557835,-1.0205989410664063,2.052677050519994,-0.7465872499699562,1.3443784765233846,1.3445488519006241,1.5524117284689836,0.7819813115507633,1.2687878651128297,-0.668617921055841,-0.4986928082209321,-0.4269939772562403,-0.8466355037400717,4.0,test
1.0869094723114574,-0.4164030475790286,0.9798168112492035,-0.8596378055824154,-0.7465872499699562,1.6122293500227858,-1.1385367467480114,1.5524117284689836,-0.11647529445320678,1.2687878651128297,-0.668617921055841,-0.4986928082209321,-0.4269939772562403,1.3022649814673488,1.0,test
-1.6771992444441661,1.3676485314101854,0.9798168112492035,-0.8596378055824154,-0.7465872499699562,1.6417808124314544,-1.6115054322048943,1.5524117284689836,0.7819813115507633,1.2687878651128297,1.4956224900775326,-0.4986928082209321,-0.4269939772562403,2.2784822848638417,0.0,test
-1.297097887714336,-1.3084288370736354,0.9798168112492035,-0.8596378055824154,-0.7465872499699562,-1.2306040597576566,-0.90205240401957,1.5524117284689836,-1.0149319004571768,-0.7881538179048341,-0.668617921055841,-0.4986928082209321,-0.4269939772562403,0.5370905111986857,3.0,test
0.6325354366803959,0.47562274191557835,0.9798168112492035,0.11113381311838781,-0.7465872499699562,-0.24709581371102984,-1.375021089476453,-0.6441590086324702,-1.0149319004571768,1.2687878651128297,-0.668617921055841,-0.4986928082209321,-0.4269939772562403,0.8572309311059393,2.0,test
-0.4626224953534443,-1.3084288370736354,-1.0205989410664063,-0.8596378055824154,1.276389250302744,1.1272594516991803,-1.729747603569115,-0.6441590086324702,0.7819813115507633,1.2687878651128297,-0.668617921055841,-0.4986928082209321,-0.4269939772562403,1.5953892590080903,1.0,test
0.8495281652349733,1.3676485314101854,-1.0205989410664063,2.052677050519994,0.26490100016639395,-0.5748011148919528,0.9898223378079618,1.5524117284689836,-0.11647529445320678,-0.7881538179048341,1.4956224900775326,-0.4986928082209321,-0.4269939772562403,-0.5944605108938937,4.0,test
-0.10873502529463688,0.47562274191557835,0.9798168112492035,1.081905431819191,0.26490100016639395,0.5692013423516487,0.2803693096226374,-0.6441590086324702,-0.11647529445320678,-0.7881538179048341,1.4956224900775326,-0.4986928082209321,-0.4269939772562403,-0.33141690941294105,4.0,test
-0.49757434424814134,0.47562274191557835,0.9798168112492035,0.11113381311838781,-1.7580755001063062,-0.46530834071310867,-0.6655680612911284,-0.6441590086324702,0.7819813115507633,1.2687878651128297,-0.668617921055841,-0.4986928082209321,-0.4269939772562403,0.3841531611959793,3.0,test
1.6301194572165403,-1.3084288370736354,-1.0205989410664063,-0.8596378055824154,1.276389250302744,-1.5678545387521134,-0.5473258899269078,1.5524117284689836,-0.11647529445320678,-0.7881538179048341,-0.668617921055841,-0.4986928082209321,-0.4269939772562403,0.3719055945217915,0.0,test
-0.2791252886562849,-1.3084288370736354,0.9798168112492035,1.081905431819191,2.2878775004390945,-1.6980244309870793,0.2803693096226374,-0.6441590086324702,-0.11647529445320678,-0.7881538179048341,1.4956224900775326,2.0052424729513594,2.3419534074596497,-0.5087321063494046,4.0,test
1.0577829315658764,1.3676485314101854,-1.0205989410664063,2.052677050519994,1.276389250302744,1.607966276234707,-0.3108415471984663,-0.6441590086324702,-0.11647529445320678,1.2687878651128297,-0.668617921055841,-0.4986928082209321,-0.4269939772562403,0.365670194491687,3.0,test
-0.28349426976812203,0.47562274191557835,0.9798168112492035,-0.8596378055824154,1.276389250302744,0.8753150808285998,0.16212713825841665,1.5524117284689836,0.7819813115507633,-0.7881538179048341,-0.668617921055841,-0.4986928082209321,2.3419534074596497,-0.14212959351617943,4.0,test
-1.6655486281459337,0.47562274191557835,0.9798168112492035,-0.8596378055824154,-0.7465872499699562,1.646589442434488,0.871580166443741,-0.6441590086324702,1.6804379175547333,-0.7881538179048341,-0.668617921055841,2.0052424729513594,-0.4269939772562403,-0.3528947401046672,4.0,test
0.8437028570858571,1.3676485314101854,0.9798168112492035,-0.8596378055824154,2.2878775004390945,1.2080550002879964,0.871580166443741,-0.6441590086324702,-1.0149319004571768,-0.7881538179048341,-0.668617921055841,2.0052424729513594,-0.4269939772562403,-0.7324058845834386,4.0,test
-1.1150570080544555,-1.3084288370736354,-1.0205989410664063,0.11113381311838781,-0.7465872499699562,-1.0540360376963094,-0.3108415471984663,-0.6441590086324702,0.7819813115507633,1.2687878651128297,1.4956224900775326,-0.4986928082209321,-0.4269939772562403,0.13001951291164904,3.0,test
0.8611787815332057,1.3676485314101854,-1.0205989410664063,-0.8596378055824154,-1.7580755001063062,-1.680755471069503,0.871580166443741,-0.6441590086324702,-1.9133885064611469,-0.7881538179048341,-0.668617921055841,-0.4986928082209321,-0.4269939772562403,-1.6735289746617483,4.0,test
0.47962109776609646,0.47562274191557835,0.9798168112492035,-0.8596378055824154,1.276389250302744,1.2232863055847518,-1.4932632608406737,1.5524117284689836,-0.11647529445320678,1.2687878651128297,-0.668617921055841,-0.4986928082209321,-0.4269939772562403,1.5789015474395742,1.0,test
-1.2475827684468483,1.3676485314101854,0.9798168112492035,-0.8596378055824154,0.26490100016639395,1.1955459374301627,1.1080645091721826,-0.6441590086324702,1.6804379175547333,-0.7881538179048341,-0.668617921055841,-0.4986928082209321,2.3419534074596497,-0.7817418729140053,4.0,test
0.8655477626450429,-1.3084288370736354,-1.0205989410664063,0.11113381311838781,-1.7580755001063062,0.3824969948294249,0.16212713825841665,-0.6441590086324702,0.7819813115507633,-0.7881538179048341,-0.668617921055841,-0.4986928082209321,-0.4269939772562403,-0.01652034994440154,4.0,test
-1.741277634084444,0.47562274191557835,0.9798168112492035,-0.8596378055824154,0.26490100016639395,1.8039572181506571,-0.90205240401957,1.5524117284689836,-0.11647529445320678,-0.7881538179048341,-0.668617921055841,2.0052424729513594,-0.4269939772562403,1.118201703128973,2.0,test
-1.4645754970014258,0.47562274191557835,0.9798168112492035,0.11113381311838781,-0.7465872499699562,0.031669066582720215,0.16212713825841665,-0.6441590086324702,-0.11647529445320678,-0.7881538179048341,-0.668617921055841,-0.4986928082209321,2.3419534074596497,-0.4062810222510763,4.0,test
0.804382027079323,0.47562274191557835,0.9798168112492035,-0.8596378055824154,1.276389250302744,-1.162139510669337,1.2263066805364033,1.5524117284689836,0.7819813115507633,-0.7881538179048341,-0.668617921055841,-0.4986928082209321,-0.4269939772562403,-1.053172148269576,4.0,test
1.5602157594271462,1.3676485314101854,0.9798168112492035,1.081905431819191,0.26490100016639395,-0.37135644970661913,-1.729747603569115,1.5524117284689836,0.7819813115507633,-0.7881538179048341,-0.668617921055841,-0.4986928082209321,-0.4269939772562403,1.2390554819124957,4.0,test
-0.5805849853730468,0.47562274191557835,0.9798168112492035,1.081905431819191,-0.7465872499699562,1.4987492321827571,-1.0202945753837906,-0.6441590086324702,-0.11647529445320678,1.2687878651128297,-0.668617921055841,-0.4986928082209321,-0.4269939772562403,1.1430696944358665,2.0,test
1.6053618975827966,0.47562274191557835,-1.0205989410664063,-0.8596378055824154,0.26490100016639395,1.5426397184184832,-0.5473258899269078,-0.6441590086324702,0.7819813115507633,-0.7881538179048341,1.4956224900775326,-0.4986928082209321,2.3419534074596497,0.7137952913229902,0.0,test
0.3689402429328892,1.3676485314101854,-1.0205989410664063,-0.8596378055824154,-0.7465872499699562,0.42720816526826294,-0.0743572044700248,1.5524117284689836,-1.9133885064611469,-0.7881538179048341,1.4956224900775326,-0.4986928082209321,2.3419534074596497,0.1435841031791388,3.0,test
-1.1951549951048028,1.3676485314101854,-1.0205989410664063,-0.8596378055824154,-0.7465872499699562,-0.26814675565549284,-0.7838102326553492,1.5524117284689836,-1.0149319004571768,1.2687878651128297,-0.668617921055841,-0.4986928082209321,-0.4269939772562403,0.32904591122284954,3.0,test
-0.9694243043265512,-1.3084288370736354,-1.0205989410664063,1.081905431819191,0.26490100016639395,0.24833000518154189,-0.7838102326553492,1.5524117284689836,-1.9133885064611469,-0.7881538179048341,1.4956224900775326,-0.4986928082209321,-0.4269939772562403,0.46658913259665746,3.0,test
-1.3611762773546139,-0.4164030475790286,-1.0205989410664063,-0.8596378055824154,0.26490100016639395,-0.913123428930232,0.6350958237152996,1.5524117284689836,-1.0149319004571768,1.2687878651128297,-0.668617921055841,-0.4986928082209321,-0.4269939772562403,-0.68431913944631,4.0,test
-0.5033996523972575,0.47562274191557835,0.9798168112492035,0.11113381311838781,-0.7465872499699562,1.2156033003004065,0.6350958237152996,1.5524117284689836,-0.11647529445320678,1.2687878651128297,-0.668617921055841,-0.4986928082209321,-0.4269939772562403,-0.11622070752844897,4.0,test
-1.471857132187821,-1.3084288370736354,-1.0205989410664063,0.11113381311838781,0.26490100016639395,-0.10842801534429862,1.3445488519006241,1.5524117284689836,0.7819813115507633,1.2687878651128297,-0.668617921055841,-0.4986928082209321,-0.4269939772562403,-1.0844561034857214,4.0,test
0.02087808102319793,-1.3084288370736354,-1.0205989410664063,-0.8596378055824154,-1.7580755001063062,1.7465016615058884,1.5810331946290654,-0.6441590086324702,-0.11647529445320678,-0.7881538179048341,-0.668617921055841,-0.4986928082209321,2.3419534074596497,-0.9894995524299037,4.0,test
-1.272340328080592,1.3676485314101854,0.9798168112492035,-0.8596378055824154,-0.7465872499699562,-0.9653342853040273,1.6992753659932862,1.5524117284689836,0.7819813115507633,1.2687878651128297,1.4956224900775326,-0.4986928082209321,-0.4269939772562403,-1.067099944473382,4.0,test
0.5174856007353515,-1.3084288370736354,0.9798168112492035,-0.8596378055824154,0.26490100016639395,-0.9585983475824547,0.6350958237152996,-0.6441590086324702,0.7819813115507633,-0.7881538179048341,1.4956224900775326,-0.4986928082209321,-0.4269939772562403,-0.7925567346518892,4.0,test
0.6922448452088367,-1.3084288370736354,-1.0205989410664063,-0.8596378055824154,-0.7465872499699562,0.6146233435380838,0.7533379950795204,-0.6441590086324702,-0.11647529445320678,-0.7881538179048341,1.4956224900775326,-0.4986928082209321,-0.4269939772562403,-0.6836598641080716,4.0,test
-0.7669948461447643,0.47562274191557835,0.9798168112492035,-0.8596378055824154,0.26490100016639395,0.4629499849088981,0.6350958237152996,1.5524117284689836,-1.9133885064611469,1.2687878651128297,1.4956224900775326,2.0052424729513594,-0.4269939772562403,-0.09422025062105335,4.0,test
0.28301694773342567,-0.4164030475790286,0.9798168112492035,-0.8596378055824154,0.26490100016639395,1.545644689302704,1.6992753659932862,-0.6441590086324702,1.6804379175547333,-0.7881538179048341,-0.668617921055841,-0.4986928082209321,-0.4269939772562403,-1.0716259917407622,4.0,test
1.483030426451357,-0.4164030475790286,-1.0205989410664063,1.081905431819191,-0.7465872499699562,1.6525788383997582,0.5168536523510788,-0.6441590086324702,0.7819813115507633,-0.7881538179048341,-0.668617921055841,-0.4986928082209321,-0.4269939772562403,-0.43074012243280263,0.0,test
-0.23543547753791363,-1.3084288370736354,0.9798168112492035,0.11113381311838781,1.276389250302744,-1.1034355955488222,-1.6115054322048943,1.5524117284689836,-1.0149319004571768,-0.7881538179048341,-0.668617921055841,-0.4986928082209321,-0.4269939772562403,1.335395255610982,1.0,test
0.7854497755946954,1.3676485314101854,-1.0205989410664063,2.052677050519994,-0.7465872499699562,1.040411453488899,0.871580166443741,-0.6441590086324702,-0.11647529445320678,-0.7881538179048341,-0.668617921055841,-0.4986928082209321,-0.4269939772562403,-0.9524061945891372,4.0,test
1.276231987157733,1.3676485314101854,0.9798168112492035,0.11113381311838781,0.26490100016639395,-1.013226683876377,0.04388496689419592,1.5524117284689836,-0.11647529445320678,-0.7881538179048341,1.4956224900775326,2.0052424729513594,-0.4269939772562403,0.027024848751480656,4.0,test
0.4577761922069108,0.47562274191557835,0.9798168112492035,2.052677050519994,1.276389250302744,-0.5997978275739332,-0.6655680612911284,-0.6441590086324702,-0.11647529445320678,-0.7881538179048341,-0.668617921055841,-0.4986928082209321,2.3419534074596497,0.23662654877183104,3.0,test
1.5937112812845642,-0.4164030475790286,-1.0205989410664063,2.052677050519994,0.26490100016639395,1.569646495692252,-0.429083718562687,-0.6441590086324702,-1.0149319004571768,-0.7881538179048341,-0.668617921055841,-0.4986928082209321,-0.4269939772562403,0.7285737517033832,0.0,test
0.04563564065694166,1.3676485314101854,-1.0205989410664063,-0.8596378055824154,1.276389250302744,0.19216069011584244,-1.2567789181122322,-0.6441590086324702,0.7819813115507633,1.2687878651128297,1.4956224900775326,2.0052424729513594,-0.4269939772562403,1.765010438343801,0.0,test
-1.3189427932735216,-1.3084288370736354,0.9798168112492035,-0.8596378055824154,2.2878775004390945,1.2525924474869272,0.6350958237152996,1.5524117284689836,1.6804379175547333,-0.7881538179048341,1.4956224900775326,2.0052424729513594,-0.4269939772562403,-0.0537713177268495,4.0,test
1.1655511323245256,-0.4164030475790286,-1.0205989410664063,-0.8596378055824154,-0.7465872499699562,-1.608788885939463,0.04388496689419592,1.5524117284689836,1.6804379175547333,1.2687878651128297,-0.668617921055841,-0.4986928082209321,-0.4269939772562403,0.10480985953372629,4.0,test
0.8218579515266715,1.3676485314101854,-1.0205989410664063,1.081905431819191,0.26490100016639395,-1.409239762717952,-0.0743572044700248,-0.6441590086324702,-0.11647529445320678,-0.7881538179048341,-0.668617921055841,-0.4986928082209321,-0.4269939772562403,-0.3573717422003885,4.0,test
0.21165692290675256,1.3676485314101854,-1.0205989410664063,0.11113381311838781,0.26490100016639395,1.5607962624800076,0.5168536523510788,-0.6441590086324702,-1.0149319004571768,-0.7881538179048341,1.4956224900775326,2.0052424729513594,-0.4269939772562403,-0.20807134460556362,4.0,test
-0.9082585687608314,-1.3084288370736354,0.9798168112492035,1.081905431819191,-0.7465872499699562,-0.6460689049170537,-0.90205240401957,-0.6441590086324702,1.6804379175547333,-0.7881538179048341,-0.668617921055841,-0.4986928082209321,-0.4269939772562403,0.6777335243669532,2.0,test
1.105841723796085,-1.3084288370736354,0.9798168112492035,0.11113381311838781,1.276389250302744,0.9308417269238535,-0.6655680612911284,-0.6441590086324702,-1.0149319004571768,-0.7881538179048341,-0.668617921055841,-0.4986928082209321,2.3419534074596497,0.6067527381675252,3.0,test
0.294667564031658,1.3676485314101854,0.9798168112492035,-0.8596378055824154,-0.7465872499699562,1.3395029511352368,0.3986114809868581,-0.6441590086324702,-0.11647529445320678,-0.7881538179048341,1.4956224900775326,-0.4986928082209321,-0.4269939772562403,-0.018961343925723004,4.0,test
1.5179822753460541,1.3676485314101854,-1.0205989410664063,-0.8596378055824154,2.2878775004390945,-0.0588054898950068,-0.6655680612911284,1.5524117284689836,0.7819813115507633,-0.7881538179048341,-0.668617921055841,-0.4986928082209321,-0.4269939772562403,0.7856919745733184,4.0,test
0.8757420519059961,-0.4164030475790286,0.9798168112492035,1.081905431819191,1.276389250302744,-1.4389684392260376,-1.2567789181122322,-0.6441590086324702,-1.0149319004571768,-0.7881538179048341,-0.668617921055841,2.0052424729513594,2.3419534074596497,0.41895388747395357,3.0,test
0.6805942289106044,0.47562274191557835,-1.0205989410664063,-0.8596378055824154,0.26490100016639395,-1.5473690414687253,-1.0202945753837906,1.5524117284689836,-1.0149319004571768,-0.7881538179048341,-0.668617921055841,-0.4986928082209321,-0.4269939772562403,0.7327197688747824,2.0,test
-1.5912759492447026,1.3676485314101854,0.9798168112492035,-0.8596378055824154,0.26490100016639395,0.4326300422251328,0.6350958237152996,1.5524117284689836,-0.11647529445320678,-0.7881538179048341,1.4956224900775326,-0.4986928082209321,-0.4269939772562403,-0.4134712499959054,4.0,test
-0.03154969231884762,-1.3084288370736354,-1.0205989410664063,0.11113381311838781,0.26490100016639395,1.2291693127633663,0.6350958237152996,1.5524117284689836,-0.11647529445320678,-0.7881538179048341,1.4956224900775326,-0.4986928082209321,-0.4269939772562403,-0.22953692648789603,4.0,test
1.1917650189955484,-0.4164030475790286,-1.0205989410664063,2.052677050519994,-1.7580755001063062,1.4921083127459753,-1.6115054322048943,-0.6441590086324702,-0.11647529445320678,-0.7881538179048341,-0.668617921055841,2.0052424729513594,-0.4269939772562403,1.6117998910990525,1.0,test
-1.3888464910629157,1.3676485314101854,0.9798168112492035,1.081905431819191,-0.7465872499699562,-1.4166911847460584,-1.4932632608406737,-0.6441590086324702,-0.11647529445320678,-0.7881538179048341,1.4956224900775326,-0.4986928082209321,-0.4269939772562403,0.7472721737933682,2.0,test
-0.9592300150655979,0.47562274191557835,0.9798168112492035,-0.8596378055824154,-0.7465872499699562,-0.1318016155754789,-0.7838102326553492,-0.6441590086324702,-0.11647529445320678,-0.7881538179048341,-0.668617921055841,2.0052424729513594,-0.4269939772562403,0.5914912380124756,3.0,test
-0.2587367101343783,1.3676485314101854,0.9798168112492035,-0.8596378055824154,-0.7465872499699562,-0.37883652732910583,0.871580166443741,1.5524117284689836,-1.9133885064611469,-0.7881538179048341,-0.668617921055841,-0.4986928082209321,-0.4269939772562403,-1.0058024151789096,4.0,test
-0.5237882309191642,0.47562274191557835,-1.0205989410664063,-0.8596378055824154,-0.7465872499699562,0.5417150310487079,-0.5473258899269078,1.5524117284689836,-0.11647529445320678,-0.7881538179048341,-0.668617921055841,-0.4986928082209321,-0.4269939772562403,0.7079124907178566,2.0,test
1.2718630060458957,0.47562274191557835,-1.0205989410664063,0.11113381311838781,0.26490100016639395,1.5308810561850574,0.6350958237152996,1.5524117284689836,0.7819813115507633,-0.7881538179048341,-0.668617921055841,2.0052424729513594,-0.4269939772562403,0.07465546385667848,4.0,test
-1.1223386432408506,-1.3084288370736354,-1.0205989410664063,-0.8596378055824154,-0.7465872499699562,-1.0939352954350956,1.1080645091721826,-0.6441590086324702,0.7819813115507633,1.2687878651128297,-0.668617921055841,-0.4986928082209321,2.3419534074596497,-0.9175101069228743,4.0,test
0.8771983789432751,0.47562274191557835,0.9798168112492035,1.081905431819191,0.26490100016639395,-0.1946312738533775,0.9898223378079618,-0.6441590086324702,-0.11647529445320678,-0.7881538179048341,-0.668617921055841,-0.4986928082209321,-0.4269939772562403,-0.8048845602342548,4.0,test
0.769430178184626,-0.4164030475790286,-1.0205989410664063,2.052677050519994,1.276389250302744,-0.4240404182008073,1.4627910232648447,-0.6441590086324702,-1.9133885064611469,-0.7881538179048341,-0.668617921055841,-0.4986928082209321,-0.4269939772562403,-2.055756807565376,4.0,test
-0.24562976679886692,0.47562274191557835,-1.0205989410664063,-0.8596378055824154,2.2878775004390945,-0.3807737974030578,0.3986114809868581,1.5524117284689836,1.6804379175547333,1.2687878651128297,-0.668617921055841,2.0052424729513594,-0.4269939772562403,0.5826401355086467,3.0,test
-0.7495189216974157,-1.3084288370736354,-1.0205989410664063,-0.8596378055824154,0.26490100016639395,-0.8995590932872741,-0.0743572044700248,-0.6441590086324702,0.7819813115507633,-0.7881538179048341,-0.668617921055841,-0.4986928082209321,2.3419534074596497,-0.18085382505727532,4.0,test
1.038850680081249,-1.3084288370736354,0.9798168112492035,2.052677050519994,1.276389250302744,-1.2306519862256569,-0.19259937583424555,-0.6441590086324702,0.7819813115507633,1.2687878651128297,-0.668617921055841,-0.4986928082209321,-0.4269939772562403,-0.4651253918760767,4.0,test
-1.2140872465894303,-1.3084288370736354,0.9798168112492035,2.052677050519994,0.26490100016639395,-0.28334193165886346,1.6992753659932862,1.5524117284689836,-1.9133885064611469,-0.7881538179048341,-0.668617921055841,-0.4986928082209321,-0.4269939772562403,-1.2802075190916302,4.0,test
1.6723529412976326,-1.3084288370736354,-1.0205989410664063,0.11113381311838781,-0.7465872499699562,-0.5760287097218035,-1.4932632608406737,1.5524117284689836,-1.9133885064611469,-0.7881538179048341,-0.668617921055841,-0.4986928082209321,2.3419534074596497,0.9771962205810247,2.0,test
-0.5485457905529079,-1.3084288370736354,0.9798168112492035,0.11113381311838781,0.26490100016639395,-0.7508929018215659,-1.375021089476453,1.5524117284689836,1.6804379175547333,1.2687878651128297,-0.668617921055841,-0.4986928082209321,-0.4269939772562403,2.215375787997772,0.0,test
0.09078177881259199,1.3676485314101854,0.9798168112492035,1.081905431819191,0.26490100016639395,1.6966238327351175,-0.0743572044700248,-0.6441590086324702,1.6804379175547333,-0.7881538179048341,-0.668617921055841,-0.4986928082209321,-0.4269939772562403,0.11494713251647702,3.0,test
1.1888523649209903,-0.4164030475790286,0.9798168112492035,2.052677050519994,2.2878775004390945,1.6696757797949597,0.04388496689419592,-0.6441590086324702,1.6804379175547333,-0.7881538179048341,1.4956224900775326,-0.4986928082209321,-0.4269939772562403,0.3453511536560837,3.0,test
0.8480718381976943,1.3676485314101854,0.9798168112492035,-0.8596378055824154,-0.7465872499699562,-0.5160622678722772,-0.7838102326553492,1.5524117284689836,0.7819813115507633,-0.7881538179048341,-0.668617921055841,2.0052424729513594,-0.4269939772562403,1.0893865124989668,2.0,test
-1.1587468191728267,1.3676485314101854,-1.0205989410664063,0.11113381311838781,0.26490100016639395,0.34296646127054087,-0.19259937583424555,-0.6441590086324702,0.7819813115507633,-0.7881538179048341,-0.668617921055841,-0.4986928082209321,2.3419534074596497,0.25802992354080384,3.0,test
-1.1572904921355478,1.3676485314101854,-1.0205989410664063,-0.8596378055824154,1.276389250302744,0.81797230814753,-1.0202945753837906,-0.6441590086324702,-1.9133885064611469,1.2687878651128297,-0.668617921055841,2.0052424729513594,-0.4269939772562403,1.2362236160750442,1.0,test
-0.7436936135482995,-0.4164030475790286,-1.0205989410664063,-0.8596378055824154,-0.7465872499699562,-1.0176715578821518,-1.375021089476453,-0.6441590086324702,-1.0149319004571768,-0.7881538179048341,-0.668617921055841,2.0052424729513594,2.3419534074596497,0.5167560097982377,3.0,test
0.9587526930309016,1.3676485314101854,-1.0205989410664063,-0.8596378055824154,-1.7580755001063062,-0.4839644066080974,1.2263066805364033,-0.6441590086324702,-0.11647529445320678,1.2687878651128297,1.4956224900775326,-0.4986928082209321,2.3419534074596497,-1.085687129179502,4.0,test
-0.7961213868903452,-1.3084288370736354,0.9798168112492035,2.052677050519994,-1.7580755001063062,1.3240962268933725,0.871580166443741,-0.6441590086324702,-1.0149319004571768,-0.7881538179048341,-0.668617921055841,-0.4986928082209321,-0.4269939772562403,-1.0093620630901186,4.0,test
1.590798627210006,-1.3084288370736354,0.9798168112492035,-0.8596378055824154,0.26490100016639395,1.1692542037181057,0.5168536523510788,1.5524117284689836,0.7819813115507633,1.2687878651128297,-0.668617921055841,2.0052424729513594,-0.4269939772562403,0.2599452338958572,2.0,test
0.700982807432511,0.47562274191557835,0.9798168112492035,1.081905431819191,0.26490100016639395,0.7306217372430699,-1.0202945753837906,-0.6441590086324702,0.7819813115507633,-0.7881538179048341,1.4956224900775326,2.0052424729513594,-0.4269939772562403,1.1241575010749691,2.0,test
0.6150595122330474,-0.4164030475790286,0.9798168112492035,-0.8596378055824154,-0.7465872499699562,-0.16732754839189487,-0.6655680612911284,-0.6441590086324702,0.7819813115507633,-0.7881538179048341,-0.668617921055841,-0.4986928082209321,-0.4269939772562403,0.5993281092515256,3.0,test
-0.11164767936919498,-0.4164030475790286,-1.0205989410664063,-0.8596378055824154,-0.7465872499699562,1.269729221845961,1.5810331946290654,1.5524117284689836,-0.11647529445320678,-0.7881538179048341,-0.668617921055841,-0.4986928082209321,-0.4269939772562403,-1.1915987429188415,4.0,test
0.8670040896823219,-0.4164030475790286,-1.0205989410664063,-0.8596378055824154,0.26490100016639395,0.8958144442464816,-0.3108415471984663,-0.6441590086324702,0.7819813115507633,1.2687878651128297,1.4956224900775326,-0.4986928082209321,-0.4269939772562403,0.6250129115986227,3.0,test
-1.4674881510759838,0.47562274191557835,0.9798168112492035,-0.8596378055824154,0.26490100016639395,-0.014954972561195446,0.9898223378079618,-0.6441590086324702,-1.9133885064611469,1.2687878651128297,1.4956224900775326,-0.4986928082209321,-0.4269939772562403,-0.7361184520331165,4.0,test
-1.6932188418542355,-0.4164030475790286,-1.0205989410664063,2.052677050519994,1.276389250302744,1.1034056661202807,0.7533379950795204,-0.6441590086324702,-1.9133885064611469,1.2687878651128297,1.4956224900775326,-0.4986928082209321,-0.4269939772562403,-1.0270185516494639,4.0,test
-1.5344791947908198,1.3676485314101854,0.9798168112492035,1.081905431819191,0.26490100016639395,-0.14793387794392895,0.9898223378079618,1.5524117284689836,0.7819813115507633,-0.7881538179048341,-0.668617921055841,-0.4986928082209321,-0.4269939772562403,-1.171075496629924,4.0,test
0.7170024048425804,-1.3084288370736354,-1.0205989410664063,0.11113381311838781,0.26490100016639395,-1.6768030479657428,-0.7838102326553492,1.5524117284689836,0.7819813115507633,1.2687878651128297,-0.668617921055841,2.0052424729513594,2.3419534074596497,0.7257755902716461,2.0,test
-0.9097148957981105,0.47562274191557835,0.9798168112492035,2.052677050519994,0.26490100016639395,0.9148654907280664,-0.3108415471984663,-0.6441590086324702,0.7819813115507633,-0.7881538179048341,-0.668617921055841,-0.4986928082209321,-0.4269939772562403,0.24049217351932958,3.0,test
-1.6538980118477014,0.47562274191557835,0.9798168112492035,0.11113381311838781,-0.7465872499699562,0.45807636601657786,-0.5473258899269078,-0.6441590086324702,-1.9133885064611469,1.2687878651128297,-0.668617921055841,2.0052424729513594,-0.4269939772562403,-0.0048396244602803805,4.0,test
-1.608751873692051,1.3676485314101854,0.9798168112492035,-0.8596378055824154,0.26490100016639395,-0.34882811514586526,-1.729747603569115,-0.6441590086324702,-0.11647529445320678,1.2687878651128297,1.4956224900775326,-0.4986928082209321,-0.4269939772562403,1.7442007092729013,0.0,test
1.5048753320105426,1.3676485314101854,-1.0205989410664063,1.081905431819191,-0.7465872499699562,-0.2743816298029717,-1.1385367467480114,1.5524117284689836,-1.0149319004571768,1.2687878651128297,-0.668617921055841,-0.4986928082209321,2.3419534074596497,1.0081329172626041,3.0,test
-0.30825182940186574,1.3676485314101854,0.9798168112492035,1.081905431819191,-0.7465872499699562,1.7011933388469085,0.3986114809868581,-0.6441590086324702,1.6804379175547333,-0.7881538179048341,-0.668617921055841,-0.4986928082209321,-0.4269939772562403,-0.39272834963377606,4.0,test
-1.3247681014226378,-1.3084288370736354,-1.0205989410664063,-0.8596378055824154,0.26490100016639395,1.5270706921110015,-0.3108415471984663,1.5524117284689836,-1.0149319004571768,-0.7881538179048341,-0.668617921055841,-0.4986928082209321,-0.4269939772562403,-0.0025146948206420192,4.0,test
0.9616653471054596,-1.3084288370736354,-1.0205989410664063,0.11113381311838781,0.26490100016639395,-0.4282512915142017,0.6350958237152996,-0.6441590086324702,-0.11647529445320678,-0.7881538179048341,-0.668617921055841,-0.4986928082209321,-0.4269939772562403,-0.947663362654307,4.0,test
1.5616720864644253,-1.3084288370736354,-1.0205989410664063,0.11113381311838781,1.276389250302744,-0.029990562753697013,-1.2567789181122322,1.5524117284689836,-0.11647529445320678,1.2687878651128297,-0.668617921055841,-0.4986928082209321,-0.4269939772562403,1.4208032741532772,3.0,test
0.029616043246872184,-0.4164030475790286,-1.0205989410664063,2.052677050519994,0.26490100016639395,1.6885729067464403,-0.0743572044700248,-0.6441590086324702,0.7819813115507633,-0.7881538179048341,-0.668617921055841,-0.4986928082209321,-0.4269939772562403,0.38928315548040754,3.0,test
0.8291395867130668,1.3676485314101854,0.9798168112492035,1.081905431819191,0.26490100016639395,-0.33521103389381535,-0.90205240401957,-0.6441590086324702,-0.11647529445320678,-0.7881538179048341,-0.668617921055841,2.0052424729513594,-0.4269939772562403,0.5977082821723739,3.0,test
-0.34466000533384183,0.47562274191557835,0.9798168112492035,-0.8596378055824154,2.2878775004390945,-1.496248328367915,0.871580166443741,-0.6441590086324702,0.7819813115507633,-0.7881538179048341,1.4956224900775326,-0.4986928082209321,-0.4269939772562403,-1.1443652366309283,4.0,test
0.6034088959348151,-1.3084288370736354,-1.0205989410664063,1.081905431819191,2.2878775004390945,0.04081420216802581,-1.375021089476453,-0.6441590086324702,1.6804379175547333,1.2687878651128297,-0.668617921055841,-0.4986928082209321,-0.4269939772562403,1.5293784270063326,1.0,test
1.7364313309379105,0.47562274191557835,-1.0205989410664063,-0.8596378055824154,-0.7465872499699562,-0.3739864378185128,-1.2567789181122322,1.5524117284689836,1.6804379175547333,-0.7881538179048341,1.4956224900775326,-0.4986928082209321,-0.4269939772562403,1.4973979266347428,4.0,test
1.44807857755666,-0.4164030475790286,-1.0205989410664063,1.081905431819191,0.26490100016639395,0.16708107986439455,0.9898223378079618,-0.6441590086324702,-1.9133885064611469,1.2687878651128297,-0.668617921055841,-0.4986928082209321,-0.4269939772562403,-1.110893644334315,3.0,test
-0.08397746566089316,1.3676485314101854,0.9798168112492035,-0.8596378055824154,-0.7465872499699562,-0.31501916798882534,-0.7838102326553492,-0.6441590086324702,-1.0149319004571768,1.2687878651128297,-0.668617921055841,-0.4986928082209321,2.3419534074596497,0.41621686960243925,3.0,test
1.6563333438875631,-1.3084288370736354,-1.0205989410664063,-0.8596378055824154,-1.7580755001063062,-1.1521534148303179,-0.5473258899269078,-0.6441590086324702,-1.0149319004571768,1.2687878651128297,1.4956224900775326,-0.4986928082209321,2.3419534074596497,0.34980065942721444,2.0,test
0.32670675885179695,-1.3084288370736354,0.9798168112492035,-0.8596378055824154,-1.7580755001063062,0.16108525946305308,0.871580166443741,-0.6441590086324702,-0.11647529445320678,1.2687878651128297,1.4956224900775326,-0.4986928082209321,-0.4269939772562403,-0.32046557493063216,4.0,test
1.0854531452741782,1.3676485314101854,-1.0205989410664063,0.11113381311838781,-1.7580755001063062,1.7837091578495559,-0.7838102326553492,-0.6441590086324702,0.7819813115507633,-0.7881538179048341,1.4956224900775326,-0.4986928082209321,-0.4269939772562403,0.8981296699492046,2.0,test
0.192724671422125,-0.4164030475790286,-1.0205989410664063,-0.8596378055824154,1.276389250302744,-1.1768448084281258,1.6992753659932862,-0.6441590086324702,-0.11647529445320678,1.2687878651128297,-0.668617921055841,-0.4986928082209321,-0.4269939772562403,-1.5402740136797306,4.0,test
-0.6810715509453007,-1.3084288370736354,0.9798168112492035,-0.8596378055824154,1.276389250302744,-1.565193526744618,1.2263066805364033,-0.6441590086324702,-1.9133885064611469,1.2687878651128297,1.4956224900775326,2.0052424729513594,-0.4269939772562403,-1.7102627894760047,4.0,test
1.7073047901923295,-1.3084288370736354,-1.0205989410664063,-0.8596378055824154,2.2878775004390945,-0.5340789655868015,-1.375021089476453,-0.6441590086324702,-0.11647529445320678,-0.7881538179048341,-0.668617921055841,2.0052424729513594,2.3419534074596497,1.366766774253009,1.0,test
0.9296261522853206,1.3676485314101854,-1.0205989410664063,-0.8596378055824154,0.26490100016639395,-0.702887809932066,-1.1385367467480114,-0.6441590086324702,-1.0149319004571768,-0.7881538179048341,-0.668617921055841,-0.4986928082209321,2.3419534074596497,0.3656585590571657,3.0,test
0.9835102526646453,-1.3084288370736354,-1.0205989410664063,-0.8596378055824154,0.26490100016639395,0.3092699451585454,-1.375021089476453,1.5524117284689836,0.7819813115507633,-0.7881538179048341,-0.668617921055841,-0.4986928082209321,-0.4269939772562403,1.4642659902399244,1.0,test
1.012636793410226,-0.4164030475790286,0.9798168112492035,-0.8596378055824154,1.276389250302744,0.07355693950092815,-0.0743572044700248,1.5524117284689836,-1.0149319004571768,-0.7881538179048341,-0.668617921055841,-0.4986928082209321,-0.4269939772562403,0.018828732613067077,4.0,test
-0.6344690857523714,1.3676485314101854,0.9798168112492035,1.081905431819191,0.26490100016639395,0.09037182231900684,-0.19259937583424555,1.5524117284689836,0.7819813115507633,-0.7881538179048341,1.4956224900775326,-0.4986928082209321,-0.4269939772562403,0.2913326172531283,3.0,test
1.481574099414078,0.47562274191557835,0.9798168112492035,1.081905431819191,1.276389250302744,0.2304191927209764,-0.5473258899269078,-0.6441590086324702,-0.11647529445320678,-0.7881538179048341,1.4956224900775326,2.0052424729513594,-0.4269939772562403,0.5132475786084002,1.0,test
-0.9184528580217848,-0.4164030475790286,-1.0205989410664063,1.081905431819191,0.26490100016639395,-1.1392723201906008,-1.2567789181122322,1.5524117284689836,1.6804379175547333,1.2687878651128297,-0.668617921055841,-0.4986928082209321,-0.4269939772562403,1.460267016365654,1.0,test
0.37622187811928437,-1.3084288370736354,0.9798168112492035,2.052677050519994,1.276389250302744,0.6751480186160524,-0.19259937583424555,-0.6441590086324702,-1.9133885064611469,1.2687878651128297,1.4956224900775326,-0.4986928082209321,-0.4269939772562403,0.2819061977867081,3.0,test
-0.4276706464587473,-0.4164030475790286,0.9798168112492035,2.052677050519994,0.26490100016639395,-0.4074917959238901,1.5810331946290654,1.5524117284689836,-0.11647529445320678,-0.7881538179048341,1.4956224900775326,-0.4986928082209321,-0.4269939772562403,-1.1526168683963287,4.0,test
-1.4878767295978905,1.3676485314101854,0.9798168112492035,-0.8596378055824154,-0.7465872499699562,-0.5512000409271489,0.6350958237152996,1.5524117284689836,-1.0149319004571768,1.2687878651128297,-0.668617921055841,-0.4986928082209321,-0.4269939772562403,-0.38291662768128476,4.0,test
-0.927190820245459,-0.4164030475790286,-1.0205989410664063,0.11113381311838781,-0.7465872499699562,0.5316058938211672,-1.1385367467480114,-0.6441590086324702,0.7819813115507633,1.2687878651128297,-0.668617921055841,2.0052424729513594,-0.4269939772562403,1.5925125741903452,1.0,test
-0.21359057197872797,-1.3084288370736354,-1.0205989410664063,0.11113381311838781,0.26490100016639395,0.23814701946262254,0.9898223378079618,-0.6441590086324702,-0.11647529445320678,1.2687878651128297,-0.668617921055841,-0.4986928082209321,-0.4269939772562403,-0.5476715571640058,4.0,test
0.6733125937242092,-1.3084288370736354,0.9798168112492035,2.052677050519994,0.26490100016639395,1.632854631014203,-1.6115054322048943,-0.6441590086324702,-0.11647529445320678,-0.7881538179048341,-0.668617921055841,-0.4986928082209321,-0.4269939772562403,1.8648579514708945,0.0,test
0.11699566548361476,-1.3084288370736354,0.9798168112492035,-0.8596378055824154,0.26490100016639395,0.7483989213446305,-0.429083718562687,1.5524117284689836,-1.9133885064611469,1.2687878651128297,1.4956224900775326,-0.4986928082209321,-0.4269939772562403,0.5406031266239033,3.0,test
-0.3548542945947951,-1.3084288370736354,0.9798168112492035,-0.8596378055824154,0.26490100016639395,1.3618742301145854,1.2263066805364033,1.5524117284689836,-1.9133885064611469,1.2687878651128297,1.4956224900775326,-0.4986928082209321,-0.4269939772562403,-0.7772609399288681,4.0,test
0.906324919688856,-0.4164030475790286,-1.0205989410664063,-0.8596378055824154,-0.7465872499699562,-0.6694468962279742,1.6992753659932862,-0.6441590086324702,0.7819813115507633,1.2687878651128297,-0.668617921055841,-0.4986928082209321,-0.4269939772562403,-1.2571809637184057,4.0,test
1.3985634582891726,1.3676485314101854,0.9798168112492035,0.11113381311838781,1.276389250302744,-0.15339122570632846,-1.6115054322048943,-0.6441590086324702,0.7819813115507633,-0.7881538179048341,-0.668617921055841,-0.4986928082209321,2.3419534074596497,1.345742443311724,1.0,test
0.3864161673802377,-1.3084288370736354,-1.0205989410664063,2.052677050519994,0.26490100016639395,-0.09713024014432133,-1.1385367467480114,1.5524117284689836,0.7819813115507633,-0.7881538179048341,-0.668617921055841,-0.4986928082209321,-0.4269939772562403,0.9983450745430403,2.0,test
0.5160292736980725,-1.3084288370736354,0.9798168112492035,-0.8596378055824154,-0.7465872499699562,-0.28633843232422734,0.6350958237152996,-0.6441590086324702,0.7819813115507633,1.2687878651128297,-0.668617921055841,-0.4986928082209321,-0.4269939772562403,-0.5419555926859625,4.0,test
-0.15825014456212436,1.3676485314101854,0.9798168112492035,-0.8596378055824154,-0.7465872499699562,-1.6439839743451372,1.5810331946290654,-0.6441590086324702,0.7819813115507633,1.2687878651128297,1.4956224900775326,-0.4986928082209321,-0.4269939772562403,-1.6168580900823524,4.0,test
0.0368976784332674,-0.4164030475790286,-1.0205989410664063,1.081905431819191,2.2878775004390945,-0.12241528648553719,-0.3108415471984663,-0.6441590086324702,1.6804379175547333,1.2687878651128297,1.4956224900775326,-0.4986928082209321,-0.4269939772562403,1.156638428078809,2.0,test
0.010683791762244628,-0.4164030475790286,-1.0205989410664063,0.11113381311838781,1.276389250302744,-0.2165482646699263,-0.7838102326553492,1.5524117284689836,-0.11647529445320678,1.2687878651128297,1.4956224900775326,2.0052424729513594,2.3419534074596497,1.087851210369453,2.0,test
0.2305891743913801,-0.4164030475790286,0.9798168112492035,0.11113381311838781,0.26490100016639395,1.5119267176113829,1.2263066805364033,-0.6441590086324702,-1.0149319004571768,-0.7881538179048341,-0.668617921055841,2.0052424729513594,-0.4269939772562403,-1.3077236111063784,4.0,test
-1.707782112227026,1.3676485314101854,0.9798168112492035,2.052677050519994,2.2878775004390945,1.6461588538153944,0.6350958237152996,-0.6441590086324702,-0.11647529445320678,1.2687878651128297,-0.668617921055841,-0.4986928082209321,-0.4269939772562403,-0.1377131127916612,4.0,test
-1.4179730318084964,-0.4164030475790286,0.9798168112492035,-0.8596378055824154,0.26490100016639395,0.7171213642618683,0.16212713825841665,-0.6441590086324702,0.7819813115507633,-0.7881538179048341,-0.668617921055841,2.0052424729513594,-0.4269939772562403,0.0690701531518126,4.0,test
-0.89515162542532,-1.3084288370736354,-1.0205989410664063,1.081905431819191,2.2878775004390945,1.4129432737768337,-1.6115054322048943,-0.6441590086324702,-0.11647529445320678,-0.7881538179048341,-0.668617921055841,-0.4986928082209321,2.3419534074596497,1.5471518665961834,1.0,test
-1.2548644036332437,-0.4164030475790286,0.9798168112492035,-0.8596378055824154,0.26490100016639395,1.2536862544659049,-0.90205240401957,-0.6441590086324702,-0.11647529445320678,-0.7881538179048341,-0.668617921055841,-0.4986928082209321,-0.4269939772562403,0.6988843953910219,2.0,test
-0.9213655120963429,0.47562274191557835,-1.0205989410664063,0.11113381311838781,-0.7465872499699562,-1.4423340760667962,-1.0202945753837906,-0.6441590086324702,-1.9133885064611469,-0.7881538179048341,-0.668617921055841,2.0052424729513594,-0.4269939772562403,0.4671081020124498,3.0,test
-0.9475793987673656,1.3676485314101854,-1.0205989410664063,0.11113381311838781,0.26490100016639395,1.587582462715616,-0.0743572044700248,-0.6441590086324702,0.7819813115507633,-0.7881538179048341,-0.668617921055841,2.0052424729513594,-0.4269939772562403,0.37177940107969415,3.0,test
-0.5733033501866516,-1.3084288370736354,0.9798168112492035,-0.8596378055824154,0.26490100016639395,0.8795485394910969,-0.6655680612911284,-0.6441590086324702,0.7819813115507633,1.2687878651128297,1.4956224900775326,-0.4986928082209321,-0.4269939772562403,1.0327692428417394,2.0,test
0.6136031851957684,-1.3084288370736354,0.9798168112492035,-0.8596378055824154,1.276389250302744,0.8259525854534938,-1.375021089476453,-0.6441590086324702,-0.11647529445320678,-0.7881538179048341,1.4956224900775326,2.0052424729513594,-0.4269939772562403,1.6908805257028792,1.0,test
-1.3131174851244054,-0.4164030475790286,-1.0205989410664063,-0.8596378055824154,0.26490100016639395,1.1860442280539951,-1.375021089476453,-0.6441590086324702,1.6804379175547333,-0.7881538179048341,-0.668617921055841,-0.4986928082209321,-0.4269939772562403,1.304610422957819,1.0,test
-1.6262277981393995,1.3676485314101854,0.9798168112492035,2.052677050519994,-0.7465872499699562,0.24177602714944252,1.2263066805364033,-0.6441590086324702,0.7819813115507633,-0.7881538179048341,1.4956224900775326,-0.4986928082209321,-0.4269939772562403,-0.9783462106512283,4.0,test
0.07476218140252251,-0.4164030475790286,-1.0205989410664063,-0.8596378055824154,-0.7465872499699562,-1.6811781896442735,1.3445488519006241,-0.6441590086324702,-0.11647529445320678,-0.7881538179048341,-0.668617921055841,-0.4986928082209321,-0.4269939772562403,-1.9337099885966234,4.0,test
-0.7480625946601367,0.47562274191557835,-1.0205989410664063,0.11113381311838781,0.26490100016639395,-1.2372690411704377,-1.729747603569115,1.5524117284689836,-1.9133885064611469,1.2687878651128297,-0.668617921055841,2.0052424729513594,-0.4269939772562403,1.8025738087682501,0.0,test
0.4082610729394233,0.47562274191557835,0.9798168112492035,0.11113381311838781,-0.7465872499699562,-0.9122541908394434,-0.19259937583424555,1.5524117284689836,-0.11647529445320678,1.2687878651128297,-0.668617921055841,2.0052424729513594,-0.4269939772562403,0.3924935719321925,3.0,test
-1.6131208548038882,1.3676485314101854,-1.0205989410664063,-0.8596378055824154,-0.7465872499699562,1.1433298213567609,0.871580166443741,-0.6441590086324702,-1.9133885064611469,1.2687878651128297,-0.668617921055841,2.0052424729513594,-0.4269939772562403,-0.9086765777880513,4.0,test
0.7767118133710212,-0.4164030475790286,-1.0205989410664063,0.11113381311838781,0.26490100016639395,0.5064814554800622,1.1080645091721826,1.5524117284689836,-0.11647529445320678,-0.7881538179048341,-0.668617921055841,2.0052424729513594,-0.4269939772562403,-0.5993595923797146,4.0,test
0.7068081155816271,-0.4164030475790286,-1.0205989410664063,0.11113381311838781,-1.7580755001063062,-1.4928528035341742,-0.6655680612911284,1.5524117284689836,-1.0149319004571768,-0.7881538179048341,-0.668617921055841,-0.4986928082209321,-0.4269939772562403,0.18132201973334477,3.0,test
0.5582627577791648,0.47562274191557835,0.9798168112492035,0.11113381311838781,0.26490100016639395,1.3165849128358296,0.3986114809868581,-0.6441590086324702,-1.9133885064611469,-0.7881538179048341,1.4956224900775326,-0.4986928082209321,-0.4269939772562403,-0.5630742938567643,4.0,test
-0.11601666048103211,0.47562274191557835,-1.0205989410664063,1.081905431819191,0.26490100016639395,-1.4700057449390749,1.1080645091721826,-0.6441590086324702,0.7819813115507633,-0.7881538179048341,-0.668617921055841,-0.4986928082209321,-0.4269939772562403,-1.5922496445719256,4.0,test
-0.7815581165175547,-0.4164030475790286,-1.0205989410664063,-0.8596378055824154,2.2878775004390945,-0.10197709600962679,-0.19259937583424555,-0.6441590086324702,-1.0149319004571768,1.2687878651128297,1.4956224900775326,2.0052424729513594,-0.4269939772562403,0.43665305992979286,3.0,test
-0.0009668245359877155,-1.3084288370736354,0.9798168112492035,1.081905431819191,0.26490100016639395,-0.16820908242648824,-1.4932632608406737,-0.6441590086324702,-1.0149319004571768,-0.7881538179048341,-0.668617921055841,-0.4986928082209321,-0.4269939772562403,0.9688262827307954,2.0,test
-0.6883531861316959,-1.3084288370736354,-1.0205989410664063,1.081905431819191,-0.7465872499699562,1.4243550158477714,-0.0743572044700248,-0.6441590086324702,0.7819813115507633,1.2687878651128297,1.4956224900775326,-0.4986928082209321,2.3419534074596497,0.8361486425498236,2.0,test
1.6330321112910984,-1.3084288370736354,0.9798168112492035,0.11113381311838781,-0.7465872499699562,-1.085055481726085,0.6350958237152996,-0.6441590086324702,0.7819813115507633,1.2687878651128297,-0.668617921055841,-0.4986928082209321,-0.4269939772562403,-1.0222134114312953,3.0,test
-0.3024265212527496,-0.4164030475790286,-1.0205989410664063,-0.8596378055824154,-0.7465872499699562,-0.38411673632615656,-0.90205240401957,1.5524117284689836,-0.11647529445320678,-0.7881538179048341,1.4956224900775326,-0.4986928082209321,-0.4269939772562403,1.2049327866099053,1.0,test
-1.371370566615567,-1.3084288370736354,0.9798168112492035,2.052677050519994,0.26490100016639395,-0.7044390606797162,0.3986114809868581,1.5524117284689836,-1.9133885064611469,-0.7881538179048341,-0.668617921055841,-0.4986928082209321,-0.4269939772562403,-0.9327784970119122,4.0,test
-1.2708840010433131,-0.4164030475790286,-1.0205989410664063,-0.8596378055824154,-1.7580755001063062,0.6557113296508407,-1.2567789181122322,-0.6441590086324702,-0.11647529445320678,-0.7881538179048341,-0.668617921055841,-0.4986928082209321,-0.4269939772562403,0.771925786864326,2.0,test
-0.9708806313638303,-0.4164030475790286,0.9798168112492035,1.081905431819191,2.2878775004390945,-1.6117327012902374,0.16212713825841665,1.5524117284689836,1.6804379175547333,-0.7881538179048341,-0.668617921055841,-0.4986928082209321,-0.4269939772562403,-0.012325367076274109,4.0,test
0.3529206455228197,1.3676485314101854,0.9798168112492035,-0.8596378055824154,-0.7465872499699562,-0.8934985269938225,0.5168536523510788,1.5524117284689836,-0.11647529445320678,-0.7881538179048341,-0.668617921055841,-0.4986928082209321,-0.4269939772562403,-0.8909978944791243,4.0,test
-1.6582669929595386,-1.3084288370736354,-1.0205989410664063,-0.8596378055824154,2.2878775004390945,0.21169464920308537,1.6992753659932862,-0.6441590086324702,0.7819813115507633,1.2687878651128297,-0.668617921055841,-0.4986928082209321,-0.4269939772562403,-1.7452396874504557,4.0,test
-1.5111779621943553,-1.3084288370736354,0.9798168112492035,-0.8596378055824154,1.276389250302744,-0.469463475655133,1.5810331946290654,-0.6441590086324702,-0.11647529445320678,-0.7881538179048341,-0.668617921055841,-0.4986928082209321,-0.4269939772562403,-1.7874384061728836,4.0,test
1.4364279612584276,0.47562274191557835,-1.0205989410664063,1.081905431819191,1.276389250302744,1.3156196156139617,1.2263066805364033,1.5524117284689836,-0.11647529445320678,-0.7881538179048341,-0.668617921055841,-0.4986928082209321,-0.4269939772562403,-0.6410779472669811,2.0,test
-1.3145738121616843,-0.4164030475790286,-1.0205989410664063,-0.8596378055824154,-0.7465872499699562,-0.5340554607391845,-1.0202945753837906,1.5524117284689836,-1.9133885064611469,-0.7881538179048341,-0.668617921055841,-0.4986928082209321,2.3419534074596497,0.7035461821029008,2.0,test
-0.4160200301605149,0.47562274191557835,-1.0205989410664063,0.11113381311838781,0.26490100016639395,1.6578907204566746,-0.3108415471984663,-0.6441590086324702,-1.0149319004571768,1.2687878651128297,1.4956224900775326,-0.4986928082209321,-0.4269939772562403,0.6300619165821327,3.0,test
1.31118383605243,-0.4164030475790286,0.9798168112492035,1.081905431819191,0.26490100016639395,0.6377595013012546,1.4627910232648447,1.5524117284689836,-1.0149319004571768,-0.7881538179048341,1.4956224900775326,-0.4986928082209321,-0.4269939772562403,-0.9400709550104753,4.0,test
-0.9330161283945752,1.3676485314101854,0.9798168112492035,0.11113381311838781,-1.7580755001063062,-1.220361737286101,-1.2567789181122322,-0.6441590086324702,-1.0149319004571768,1.2687878651128297,1.4956224900775326,-0.4986928082209321,2.3419534074596497,0.735682462404147,2.0,test
-1.2359321521486162,1.3676485314101854,0.9798168112492035,-0.8596378055824154,0.26490100016639395,0.8685610771839363,-1.0202945753837906,-0.6441590086324702,0.7819813115507633,1.2687878651128297,-0.668617921055841,2.0052424729513594,-0.4269939772562403,1.3110103312197927,1.0,test
-1.2752529821551501,1.3676485314101854,0.9798168112492035,-0.8596378055824154,-0.7465872499699562,-1.4641082711944005,-1.4932632608406737,-0.6441590086324702,-1.0149319004571768,1.2687878651128297,-0.668617921055841,-0.4986928082209321,-0.4269939772562403,0.895673707546111,2.0,test
-1.6728302633323289,0.47562274191557835,-1.0205989410664063,-0.8596378055824154,0.26490100016639395,-0.6473618927614154,0.04388496689419592,-0.6441590086324702,-0.11647529445320678,-0.7881538179048341,-0.668617921055841,-0.4986928082209321,-0.4269939772562403,-0.20979158859198532,4.0,test
-0.4466028979433748,-1.3084288370736354,-1.0205989410664063,-0.8596378055824154,-0.7465872499699562,-1.6693373908046185,-1.1385367467480114,-0.6441590086324702,0.7819813115507633,-0.7881538179048341,-0.668617921055841,-0.4986928082209321,-0.4269939772562403,0.6104577099327221,3.0,test
1.3883691690282192,0.47562274191557835,0.9798168112492035,0.11113381311838781,-0.7465872499699562,1.6283592590017955,1.6992753659932862,1.5524117284689836,-0.11647529445320678,-0.7881538179048341,1.4956224900775326,-0.4986928082209321,-0.4269939772562403,-0.9758294919541551,4.0,test
1.4218646908856372,-1.3084288370736354,0.9798168112492035,-0.8596378055824154,0.26490100016639395,0.5932894450848182,-0.19259937583424555,1.5524117284689836,-0.11647529445320678,1.2687878651128297,1.4956224900775326,-0.4986928082209321,-0.4269939772562403,1.3453036983030258,1.0,test
1.6388574194402146,-0.4164030475790286,-1.0205989410664063,1.081905431819191,-1.7580755001063062,-0.20142601912087077,1.6992753659932862,-0.6441590086324702,0.7819813115507633,-0.7881538179048341,1.4956224900775326,-0.4986928082209321,-0.4269939772562403,-1.4833928488602202,3.0,test
-1.6466163766613062,-0.4164030475790286,-1.0205989410664063,0.11113381311838781,-0.7465872499699562,1.4977989681715533,-1.0202945753837906,1.5524117284689836,0.7819813115507633,1.2687878651128297,-0.668617921055841,-0.4986928082209321,-0.4269939772562403,1.4786583891575413,1.0,test
-0.7509752487346948,1.3676485314101854,-1.0205989410664063,-0.8596378055824154,-0.7465872499699562,-0.2624734959982098,-1.6115054322048943,-0.6441590086324702,-0.11647529445320678,1.2687878651128297,-0.668617921055841,-0.4986928082209321,2.3419534074596497,1.0846831094451053,2.0,test
-0.9563173609910398,-0.4164030475790286,-1.0205989410664063,0.11113381311838781,2.2878775004390945,1.6704254511993413,1.2263066805364033,-0.6441590086324702,0.7819813115507633,-0.7881538179048341,-0.668617921055841,2.0052424729513594,-0.4269939772562403,-0.6290069734497575,4.0,test
-0.2907759049545173,-1.3084288370736354,-1.0205989410664063,-0.8596378055824154,0.26490100016639395,0.00729180719292443,0.5168536523510788,1.5524117284689836,1.6804379175547333,-0.7881538179048341,-0.668617921055841,-0.4986928082209321,-0.4269939772562403,-0.3367280309405454,4.0,test
0.9878792337764825,-0.4164030475790286,-1.0205989410664063,0.11113381311838781,-0.7465872499699562,1.1903222416880013,1.3445488519006241,-0.6441590086324702,1.6804379175547333,-0.7881538179048341,-0.668617921055841,-0.4986928082209321,-0.4269939772562403,-1.1270455337852607,4.0,test
0.22185121216770584,1.3676485314101854,-1.0205989410664063,2.052677050519994,0.26490100016639395,0.18872146503810983,0.04388496689419592,-0.6441590086324702,-0.11647529445320678,-0.7881538179048341,-0.668617921055841,2.0052424729513594,2.3419534074596497,0.03156838671447464,4.0,test
-1.3276807554971959,-0.4164030475790286,-1.0205989410664063,-0.8596378055824154,1.276389250302744,-0.017372697784045064,-0.90205240401957,1.5524117284689836,0.7819813115507633,1.2687878651128297,1.4956224900775326,2.0052424729513594,-0.4269939772562403,1.4877678784145925,1.0,test
1.685459884633144,1.3676485314101854,-1.0205989410664063,-0.8596378055824154,0.26490100016639395,1.6524257193038943,0.7533379950795204,-0.6441590086324702,-1.0149319004571768,-0.7881538179048341,-0.668617921055841,-0.4986928082209321,-0.4269939772562403,-0.8758875522361792,4.0,test
-1.2024366302911982,1.3676485314101854,-1.0205989410664063,0.11113381311838781,0.26490100016639395,1.0496039287133299,1.3445488519006241,-0.6441590086324702,0.7819813115507633,-0.7881538179048341,-0.668617921055841,-0.4986928082209321,-0.4269939772562403,-1.3798891767439339,4.0,test
1.58497331906089,-0.4164030475790286,-1.0205989410664063,-0.8596378055824154,-0.7465872499699562,0.7088555532702684,-0.0743572044700248,-0.6441590086324702,-1.0149319004571768,1.2687878651128297,-0.668617921055841,-0.4986928082209321,-0.4269939772562403,-0.21389448134929442,0.0,test
0.13592791696824233,-1.3084288370736354,0.9798168112492035,-0.8596378055824154,0.26490100016639395,-0.8237723098943778,-1.6115054322048943,-0.6441590086324702,-1.0149319004571768,-0.7881538179048341,-0.668617921055841,2.0052424729513594,-0.4269939772562403,1.6450476791195043,1.0,test
1.4539038857057762,-1.3084288370736354,-1.0205989410664063,-0.8596378055824154,0.26490100016639395,1.054062045330559,1.3445488519006241,-0.6441590086324702,0.7819813115507633,1.2687878651128297,-0.668617921055841,-0.4986928082209321,-0.4269939772562403,-0.7829971887490046,0.0,test
-0.7393246324364625,0.47562274191557835,-1.0205989410664063,1.081905431819191,-1.7580755001063062,-0.5972314076801118,-1.729747603569115,1.5524117284689836,-0.11647529445320678,-0.7881538179048341,-0.668617921055841,-0.4986928082209321,2.3419534074596497,1.2465022203164773,1.0,test
-1.265058692894197,0.47562274191557835,0.9798168112492035,-0.8596378055824154,1.276389250302744,-1.2606943539869475,0.04388496689419592,1.5524117284689836,0.7819813115507633,-0.7881538179048341,-0.668617921055841,-0.4986928082209321,-0.4269939772562403,0.021385989659982067,4.0,test
-0.0650452141762656,-1.3084288370736354,0.9798168112492035,-0.8596378055824154,0.26490100016639395,1.4889644179984116,-0.90205240401957,1.5524117284689836,-0.11647529445320678,-0.7881538179048341,-0.668617921055841,2.0052424729513594,-0.4269939772562403,1.1322915018141404,2.0,test
1.2864262764186862,1.3676485314101854,0.9798168112492035,2.052677050519994,-1.7580755001063062,-0.5586673035522202,0.9898223378079618,1.5524117284689836,-0.11647529445320678,1.2687878651128297,-0.668617921055841,-0.4986928082209321,-0.4269939772562403,-0.7464565536286621,4.0,test
-0.3606796027439113,-0.4164030475790286,-1.0205989410664063,1.081905431819191,0.26490100016639395,-0.7148493057298014,0.871580166443741,1.5524117284689836,-1.0149319004571768,1.2687878651128297,1.4956224900775326,-0.4986928082209321,-0.4269939772562403,-0.6635280094896728,4.0,test
0.33690104811275023,0.47562274191557835,-1.0205989410664063,-0.8596378055824154,-0.7465872499699562,-1.172151237451464,0.04388496689419592,-0.6441590086324702,0.7819813115507633,-0.7881538179048341,-0.668617921055841,-0.4986928082209321,-0.4269939772562403,-0.3499020597701564,4.0,test
0.6077778770466522,-1.3084288370736354,0.9798168112492035,-0.8596378055824154,-0.7465872499699562,0.6536753741838083,-1.4932632608406737,-0.6441590086324702,0.7819813115507633,1.2687878651128297,-0.668617921055841,-0.4986928082209321,-0.4269939772562403,1.2088977095829982,1.0,test
-1.573800024797354,1.3676485314101854,0.9798168112492035,-0.8596378055824154,1.276389250302744,-1.4448398001277403,0.04388496689419592,-0.6441590086324702,-1.9133885064611469,-0.7881538179048341,-0.668617921055841,-0.4986928082209321,2.3419534074596497,-1.1041609438059297,4.0,test
-0.5616527338884192,0.47562274191557835,0.9798168112492035,-0.8596378055824154,-0.7465872499699562,1.0653230062560946,0.9898223378079618,-0.6441590086324702,0.7819813115507633,1.2687878651128297,1.4956224900775326,-0.4986928082209321,-0.4269939772562403,-0.4181978474139529,4.0,test
1.1145796860197592,-1.3084288370736354,0.9798168112492035,2.052677050519994,2.2878775004390945,-0.5740282470310129,0.2803693096226374,1.5524117284689836,0.7819813115507633,-0.7881538179048341,1.4956224900775326,-0.4986928082209321,-0.4269939772562403,-0.24642105691487437,4.0,test
1.4204083638483582,-0.4164030475790286,-1.0205989410664063,-0.8596378055824154,-0.7465872499699562,1.3496024318187618,0.9898223378079618,1.5524117284689836,0.7819813115507633,-0.7881538179048341,-0.668617921055841,-0.4986928082209321,-0.4269939772562403,-0.23122415982468955,4.0,test
-1.1747664165828964,-1.3084288370736354,0.9798168112492035,1.081905431819191,-1.7580755001063062,1.4569705158904065,0.16212713825841665,-0.6441590086324702,0.7819813115507633,1.2687878651128297,-0.668617921055841,-0.4986928082209321,2.3419534074596497,-0.052399507126046234,4.0,test
0.9762286174782501,-0.4164030475790286,-1.0205989410664063,-0.8596378055824154,-1.7580755001063062,1.7484333094006532,1.6992753659932862,-0.6441590086324702,0.7819813115507633,1.2687878651128297,1.4956224900775326,-0.4986928082209321,-0.4269939772562403,-0.8871536995880085,4.0,test
0.49272804110160784,0.47562274191557835,-1.0205989410664063,0.11113381311838781,0.26490100016639395,1.1436105759514135,0.3986114809868581,1.5524117284689836,0.7819813115507633,-0.7881538179048341,-0.668617921055841,-0.4986928082209321,-0.4269939772562403,-0.05760837037982289,4.0,test
-1.6946751688915147,1.3676485314101854,-1.0205989410664063,-0.8596378055824154,1.276389250302744,-0.35975090251896535,1.2263066805364033,-0.6441590086324702,-1.0149319004571768,-0.7881538179048341,1.4956224900775326,-0.4986928082209321,-0.4269939772562403,-1.639001327723782,4.0,test
0.3587459536719359,1.3676485314101854,-1.0205989410664063,-0.8596378055824154,-0.7465872499699562,-1.6688311407119962,1.4627910232648447,1.5524117284689836,0.7819813115507633,-0.7881538179048341,-0.668617921055841,-0.4986928082209321,-0.4269939772562403,-1.6853718179284833,4.0,test
0.10971403029721954,-0.4164030475790286,-1.0205989410664063,-0.8596378055824154,0.26490100016639395,1.3310017422790437,1.3445488519006241,-0.6441590086324702,0.7819813115507633,-0.7881538179048341,-0.668617921055841,2.0052424729513594,-0.4269939772562403,-1.013210617165422,4.0,test
-1.633509433325795,-1.3084288370736354,0.9798168112492035,-0.8596378055824154,1.276389250302744,1.3122408337152898,-0.0743572044700248,-0.6441590086324702,0.7819813115507633,1.2687878651128297,-0.668617921055841,2.0052424729513594,-0.4269939772562403,0.32881470669089985,3.0,test
-1.4762261132996581,-0.4164030475790286,-1.0205989410664063,-0.8596378055824154,2.2878775004390945,-1.02131507347878,-0.7838102326553492,-0.6441590086324702,-0.11647529445320678,1.2687878651128297,1.4956224900775326,-0.4986928082209321,-0.4269939772562403,0.4776561731796089,3.0,test
-1.0014634991466902,1.3676485314101854,0.9798168112492035,-0.8596378055824154,-1.7580755001063062,-1.3891451055518833,0.6350958237152996,1.5524117284689836,-1.0149319004571768,-0.7881538179048341,-0.668617921055841,-0.4986928082209321,-0.4269939772562403,-1.0889331165915015,4.0,test
0.6907885181715576,-0.4164030475790286,0.9798168112492035,1.081905431819191,1.276389250302744,1.5956906816531249,1.1080645091721826,1.5524117284689836,-0.11647529445320678,1.2687878651128297,-0.668617921055841,2.0052424729513594,-0.4269939772562403,-0.6840877604786566,4.0,test
1.490312061637752,0.47562274191557835,0.9798168112492035,-0.8596378055824154,0.26490100016639395,-1.6933308525665742,1.6992753659932862,-0.6441590086324702,-0.11647529445320678,-0.7881538179048341,-0.668617921055841,-0.4986928082209321,-0.4269939772562403,-2.055756807565376,1.0,test
1.1378809186162238,0.47562274191557835,0.9798168112492035,-0.8596378055824154,-0.7465872499699562,0.041724476964361684,-1.2567789181122322,-0.6441590086324702,-1.0149319004571768,-0.7881538179048341,-0.668617921055841,-0.4986928082209321,-0.4269939772562403,0.44466206603897096,3.0,test
1.6126435327691917,-1.3084288370736354,-1.0205989410664063,1.081905431819191,0.26490100016639395,-1.3454157261858846,-0.19259937583424555,1.5524117284689836,0.7819813115507633,1.2687878651128297,-0.668617921055841,-0.4986928082209321,-0.4269939772562403,0.10758449107719663,0.0,test
-0.146599528263892,-0.4164030475790286,-1.0205989410664063,-0.8596378055824154,0.26490100016639395,-1.338281124251924,0.5168536523510788,-0.6441590086324702,1.6804379175547333,-0.7881538179048341,1.4956224900775326,-0.4986928082209321,-0.4269939772562403,-0.40447114100622966,4.0,test
-0.09125910084728837,0.47562274191557835,-1.0205989410664063,-0.8596378055824154,0.26490100016639395,0.08604038083676224,-0.90205240401957,-0.6441590086324702,-1.9133885064611469,-0.7881538179048341,-0.668617921055841,-0.4986928082209321,-0.4269939772562403,0.3356617586428177,3.0,test
0.3995231107157491,-1.3084288370736354,-1.0205989410664063,-0.8596378055824154,0.26490100016639395,-0.15723253746106827,-1.6115054322048943,1.5524117284689836,-1.0149319004571768,1.2687878651128297,-0.668617921055841,2.0052424729513594,-0.4269939772562403,1.527985070736351,1.0,test
1.2500181004867101,0.47562274191557835,0.9798168112492035,-0.8596378055824154,-0.7465872499699562,-0.029862949146339413,-0.0743572044700248,-0.6441590086324702,0.7819813115507633,1.2687878651128297,1.4956224900775326,-0.4986928082209321,-0.4269939772562403,0.35034023095468214,3.0,test
-1.3597199503173347,-1.3084288370736354,-1.0205989410664063,1.081905431819191,0.26490100016639395,-0.7279878810527052,0.5168536523510788,-0.6441590086324702,-0.11647529445320678,1.2687878651128297,1.4956224900775326,-0.4986928082209321,2.3419534074596497,-0.45251935338740834,4.0,test
1.2048719623310598,-1.3084288370736354,-1.0205989410664063,-0.8596378055824154,0.26490100016639395,0.3065725681500562,-0.0743572044700248,-0.6441590086324702,-1.0149319004571768,-0.7881538179048341,-0.668617921055841,-0.4986928082209321,-0.4269939772562403,-0.40035045956057874,4.0,test
-1.3160301391989635,-1.3084288370736354,0.9798168112492035,-0.8596378055824154,0.26490100016639395,0.4616266750745938,-1.375021089476453,-0.6441590086324702,1.6804379175547333,-0.7881538179048341,-0.668617921055841,2.0052424729513594,-0.4269939772562403,1.4861771109815203,1.0,test
-0.20485260975505373,-1.3084288370736354,-1.0205989410664063,1.081905431819191,0.26490100016639395,-0.11545943994544386,-1.6115054322048943,-0.6441590086324702,-1.9133885064611469,-0.7881538179048341,-0.668617921055841,-0.4986928082209321,-0.4269939772562403,0.8396160719771615,2.0,test
-1.3626326043918928,-1.3084288370736354,0.9798168112492035,-0.8596378055824154,0.26490100016639395,-0.9729556035894686,-1.0202945753837906,-0.6441590086324702,-1.0149319004571768,1.2687878651128297,-0.668617921055841,-0.4986928082209321,-0.4269939772562403,0.43863251208694143,3.0,test
0.26991000439791424,1.3676485314101854,0.9798168112492035,1.081905431819191,0.26490100016639395,0.3888665630092914,1.4627910232648447,-0.6441590086324702,1.6804379175547333,-0.7881538179048341,1.4956224900775326,-0.4986928082209321,-0.4269939772562403,-1.2631470637796032,4.0,test
1.1116670319452011,0.47562274191557835,-1.0205989410664063,0.11113381311838781,1.276389250302744,0.2413645166758765,-1.729747603569115,-0.6441590086324702,-1.9133885064611469,1.2687878651128297,-0.668617921055841,2.0052424729513594,2.3419534074596497,1.0924894459092147,2.0,test
1.5252639105324493,-0.4164030475790286,0.9798168112492035,2.052677050519994,2.2878775004390945,0.11776457377569585,0.04388496689419592,-0.6441590086324702,0.7819813115507633,1.2687878651128297,1.4956224900775326,-0.4986928082209321,2.3419534074596497,0.3198553875624659,4.0,test
1.6024492435082385,-1.3084288370736354,-1.0205989410664063,0.11113381311838781,-0.7465872499699562,1.4210518962233392,-0.7838102326553492,-0.6441590086324702,-1.9133885064611469,-0.7881538179048341,1.4956224900775326,-0.4986928082209321,-0.4269939772562403,0.41006236602663837,2.0,test
-1.3116611580871262,1.3676485314101854,0.9798168112492035,-0.8596378055824154,0.26490100016639395,-1.5857514023365966,1.1080645091721826,-0.6441590086324702,1.6804379175547333,-0.7881538179048341,-0.668617921055841,2.0052424729513594,-0.4269939772562403,-1.3449913556793265,4.0,test
0.0878691247380339,-0.4164030475790286,-1.0205989410664063,0.11113381311838781,0.26490100016639395,-1.4944427491220893,-0.90205240401957,-0.6441590086324702,-1.9133885064611469,1.2687878651128297,-0.668617921055841,-0.4986928082209321,-0.4269939772562403,-0.09650242852525,4.0,test
-1.406322415510264,-0.4164030475790286,0.9798168112492035,-0.8596378055824154,-0.7465872499699562,0.6587621102074678,1.2263066805364033,-0.6441590086324702,-0.11647529445320678,-0.7881538179048341,-0.668617921055841,-0.4986928082209321,-0.4269939772562403,-1.167643610647676,4.0,test
1.277688314195012,-0.4164030475790286,0.9798168112492035,-0.8596378055824154,-0.7465872499699562,-0.6282380720932429,-0.3108415471984663,-0.6441590086324702,0.7819813115507633,-0.7881538179048341,-0.668617921055841,-0.4986928082209321,-0.4269939772562403,-0.11722852458019613,4.0,test
0.564088065928281,1.3676485314101854,-1.0205989410664063,2.052677050519994,-0.7465872499699562,0.026792332605818626,-0.5473258899269078,1.5524117284689836,0.7819813115507633,-0.7881538179048341,-0.668617921055841,-0.4986928082209321,2.3419534074596497,0.42426034699740656,3.0,test
-1.502439999970681,-0.4164030475790286,0.9798168112492035,0.11113381311838781,1.276389250302744,1.6345473518613058,-0.429083718562687,1.5524117284689836,-0.11647529445320678,1.2687878651128297,-0.668617921055841,-0.4986928082209321,-0.4269939772562403,0.5118984562322679,3.0,test
1.6607023249994002,0.47562274191557835,-1.0205989410664063,1.081905431819191,1.276389250302744,-1.4523857530165174,-1.0202945753837906,-0.6441590086324702,-1.0149319004571768,1.2687878651128297,-0.668617921055841,-0.4986928082209321,-0.4269939772562403,0.1967233011034683,0.0,test
-1.5461298110890522,0.47562274191557835,-1.0205989410664063,-0.8596378055824154,0.26490100016639395,1.71570315121507,-1.1385367467480114,1.5524117284689836,-0.11647529445320678,1.2687878651128297,-0.668617921055841,-0.4986928082209321,-0.4269939772562403,1.3698483601289797,1.0,test
-0.4713604575771186,-0.4164030475790286,0.9798168112492035,1.081905431819191,0.26490100016639395,1.3719796543388296,1.1080645091721826,-0.6441590086324702,-0.11647529445320678,1.2687878651128297,-0.668617921055841,-0.4986928082209321,2.3419534074596497,-0.690726473848045,4.0,test
-0.6825278779825797,0.47562274191557835,0.9798168112492035,-0.8596378055824154,1.276389250302744,1.1335229715212327,-0.0743572044700248,-0.6441590086324702,0.7819813115507633,-0.7881538179048341,-0.668617921055841,-0.4986928082209321,-0.4269939772562403,0.4697864143768966,3.0,test
-1.5519551192381684,1.3676485314101854,0.9798168112492035,-0.8596378055824154,-0.7465872499699562,1.2396992977526453,-0.6655680612911284,-0.6441590086324702,-1.0149319004571768,-0.7881538179048341,-0.668617921055841,-0.4986928082209321,-0.4269939772562403,0.22491502217254927,3.0,test
0.6223411474194427,1.3676485314101854,0.9798168112492035,-0.8596378055824154,-0.7465872499699562,-0.02745134938451603,-1.1385367467480114,1.5524117284689836,-1.9133885064611469,-0.7881538179048341,-0.668617921055841,-0.4986928082209321,-0.4269939772562403,0.9324820923540541,2.0,test
-1.7194327285252584,-1.3084288370736354,-1.0205989410664063,-0.8596378055824154,0.26490100016639395,0.007339479780294209,0.2803693096226374,1.5524117284689836,-1.9133885064611469,-0.7881538179048341,1.4956224900775326,-0.4986928082209321,-0.4269939772562403,-0.6021389243383235,4.0,test
1.7000231550059344,1.3676485314101854,0.9798168112492035,1.081905431819191,-0.7465872499699562,0.3869116950569041,-0.6655680612911284,-0.6441590086324702,0.7819813115507633,1.2687878651128297,-0.668617921055841,-0.4986928082209321,-0.4269939772562403,0.8373250701307106,2.0,test
1.583516992023611,1.3676485314101854,-1.0205989410664063,1.081905431819191,0.26490100016639395,-0.5071430301358696,-1.1385367467480114,-0.6441590086324702,0.7819813115507633,1.2687878651128297,-0.668617921055841,-0.4986928082209321,-0.4269939772562403,1.2319449740753503,3.0,test
1.1597258241754094,0.47562274191557835,-1.0205989410664063,1.081905431819191,0.26490100016639395,-0.758702641030217,-1.0202945753837906,-0.6441590086324702,-1.0149319004571768,-0.7881538179048341,-0.668617921055841,-0.4986928082209321,-0.4269939772562403,0.6574825930830356,2.0,test
0.22476386624226394,1.3676485314101854,-1.0205989410664063,1.081905431819191,-1.7580755001063062,-0.14303743162119387,1.2263066805364033,1.5524117284689836,-1.0149319004571768,-0.7881538179048341,-0.668617921055841,-0.4986928082209321,-0.4269939772562403,-1.286894389964031,4.0,test
-1.6961314959287936,-1.3084288370736354,-1.0205989410664063,-0.8596378055824154,1.276389250302744,-0.2762917825579134,0.2803693096226374,-0.6441590086324702,1.6804379175547333,-0.7881538179048341,-0.668617921055841,-0.4986928082209321,2.3419534074596497,-0.05384169165053144,4.0,test
-1.4310799751440078,0.47562274191557835,-1.0205989410664063,0.11113381311838781,-0.7465872499699562,-0.21523486675003212,-0.0743572044700248,1.5524117284689836,-0.11647529445320678,-0.7881538179048341,-0.668617921055841,-0.4986928082209321,-0.4269939772562403,0.024738476495048914,4.0,test
0.5407868333318162,1.3676485314101854,0.9798168112492035,-0.8596378055824154,0.26490100016639395,-1.5303940162891907,-0.7838102326553492,-0.6441590086324702,-1.0149319004571768,-0.7881538179048341,-0.668617921055841,-0.4986928082209321,-0.4269939772562403,-0.2531065425163008,4.0,test
0.5728260281519552,1.3676485314101854,-1.0205989410664063,1.081905431819191,1.276389250302744,1.1369938735382479,0.2803693096226374,-0.6441590086324702,1.6804379175547333,1.2687878651128297,-0.668617921055841,-0.4986928082209321,-0.4269939772562403,-0.09171685720078204,4.0,test
-0.7218487079891139,-0.4164030475790286,-1.0205989410664063,-0.8596378055824154,0.26490100016639395,0.6024638483164271,-1.0202945753837906,-0.6441590086324702,0.7819813115507633,-0.7881538179048341,-0.668617921055841,-0.4986928082209321,-0.4269939772562403,0.8591813026092919,2.0,test
-0.7189360539145558,-1.3084288370736354,-1.0205989410664063,-0.8596378055824154,-0.7465872499699562,0.5791540941942157,-0.3108415471984663,-0.6441590086324702,0.7819813115507633,1.2687878651128297,-0.668617921055841,2.0052424729513594,2.3419534074596497,0.8805704305672589,2.0,test
-0.7830144435548337,1.3676485314101854,0.9798168112492035,-0.8596378055824154,-0.7465872499699562,-1.1593457847880453,-1.6115054322048943,1.5524117284689836,0.7819813115507633,-0.7881538179048341,1.4956224900775326,-0.4986928082209321,-0.4269939772562403,1.1510304614116116,2.0,test
-0.5339825201801174,1.3676485314101854,0.9798168112492035,-0.8596378055824154,-0.7465872499699562,-0.4288695721476634,-1.1385367467480114,-0.6441590086324702,-0.11647529445320678,-0.7881538179048341,-0.668617921055841,-0.4986928082209321,-0.4269939772562403,0.9293176239811531,2.0,test
1.381087533841824,-1.3084288370736354,0.9798168112492035,-0.8596378055824154,0.26490100016639395,-0.9766739305552176,0.2803693096226374,-0.6441590086324702,-0.11647529445320678,1.2687878651128297,-0.668617921055841,-0.4986928082209321,-0.4269939772562403,-0.40120406283350896,4.0,test
-0.40873839497411973,-0.4164030475790286,-1.0205989410664063,-0.8596378055824154,-0.7465872499699562,-0.14585596341497353,-1.2567789181122322,1.5524117284689836,-0.11647529445320678,1.2687878651128297,-0.668617921055841,-0.4986928082209321,-0.4269939772562403,1.432797740924462,1.0,test
1.046132315267644,1.3676485314101854,0.9798168112492035,-0.8596378055824154,1.276389250302744,-0.18264754402873035,-1.729747603569115,-0.6441590086324702,-1.0149319004571768,1.2687878651128297,-0.668617921055841,-0.4986928082209321,-0.4269939772562403,1.1559779933856809,2.0,test
-0.7597132109583691,1.3676485314101854,-1.0205989410664063,-0.8596378055824154,2.2878775004390945,-0.6440094336431629,1.1080645091721826,-0.6441590086324702,-1.9133885064611469,1.2687878651128297,1.4956224900775326,-0.4986928082209321,-0.4269939772562403,-1.8391235416492755,4.0,test
-1.7369086529726068,0.47562274191557835,0.9798168112492035,-0.8596378055824154,1.276389250302744,0.06080423685041449,-0.0743572044700248,-0.6441590086324702,0.7819813115507633,1.2687878651128297,-0.668617921055841,-0.4986928082209321,-0.4269939772562403,0.1701113338040599,3.0,test
0.20437528772035732,0.47562274191557835,-1.0205989410664063,-0.8596378055824154,-1.7580755001063062,0.811621314103746,-0.7838102326553492,-0.6441590086324702,0.7819813115507633,-0.7881538179048341,-0.668617921055841,-0.4986928082209321,-0.4269939772562403,0.9688768907857945,2.0,test
-0.9242781661709009,0.47562274191557835,0.9798168112492035,-0.8596378055824154,0.26490100016639395,-0.9802616431496416,1.2263066805364033,-0.6441590086324702,1.6804379175547333,-0.7881538179048341,-0.668617921055841,2.0052424729513594,-0.4269939772562403,-1.2144845690266892,4.0,test
-0.9767059395129465,0.47562274191557835,-1.0205989410664063,1.081905431819191,1.276389250302744,0.9474085377567909,-0.429083718562687,-0.6441590086324702,0.7819813115507633,-0.7881538179048341,1.4956224900775326,-0.4986928082209321,2.3419534074596497,0.6480632881344583,3.0,test
-0.6417507209387666,-0.4164030475790286,-1.0205989410664063,0.11113381311838781,0.26490100016639395,1.0130475504433623,-0.3108415471984663,-0.6441590086324702,-1.0149319004571768,-0.7881538179048341,-0.668617921055841,-0.4986928082209321,-0.4269939772562403,0.10059264475899943,4.0,test
0.2509777529132867,-1.3084288370736354,-1.0205989410664063,-0.8596378055824154,-1.7580755001063062,-0.30680550950058955,0.871580166443741,-0.6441590086324702,0.7819813115507633,-0.7881538179048341,-0.668617921055841,-0.4986928082209321,2.3419534074596497,-1.043694213652536,4.0,test
0.463601500356027,1.3676485314101854,-1.0205989410664063,0.11113381311838781,0.26490100016639395,-0.20026130503013959,-1.375021089476453,-0.6441590086324702,-0.11647529445320678,-0.7881538179048341,-0.668617921055841,-0.4986928082209321,2.3419534074596497,0.8418581591989165,2.0,test
-1.0174830965567596,1.3676485314101854,-1.0205989410664063,1.081905431819191,0.26490100016639395,0.15456976545409903,-1.729747603569115,-0.6441590086324702,-1.0149319004571768,-0.7881538179048341,-0.668617921055841,-0.4986928082209321,-0.4269939772562403,1.1125391805499656,2.0,test
1.6111872057319128,0.47562274191557835,0.9798168112492035,-0.8596378055824154,0.26490100016639395,-0.7267935387614509,1.2263066805364033,-0.6441590086324702,1.6804379175547333,-0.7881538179048341,-0.668617921055841,-0.4986928082209321,-0.4269939772562403,-1.3383549218573487,4.0,test
-1.704869458152468,-0.4164030475790286,0.9798168112492035,-0.8596378055824154,1.276389250302744,-1.2403064146138483,-1.1385367467480114,-0.6441590086324702,1.6804379175547333,-0.7881538179048341,-0.668617921055841,2.0052424729513594,-0.4269939772562403,1.1709237413919817,2.0,test
-1.6233151440648415,1.3676485314101854,0.9798168112492035,1.081905431819191,0.26490100016639395,-1.566133910562266,1.2263066805364033,-0.6441590086324702,-0.11647529445320678,-0.7881538179048341,-0.668617921055841,-0.4986928082209321,-0.4269939772562403,-1.5134264338505006,4.0,test
0.5611754118537229,-0.4164030475790286,-1.0205989410664063,1.081905431819191,0.26490100016639395,-0.5574402002460277,0.16212713825841665,-0.6441590086324702,-1.0149319004571768,1.2687878651128297,1.4956224900775326,-0.4986928082209321,-0.4269939772562403,-0.06607869444738036,4.0,test
0.12282097363273094,-0.4164030475790286,-1.0205989410664063,1.081905431819191,-0.7465872499699562,0.5635485981860621,-1.1385367467480114,-0.6441590086324702,1.6804379175547333,1.2687878651128297,1.4956224900775326,-0.4986928082209321,-0.4269939772562403,1.6637622561683805,1.0,test
0.4417565947968413,0.47562274191557835,-1.0205989410664063,0.11113381311838781,0.26490100016639395,-0.5647754101735845,1.6992753659932862,-0.6441590086324702,0.7819813115507633,-0.7881538179048341,-0.668617921055841,-0.4986928082209321,2.3419534074596497,-1.8269152434354072,4.0,test
0.7417599644763242,1.3676485314101854,0.9798168112492035,-0.8596378055824154,0.26490100016639395,-0.14730036130904303,-1.729747603569115,1.5524117284689836,1.6804379175547333,1.2687878651128297,-0.668617921055841,-0.4986928082209321,-0.4269939772562403,2.2784822848638417,0.0,test
1.1990466541819436,1.3676485314101854,0.9798168112492035,-0.8596378055824154,0.26490100016639395,-1.3904609483987873,0.7533379950795204,-0.6441590086324702,-1.9133885064611469,-0.7881538179048341,-0.668617921055841,-0.4986928082209321,2.3419534074596497,-1.707033216637473,4.0,test
0.6194284933448846,-0.4164030475790286,-1.0205989410664063,-0.8596378055824154,1.276389250302744,0.07975091412765914,-0.7838102326553492,-0.6441590086324702,-1.0149319004571768,-0.7881538179048341,1.4956224900775326,-0.4986928082209321,-0.4269939772562403,0.5429602854650839,3.0,test
-0.791752405778508,0.47562274191557835,0.9798168112492035,1.081905431819191,-0.7465872499699562,0.2714889500179427,-1.1385367467480114,-0.6441590086324702,-1.0149319004571768,-0.7881538179048341,-0.668617921055841,2.0052424729513594,-0.4269939772562403,1.0279738802785103,2.0,test
0.7621485429982308,-1.3084288370736354,0.9798168112492035,0.11113381311838781,-1.7580755001063062,-1.2242065156048283,0.7533379950795204,1.5524117284689836,1.6804379175547333,-0.7881538179048341,1.4956224900775326,-0.4986928082209321,2.3419534074596497,-0.2984691096165016,4.0,test
0.5830203174129085,1.3676485314101854,-1.0205989410664063,-0.8596378055824154,0.26490100016639395,0.2556374195825786,-0.3108415471984663,-0.6441590086324702,0.7819813115507633,-0.7881538179048341,1.4956224900775326,-0.4986928082209321,-0.4269939772562403,0.6119425060595025,3.0,test
-0.5368951742546755,-0.4164030475790286,0.9798168112492035,1.081905431819191,0.26490100016639395,1.5582109158500466,-0.19259937583424555,1.5524117284689836,-1.0149319004571768,-0.7881538179048341,-0.668617921055841,-0.4986928082209321,-0.4269939772562403,0.7527661066900362,2.0,test
1.5092443131223798,-0.4164030475790286,-1.0205989410664063,2.052677050519994,-0.7465872499699562,-1.0151904456497096,-1.0202945753837906,-0.6441590086324702,1.6804379175547333,-0.7881538179048341,-0.668617921055841,-0.4986928082209321,-0.4269939772562403,0.8001745900015157,1.0,test
0.08641279770075486,-0.4164030475790286,-1.0205989410664063,-0.8596378055824154,1.276389250302744,0.367523401778576,-1.2567789181122322,1.5524117284689836,-0.11647529445320678,-0.7881538179048341,-0.668617921055841,-0.4986928082209321,-0.4269939772562403,1.3780317717811241,1.0,test
0.2407834636523334,-0.4164030475790286,-1.0205989410664063,0.11113381311838781,-0.7465872499699562,1.4337289428794495,-1.2567789181122322,1.5524117284689836,0.7819813115507633,1.2687878651128297,-0.668617921055841,-0.4986928082209321,-0.4269939772562403,1.5981433222883599,1.0,test
-1.3043795229007311,-1.3084288370736354,0.9798168112492035,-0.8596378055824154,-0.7465872499699562,0.650954811955252,1.5810331946290654,-0.6441590086324702,0.7819813115507633,1.2687878651128297,-0.668617921055841,-0.4986928082209321,-0.4269939772562403,-0.848835067716902,4.0,test
-1.3233117743853586,-1.3084288370736354,-1.0205989410664063,0.11113381311838781,0.26490100016639395,-0.41262030633826374,0.2803693096226374,-0.6441590086324702,-1.0149319004571768,-0.7881538179048341,-0.668617921055841,-0.4986928082209321,-0.4269939772562403,-0.4772891252555097,4.0,test
-0.590779274634,-0.4164030475790286,-1.0205989410664063,-0.8596378055824154,0.26490100016639395,-0.7447201072473281,0.7533379950795204,-0.6441590086324702,-0.11647529445320678,-0.7881538179048341,-0.668617921055841,-0.4986928082209321,-0.4269939772562403,-1.4006220430723928,4.0,test
1.4087577475501258,1.3676485314101854,0.9798168112492035,0.11113381311838781,-0.7465872499699562,-0.08310080824816084,-1.0202945753837906,1.5524117284689836,0.7819813115507633,-0.7881538179048341,-0.668617921055841,2.0052424729513594,-0.4269939772562403,1.338634283173489,1.0,test
-1.5839943140583073,-0.4164030475790286,0.9798168112492035,1.081905431819191,0.26490100016639395,-0.9832060008345733,1.1080645091721826,1.5524117284689836,0.7819813115507633,1.2687878651128297,1.4956224900775326,-0.4986928082209321,-0.4269939772562403,-0.44347743994626376,4.0,test
1.3199217982761042,-1.3084288370736354,0.9798168112492035,1.081905431819191,-0.7465872499699562,-1.637833223635928,-1.0202945753837906,-0.6441590086324702,-1.0149319004571768,-0.7881538179048341,1.4956224900775326,-0.4986928082209321,-0.4269939772562403,-0.1527966156678188,4.0,test
-1.4820514214487743,-1.3084288370736354,0.9798168112492035,-0.8596378055824154,-0.7465872499699562,-1.1232403645118423,-1.4932632608406737,-0.6441590086324702,-0.11647529445320678,1.2687878651128297,-0.668617921055841,-0.4986928082209321,-0.4269939772562403,0.7110478551659757,2.0,test
1.724780714639678,-0.4164030475790286,0.9798168112492035,-0.8596378055824154,0.26490100016639395,-1.3419882180000824,-0.7838102326553492,-0.6441590086324702,-1.0149319004571768,1.2687878651128297,1.4956224900775326,-0.4986928082209321,-0.4269939772562403,0.08901910091217535,1.0,test
0.004858483613128456,-1.3084288370736354,-1.0205989410664063,-0.8596378055824154,-1.7580755001063062,-0.3420841084025743,-0.6655680612911284,-0.6441590086324702,-1.9133885064611469,-0.7881538179048341,1.4956224900775326,-0.4986928082209321,-0.4269939772562403,0.431405424141354,3.0,test
-0.009704786759661972,1.3676485314101854,-1.0205989410664063,1.081905431819191,1.276389250302744,0.9929932341290102,0.3986114809868581,-0.6441590086324702,-0.11647529445320678,-0.7881538179048341,-0.668617921055841,-0.4986928082209321,-0.4269939772562403,-0.5230011782562933,4.0,test
0.25971571513696096,0.47562274191557835,0.9798168112492035,0.11113381311838781,-0.7465872499699562,1.5298082546581009,0.7533379950795204,1.5524117284689836,-0.11647529445320678,-0.7881538179048341,-0.668617921055841,-0.4986928082209321,-0.4269939772562403,-0.23752992888610072,4.0,test
1.3213781253133832,-0.4164030475790286,-1.0205989410664063,0.11113381311838781,-0.7465872499699562,-1.438456440560883,-1.1385367467480114,-0.6441590086324702,-0.11647529445320678,1.2687878651128297,1.4956224900775326,2.0052424729513594,-0.4269939772562403,1.0078382825221273,2.0,test
0.532048871108142,1.3676485314101854,-1.0205989410664063,-0.8596378055824154,-1.7580755001063062,-1.437768917322151,-0.90205240401957,-0.6441590086324702,-0.11647529445320678,-0.7881538179048341,1.4956224900775326,-0.4986928082209321,-0.4269939772562403,0.3393126470796523,3.0,test
0.5349615251827,-0.4164030475790286,0.9798168112492035,1.081905431819191,2.2878775004390945,0.3783699776800243,0.5168536523510788,-0.6441590086324702,-0.11647529445320678,1.2687878651128297,-0.668617921055841,2.0052424729513594,-0.4269939772562403,-0.3585895763142442,4.0,test
1.000986177111994,-1.3084288370736354,-1.0205989410664063,0.11113381311838781,0.26490100016639395,-1.0068543793488953,1.2263066805364033,-0.6441590086324702,-0.11647529445320678,1.2687878651128297,1.4956224900775326,2.0052424729513594,-0.4269939772562403,-0.9429240171202502,4.0,test
1.4582728668176133,1.3676485314101854,-1.0205989410664063,1.081905431819191,0.26490100016639395,1.3842009951269756,-1.729747603569115,-0.6441590086324702,-1.9133885064611469,-0.7881538179048341,1.4956224900775326,-0.4986928082209321,-0.4269939772562403,1.5781339829623637,4.0,test
1.1946776730701065,-1.3084288370736354,0.9798168112492035,-0.8596378055824154,-1.7580755001063062,1.5983417061411995,1.4627910232648447,1.5524117284689836,1.6804379175547333,-0.7881538179048341,-0.668617921055841,-0.4986928082209321,-0.4269939772562403,-0.8212169975505687,4.0,test
-1.3786522018019622,0.47562274191557835,0.9798168112492035,-0.8596378055824154,0.26490100016639395,-0.41470734638364315,-1.4932632608406737,-0.6441590086324702,-1.0149319004571768,-0.7881538179048341,-0.668617921055841,2.0052424729513594,-0.4269939772562403,0.8147412929254825,2.0,test
-1.1558341650982686,0.47562274191557835,0.9798168112492035,-0.8596378055824154,0.26490100016639395,1.5371282166799414,1.4627910232648447,-0.6441590086324702,0.7819813115507633,-0.7881538179048341,1.4956224900775326,-0.4986928082209321,-0.4269939772562403,-0.9785581692074153,4.0,test
0.6616619774259768,0.47562274191557835,-1.0205989410664063,-0.8596378055824154,0.26490100016639395,0.5900867092371762,-1.375021089476453,-0.6441590086324702,-0.11647529445320678,1.2687878651128297,-0.668617921055841,-0.4986928082209321,-0.4269939772562403,0.933808190067318,2.0,test
-0.519419249807327,-1.3084288370736354,0.9798168112492035,0.11113381311838781,0.26490100016639395,1.0236780250791635,0.16212713825841665,-0.6441590086324702,-1.0149319004571768,-0.7881538179048341,-0.668617921055841,-0.4986928082209321,-0.4269939772562403,-0.518251939366831,4.0,test
1.7014794820432135,1.3676485314101854,0.9798168112492035,-0.8596378055824154,0.26490100016639395,-1.0581982974446484,-1.6115054322048943,1.5524117284689836,-1.9133885064611469,-0.7881538179048341,-0.668617921055841,-0.4986928082209321,-0.4269939772562403,0.9078242596341453,0.0,test
-1.0611729076751308,-1.3084288370736354,-1.0205989410664063,-0.8596378055824154,2.2878775004390945,-0.7881077489646351,-0.90205240401957,-0.6441590086324702,-0.11647529445320678,-0.7881538179048341,-0.668617921055841,-0.4986928082209321,-0.4269939772562403,0.6525568849008665,3.0,test
-0.4902927090617461,0.47562274191557835,-1.0205989410664063,-0.8596378055824154,-0.7465872499699562,-1.370260283655134,-0.90205240401957,1.5524117284689836,0.7819813115507633,1.2687878651128297,-0.668617921055841,-0.4986928082209321,-0.4269939772562403,1.0625696920821661,2.0,test
0.3835035133056796,0.47562274191557835,-1.0205989410664063,-0.8596378055824154,0.26490100016639395,1.154304712510471,1.6992753659932862,-0.6441590086324702,-0.11647529445320678,-0.7881538179048341,-0.668617921055841,-0.4986928082209321,-0.4269939772562403,-1.4180216100676561,4.0,test
1.0971037615724106,0.47562274191557835,0.9798168112492035,-0.8596378055824154,-0.7465872499699562,1.697558262174691,-1.375021089476453,-0.6441590086324702,-1.9133885064611469,1.2687878651128297,-0.668617921055841,-0.4986928082209321,-0.4269939772562403,1.00108245326653,2.0,test
-1.3218554473480797,-1.3084288370736354,-1.0205989410664063,-0.8596378055824154,0.26490100016639395,-0.3943116727681892,-1.2567789181122322,-0.6441590086324702,-0.11647529445320678,1.2687878651128297,-0.668617921055841,-0.4986928082209321,-0.4269939772562403,0.7113548708059885,2.0,test
1.145162553802619,1.3676485314101854,-1.0205989410664063,0.11113381311838781,2.2878775004390945,0.6227743710510543,1.1080645091721826,1.5524117284689836,-0.11647529445320678,-0.7881538179048341,1.4956224900775326,2.0052424729513594,-0.4269939772562403,-0.3668856542169866,4.0,test
-0.34174735125928374,-1.3084288370736354,-1.0205989410664063,0.11113381311838781,0.26490100016639395,1.7048658339705116,-1.375021089476453,1.5524117284689836,1.6804379175547333,-0.7881538179048341,-0.668617921055841,-0.4986928082209321,-0.4269939772562403,1.8200379136509226,0.0,test
1.6475953816638889,0.47562274191557835,0.9798168112492035,2.052677050519994,1.276389250302744,1.5811396477959498,0.16212713825841665,1.5524117284689836,-0.11647529445320678,1.2687878651128297,-0.668617921055841,-0.4986928082209321,-0.4269939772562403,0.4239336238396698,4.0,test
0.9980735230374357,-0.4164030475790286,0.9798168112492035,-0.8596378055824154,0.26490100016639395,-0.9102015945458524,-0.90205240401957,1.5524117284689836,-0.11647529445320678,1.2687878651128297,-0.668617921055841,2.0052424729513594,-0.4269939772562403,1.068100585513043,2.0,test
1.5893423001727272,-1.3084288370736354,0.9798168112492035,0.11113381311838781,0.26490100016639395,0.009512017749475228,0.04388496689419592,-0.6441590086324702,-1.9133885064611469,-0.7881538179048341,-0.668617921055841,-0.4986928082209321,-0.4269939772562403,-0.6442669836044306,3.0,test
0.530592544070863,0.47562274191557835,0.9798168112492035,2.052677050519994,0.26490100016639395,-0.3315622722450695,0.6350958237152996,-0.6441590086324702,0.7819813115507633,-0.7881538179048341,-0.668617921055841,-0.4986928082209321,-0.4269939772562403,-0.30518834594318545,4.0,test
0.8538971463468105,1.3676485314101854,0.9798168112492035,1.081905431819191,0.26490100016639395,0.44394264841924136,-0.19259937583424555,1.5524117284689836,1.6804379175547333,1.2687878651128297,-0.668617921055841,2.0052424729513594,-0.4269939772562403,1.1875699780646143,2.0,test
0.35146431848554066,-1.3084288370736354,0.9798168112492035,-0.8596378055824154,0.26490100016639395,-1.3449316609233988,-0.0743572044700248,1.5524117284689836,-0.11647529445320678,-0.7881538179048341,1.4956224900775326,-0.4986928082209321,-0.4269939772562403,-0.02791164002005662,4.0,test
-0.36941756496758554,1.3676485314101854,-1.0205989410664063,1.081905431819191,-0.7465872499699562,-1.1116152909348358,0.5168536523510788,-0.6441590086324702,-1.0149319004571768,1.2687878651128297,-0.668617921055841,2.0052424729513594,-0.4269939772562403,-0.8187231804267097,4.0,test
0.0004895025012913274,-0.4164030475790286,-1.0205989410664063,-0.8596378055824154,0.26490100016639395,-0.3109494677706031,-0.90205240401957,1.5524117284689836,-0.11647529445320678,1.2687878651128297,-0.668617921055841,-0.4986928082209321,-0.4269939772562403,1.1456574738813292,2.0,test
1.172832767510921,1.3676485314101854,0.9798168112492035,-0.8596378055824154,1.276389250302744,1.1150693508710197,0.16212713825841665,-0.6441590086324702,-1.9133885064611469,1.2687878651128297,-0.668617921055841,-0.4986928082209321,2.3419534074596497,-0.5799009701001456,4.0,test
1.1247739752807124,-1.3084288370736354,0.9798168112492035,-0.8596378055824154,-0.7465872499699562,0.8874247168079182,-0.0743572044700248,1.5524117284689836,0.7819813115507633,-0.7881538179048341,-0.668617921055841,-0.4986928082209321,-0.4269939772562403,0.32525157757907225,3.0,test
-1.1616594732473848,1.3676485314101854,0.9798168112492035,1.081905431819191,-0.7465872499699562,-1.6924543516282364,0.2803693096226374,1.5524117284689836,0.7819813115507633,1.2687878651128297,-0.668617921055841,-0.4986928082209321,2.3419534074596497,-0.030845174109918598,4.0,test
0.30631818032989033,-0.4164030475790286,-1.0205989410664063,-0.8596378055824154,0.26490100016639395,1.424669969780607,0.16212713825841665,1.5524117284689836,-0.11647529445320678,-0.7881538179048341,1.4956224900775326,2.0052424729513594,-0.4269939772562403,0.5826576654399135,3.0,test
-0.8674814117170182,-1.3084288370736354,0.9798168112492035,0.11113381311838781,0.26490100016639395,-0.5095040245698712,-0.90205240401957,-0.6441590086324702,-1.0149319004571768,1.2687878651128297,1.4956224900775326,-0.4986928082209321,-0.4269939772562403,0.594800603713204,3.0,test
0.18544303623572977,-0.4164030475790286,0.9798168112492035,-0.8596378055824154,-1.7580755001063062,-0.598193288170003,-0.7838102326553492,1.5524117284689836,-0.11647529445320678,-0.7881538179048341,-0.668617921055841,-0.4986928082209321,-0.4269939772562403,0.5829759345352185,3.0,test
-1.3407876988327072,1.3676485314101854,0.9798168112492035,0.11113381311838781,-0.7465872499699562,-0.16780238522807056,-0.6655680612911284,-0.6441590086324702,-0.11647529445320678,1.2687878651128297,-0.668617921055841,-0.4986928082209321,2.3419534074596497,0.7536825459759546,2.0,test
-0.6548576642742779,0.47562274191557835,-1.0205989410664063,0.11113381311838781,0.26490100016639395,-1.0876475740592577,1.3445488519006241,-0.6441590086324702,0.7819813115507633,1.2687878651128297,1.4956224900775326,-0.4986928082209321,2.3419534074596497,-1.120351231406065,4.0,test
-0.4101947220113988,1.3676485314101854,0.9798168112492035,-0.8596378055824154,2.2878775004390945,1.345235511959809,0.871580166443741,1.5524117284689836,0.7819813115507633,1.2687878651128297,-0.668617921055841,-0.4986928082209321,-0.4269939772562403,-0.36870070157958507,4.0,test
-1.0801051591597586,-1.3084288370736354,0.9798168112492035,1.081905431819191,-1.7580755001063062,0.015161585084788385,-1.4932632608406737,-0.6441590086324702,0.7819813115507633,1.2687878651128297,-0.668617921055841,2.0052424729513594,-0.4269939772562403,1.831769151137591,0.0,test
1.2893389304932443,1.3676485314101854,0.9798168112492035,-0.8596378055824154,-0.7465872499699562,-1.1210458061413717,-0.7838102326553492,1.5524117284689836,-0.11647529445320678,-0.7881538179048341,1.4956224900775326,-0.4986928082209321,-0.4269939772562403,0.8554613892742964,2.0,test
1.2208915597411292,-1.3084288370736354,-1.0205989410664063,-0.8596378055824154,1.276389250302744,1.5096593164714183,0.7533379950795204,1.5524117284689836,-0.11647529445320678,-0.7881538179048341,1.4956224900775326,-0.4986928082209321,-0.4269939772562403,0.011285569548998465,4.0,test
0.3718528970074473,-1.3084288370736354,0.9798168112492035,-0.8596378055824154,1.276389250302744,1.3440257043849517,-0.0743572044700248,-0.6441590086324702,0.7819813115507633,-0.7881538179048341,-0.668617921055841,2.0052424729513594,-0.4269939772562403,0.1025966848077563,4.0,test
0.4883590599897707,-0.4164030475790286,-1.0205989410664063,-0.8596378055824154,1.276389250302744,0.06712528761332509,1.5810331946290654,-0.6441590086324702,0.7819813115507633,1.2687878651128297,-0.668617921055841,-0.4986928082209321,-0.4269939772562403,-1.252267377050009,4.0,test
-0.37233021904214364,1.3676485314101854,0.9798168112492035,-0.8596378055824154,-0.7465872499699562,0.8774069901961561,0.04388496689419592,1.5524117284689836,-1.9133885064611469,-0.7881538179048341,-0.668617921055841,-0.4986928082209321,-0.4269939772562403,-0.5613467095586958,4.0,test
1.3956508042146145,1.3676485314101854,0.9798168112492035,-0.8596378055824154,0.26490100016639395,0.751445901789669,-1.0202945753837906,-0.6441590086324702,0.7819813115507633,1.2687878651128297,-0.668617921055841,-0.4986928082209321,-0.4269939772562403,1.180718799506225,2.0,test
1.2281731949275245,0.47562274191557835,0.9798168112492035,0.11113381311838781,2.2878775004390945,-0.5508609005870614,0.3986114809868581,1.5524117284689836,-1.0149319004571768,-0.7881538179048341,-0.668617921055841,-0.4986928082209321,-0.4269939772562403,-0.4195179479360936,4.0,test
-0.8645687576424601,1.3676485314101854,0.9798168112492035,-0.8596378055824154,0.26490100016639395,1.4683449915728428,0.04388496689419592,-0.6441590086324702,0.7819813115507633,1.2687878651128297,-0.668617921055841,-0.4986928082209321,-0.4269939772562403,0.4289402292513464,3.0,test
0.1461222062291956,0.47562274191557835,0.9798168112492035,-0.8596378055824154,0.26490100016639395,-0.14486257569681849,-0.6655680612911284,-0.6441590086324702,-0.11647529445320678,-0.7881538179048341,1.4956224900775326,-0.4986928082209321,2.3419534074596497,0.622138223320866,3.0,test
-0.9796185935875046,0.47562274191557835,-1.0205989410664063,0.11113381311838781,-0.7465872499699562,-0.7363188963986717,-0.6655680612911284,1.5524117284689836,-0.11647529445320678,-0.7881538179048341,1.4956224900775326,-0.4986928082209321,-0.4269939772562403,0.784975976602443,2.0,test
-0.2747563075444478,-1.3084288370736354,0.9798168112492035,0.11113381311838781,0.26490100016639395,1.8185932040759134,-1.6115054322048943,-0.6441590086324702,-0.11647529445320678,-0.7881538179048341,-0.668617921055841,-0.4986928082209321,-0.4269939772562403,1.3360266934417286,1.0,test
-0.4436902438688168,0.47562274191557835,0.9798168112492035,1.081905431819191,-1.7580755001063062,-0.5368117676577485,0.16212713825841665,-0.6441590086324702,-0.11647529445320678,-0.7881538179048341,1.4956224900775326,-0.4986928082209321,-0.4269939772562403,-0.10203956203092515,4.0,test
-0.8893263172762039,0.47562274191557835,-1.0205989410664063,-0.8596378055824154,-0.7465872499699562,-1.4102651702059845,1.1080645091721826,-0.6441590086324702,-0.11647529445320678,-0.7881538179048341,-0.668617921055841,-0.4986928082209321,-0.4269939772562403,-1.8561093058519382,4.0,test
-1.3844775099510784,-0.4164030475790286,0.9798168112492035,1.081905431819191,-0.7465872499699562,0.7315258856319822,0.2803693096226374,-0.6441590086324702,1.6804379175547333,-0.7881538179048341,1.4956224900775326,-0.4986928082209321,-0.4269939772562403,0.23108306375154306,3.0,test
1.2252605408529664,0.47562274191557835,-1.0205989410664063,1.081905431819191,0.26490100016639395,-0.2914602669114772,-0.7838102326553492,-0.6441590086324702,1.6804379175547333,1.2687878651128297,1.4956224900775326,-0.4986928082209321,-0.4269939772562403,1.3348281084480558,1.0,test
-0.7873834246666709,-1.3084288370736354,0.9798168112492035,-0.8596378055824154,1.276389250302744,-0.25200919353649287,1.6992753659932862,1.5524117284689836,-0.11647529445320678,-0.7881538179048341,-0.668617921055841,2.0052424729513594,-0.4269939772562403,-1.2639134274375385,4.0,test
0.10243239511082433,0.47562274191557835,0.9798168112492035,0.11113381311838781,0.26490100016639395,0.6033355399017843,1.5810331946290654,-0.6441590086324702,-1.0149319004571768,-0.7881538179048341,-0.668617921055841,2.0052424729513594,-0.4269939772562403,-1.4487741389100666,4.0,test
-1.0728235239733632,0.47562274191557835,-1.0205989410664063,-0.8596378055824154,1.276389250302744,-1.5662556423557903,-1.375021089476453,1.5524117284689836,-0.11647529445320678,-0.7881538179048341,1.4956224900775326,2.0052424729513594,-0.4269939772562403,1.199509548379185,1.0,test
-0.24708609383614596,-0.4164030475790286,0.9798168112492035,-0.8596378055824154,-0.7465872499699562,1.6093303851755556,-0.3108415471984663,1.5524117284689836,-0.11647529445320678,-0.7881538179048341,1.4956224900775326,-0.4986928082209321,-0.4269939772562403,0.507957396271293,3.0,test
-1.6626359740713756,0.47562274191557835,-1.0205989410664063,-0.8596378055824154,-1.7580755001063062,-1.6890565918425888,1.6992753659932862,1.5524117284689836,-0.11647529445320678,1.2687878651128297,1.4956224900775326,-0.4986928082209321,-0.4269939772562403,-1.236304796621925,4.0,test
0.22622019327954299,1.3676485314101854,-1.0205989410664063,-0.8596378055824154,-0.7465872499699562,1.056091396257114,-0.0743572044700248,1.5524117284689836,-1.0149319004571768,1.2687878651128297,-0.668617921055841,-0.4986928082209321,2.3419534074596497,-0.16139127152261706,4.0,test
0.09660708696170815,0.47562274191557835,0.9798168112492035,-0.8596378055824154,-0.7465872499699562,0.5559992997470912,1.4627910232648447,-0.6441590086324702,-1.0149319004571768,1.2687878651128297,-0.668617921055841,2.0052424729513594,-0.4269939772562403,-1.391191902491826,4.0,test
1.6403137464774937,-0.4164030475790286,0.9798168112492035,0.11113381311838781,-1.7580755001063062,1.677138819406146,0.7533379950795204,-0.6441590086324702,-1.0149319004571768,1.2687878651128297,-0.668617921055841,-0.4986928082209321,-0.4269939772562403,-0.4707837675638855,4.0,test
1.2704066790086168,-0.4164030475790286,0.9798168112492035,-0.8596378055824154,1.276389250302744,0.029088926743008416,0.16212713825841665,-0.6441590086324702,-1.0149319004571768,1.2687878651128297,-0.668617921055841,-0.4986928082209321,-0.4269939772562403,-0.15184264905728853,4.0,test
-0.9169965309845057,-0.4164030475790286,-1.0205989410664063,-0.8596378055824154,0.26490100016639395,0.8946540899094603,-0.19259937583424555,1.5524117284689836,1.6804379175547333,1.2687878651128297,-0.668617921055841,-0.4986928082209321,-0.4269939772562403,1.0493730732822855,2.0,test
0.9529273848817854,0.47562274191557835,0.9798168112492035,1.081905431819191,0.26490100016639395,0.28431280481658955,0.16212713825841665,-0.6441590086324702,-1.0149319004571768,1.2687878651128297,-0.668617921055841,2.0052424729513594,-0.4269939772562403,-0.12376767815952829,4.0,test
0.31505614255356457,-1.3084288370736354,0.9798168112492035,-0.8596378055824154,-0.7465872499699562,0.10217721730147387,-0.90205240401957,-0.6441590086324702,-1.0149319004571768,1.2687878651128297,-0.668617921055841,-0.4986928082209321,2.3419534074596497,0.17905084016640135,3.0,test
-1.6699176092577708,-0.4164030475790286,0.9798168112492035,0.11113381311838781,-0.7465872499699562,1.7341497481433625,0.16212713825841665,-0.6441590086324702,1.6804379175547333,1.2687878651128297,-0.668617921055841,-0.4986928082209321,-0.4269939772562403,0.6109346811697408,3.0,test
-0.385437162377655,1.3676485314101854,0.9798168112492035,0.11113381311838781,-0.7465872499699562,0.037290466654827846,1.4627910232648447,-0.6441590086324702,0.7819813115507633,-0.7881538179048341,-0.668617921055841,2.0052424729513594,-0.4269939772562403,-1.4602303783800625,4.0,test
0.39806678367847004,-1.3084288370736354,0.9798168112492035,0.11113381311838781,-1.7580755001063062,-0.12513388217157595,0.16212713825841665,-0.6441590086324702,-1.0149319004571768,-0.7881538179048341,-0.668617921055841,-0.4986928082209321,-0.4269939772562403,-0.44226368465848814,4.0,test
-0.7407809594737415,-1.3084288370736354,-1.0205989410664063,2.052677050519994,-0.7465872499699562,0.5081689226689172,-1.729747603569115,-0.6441590086324702,-1.0149319004571768,-0.7881538179048341,-0.668617921055841,-0.4986928082209321,-0.4269939772562403,1.0105292782688085,2.0,test
-0.6155368342677439,1.3676485314101854,-1.0205989410664063,-0.8596378055824154,0.26490100016639395,-0.730581772052094,0.5168536523510788,-0.6441590086324702,1.6804379175547333,1.2687878651128297,-0.668617921055841,-0.4986928082209321,-0.4269939772562403,-0.33143613847793657,4.0,test
1.2238042138156873,-0.4164030475790286,-1.0205989410664063,-0.8596378055824154,0.26490100016639395,-1.4934624506311915,0.7533379950795204,-0.6441590086324702,0.7819813115507633,-0.7881538179048341,-0.668617921055841,-0.4986928082209321,-0.4269939772562403,-1.0635279260130674,4.0,test
-1.0407843291532244,-0.4164030475790286,0.9798168112492035,-0.8596378055824154,0.26490100016639395,0.6579591208773217,1.5810331946290654,1.5524117284689836,1.6804379175547333,-0.7881538179048341,-0.668617921055841,-0.4986928082209321,2.3419534074596497,-0.7700375810257656,4.0,test
1.2572997356731053,0.47562274191557835,0.9798168112492035,0.11113381311838781,-1.7580755001063062,-0.41660854587447327,-0.6655680612911284,-0.6441590086324702,0.7819813115507633,-0.7881538179048341,-0.668617921055841,-0.4986928082209321,2.3419534074596497,0.43016916568966546,3.0,test
0.7315656752153709,-1.3084288370736354,0.9798168112492035,1.081905431819191,0.26490100016639395,1.565602108898928,-0.90205240401957,-0.6441590086324702,-0.11647529445320678,-0.7881538179048341,-0.668617921055841,-0.4986928082209321,-0.4269939772562403,1.0523955628030592,2.0,test
-1.709238439264305,-0.4164030475790286,0.9798168112492035,0.11113381311838781,-1.7580755001063062,1.5933110686840801,1.6992753659932862,1.5524117284689836,-1.0149319004571768,-0.7881538179048341,-0.668617921055841,-0.4986928082209321,-0.4269939772562403,-1.7170942849317794,4.0,test
-1.301466868826173,0.47562274191557835,0.9798168112492035,2.052677050519994,0.26490100016639395,1.3767981903766113,0.2803693096226374,-0.6441590086324702,-0.11647529445320678,-0.7881538179048341,-0.668617921055841,-0.4986928082209321,-0.4269939772562403,-0.6064360366906171,4.0,test
1.2907952575305233,-1.3084288370736354,-1.0205989410664063,0.11113381311838781,-0.7465872499699562,1.0329872434257907,0.7533379950795204,-0.6441590086324702,-0.11647529445320678,-0.7881538179048341,-0.668617921055841,2.0052424729513594,-0.4269939772562403,-0.8304832802545549,4.0,test
1.4262336719974744,0.47562274191557835,-1.0205989410664063,-0.8596378055824154,2.2878775004390945,-0.48571666028515914,1.1080645091721826,1.5524117284689836,-0.11647529445320678,-0.7881538179048341,-0.668617921055841,2.0052424729513594,-0.4269939772562403,-1.0772096048088518,4.0,test
1.7393439850124686,-0.4164030475790286,0.9798168112492035,0.11113381311838781,-1.7580755001063062,0.4853209506941666,0.2803693096226374,-0.6441590086324702,-0.11647529445320678,-0.7881538179048341,1.4956224900775326,2.0052424729513594,-0.4269939772562403,-0.10177697660573298,1.0,test
0.29321123699437895,0.47562274191557835,-1.0205989410664063,2.052677050519994,-0.7465872499699562,-0.7671779716074079,0.2803693096226374,-0.6441590086324702,-0.11647529445320678,1.2687878651128297,-0.668617921055841,-0.4986928082209321,-0.4269939772562403,-0.4066699589861541,4.0,test
0.6179721663076055,-1.3084288370736354,0.9798168112492035,0.11113381311838781,-1.7580755001063062,-1.2351515289981272,0.6350958237152996,-0.6441590086324702,-0.11647529445320678,-0.7881538179048341,-0.668617921055841,-0.4986928082209321,-0.4269939772562403,-1.1595630303446034,4.0,test
-0.3912624705267712,1.3676485314101854,0.9798168112492035,1.081905431819191,2.2878775004390945,-1.5535661910056204,0.16212713825841665,1.5524117284689836,0.7819813115507633,-0.7881538179048341,1.4956224900775326,2.0052424729513594,-0.4269939772562403,-0.10056263560740014,4.0,test
-0.6781588968707427,0.47562274191557835,0.9798168112492035,-0.8596378055824154,-0.7465872499699562,-1.2586721892224428,-0.6655680612911284,-0.6441590086324702,0.7819813115507633,-0.7881538179048341,1.4956224900775326,-0.4986928082209321,-0.4269939772562403,0.7324799361422365,2.0,test
0.05291727584333687,-1.3084288370736354,0.9798168112492035,-0.8596378055824154,-0.7465872499699562,0.09025130150039239,-0.0743572044700248,-0.6441590086324702,-1.9133885064611469,-0.7881538179048341,-0.668617921055841,-0.4986928082209321,-0.4269939772562403,-0.2031931699169478,4.0,test
1.1568131701008513,1.3676485314101854,-1.0205989410664063,0.11113381311838781,0.26490100016639395,1.3142061626667094,-1.375021089476453,1.5524117284689836,-1.0149319004571768,-0.7881538179048341,1.4956224900775326,-0.4986928082209321,-0.4269939772562403,1.8055472260846817,0.0,test
0.7636048700355098,-0.4164030475790286,0.9798168112492035,-0.8596378055824154,-1.7580755001063062,-0.5769456582183671,1.3445488519006241,-0.6441590086324702,-0.11647529445320678,-0.7881538179048341,1.4956224900775326,-0.4986928082209321,2.3419534074596497,-1.6392630908218215,4.0,test
1.0330253719321327,-0.4164030475790286,0.9798168112492035,-0.8596378055824154,-1.7580755001063062,-0.05154115479518833,-0.19259937583424555,-0.6441590086324702,0.7819813115507633,1.2687878651128297,-0.668617921055841,-0.4986928082209321,2.3419534074596497,0.45893896338942936,3.0,test
-1.439817937367682,1.3676485314101854,-1.0205989410664063,-0.8596378055824154,0.26490100016639395,0.27310938366872445,1.2263066805364033,-0.6441590086324702,-0.11647529445320678,1.2687878651128297,-0.668617921055841,-0.4986928082209321,-0.4269939772562403,-1.4411074953993253,4.0,test
0.13738424400552135,-1.3084288370736354,-1.0205989410664063,1.081905431819191,-0.7465872499699562,-0.1691213138225161,0.2803693096226374,-0.6441590086324702,-1.0149319004571768,1.2687878651128297,-0.668617921055841,-0.4986928082209321,2.3419534074596497,-0.46358570157429596,4.0,test
-1.2534080765959645,1.3676485314101854,-1.0205989410664063,-0.8596378055824154,-0.7465872499699562,1.8174598061340057,-1.1385367467480114,-0.6441590086324702,0.7819813115507633,-0.7881538179048341,-0.668617921055841,-0.4986928082209321,-0.4269939772562403,1.2026472824448424,1.0,test
-1.3291370825344748,0.47562274191557835,-1.0205989410664063,-0.8596378055824154,-0.7465872499699562,-0.8080096718983737,-1.1385367467480114,1.5524117284689836,-1.0149319004571768,-0.7881538179048341,-0.668617921055841,-0.4986928082209321,-0.4269939772562403,0.4716900518340485,3.0,test
1.210697270480176,1.3676485314101854,-1.0205989410664063,-0.8596378055824154,-1.7580755001063062,-0.028454629965908525,1.5810331946290654,1.5524117284689836,0.7819813115507633,-0.7881538179048341,-0.668617921055841,-0.4986928082209321,-0.4269939772562403,-1.016577992649725,4.0,test
-0.4014567597877245,-1.3084288370736354,-1.0205989410664063,1.081905431819191,1.276389250302744,-1.4269017824744545,1.2263066805364033,1.5524117284689836,-1.9133885064611469,-0.7881538179048341,-0.668617921055841,-0.4986928082209321,2.3419534074596497,-1.871049293465925,4.0,test
-0.861656103567902,0.47562274191557835,-1.0205989410664063,-0.8596378055824154,0.26490100016639395,-0.10254289827558948,1.2263066805364033,1.5524117284689836,0.7819813115507633,-0.7881538179048341,-0.668617921055841,-0.4986928082209321,2.3419534074596497,-0.8565665810446169,4.0,test
-1.2796219632669874,-1.3084288370736354,0.9798168112492035,-0.8596378055824154,0.26490100016639395,0.30273593118950465,-1.375021089476453,1.5524117284689836,0.7819813115507633,1.2687878651128297,-0.668617921055841,-0.4986928082209321,-0.4269939772562403,1.401932400267942,1.0,test
0.017965426948639843,-1.3084288370736354,-1.0205989410664063,-0.8596378055824154,0.26490100016639395,-0.805010749848106,-0.0743572044700248,1.5524117284689836,-1.9133885064611469,-0.7881538179048341,-0.668617921055841,2.0052424729513594,2.3419534074596497,-0.5222797303996024,4.0,test
1.139337245653503,0.47562274191557835,0.9798168112492035,-0.8596378055824154,-0.7465872499699562,-1.120881706949895,-1.2567789181122322,-0.6441590086324702,-1.0149319004571768,-0.7881538179048341,-0.668617921055841,2.0052424729513594,-0.4269939772562403,0.4559851548827037,3.0,test
1.3840001879163821,-1.3084288370736354,-1.0205989410664063,-0.8596378055824154,-0.7465872499699562,0.46893502359209227,-1.729747603569115,-0.6441590086324702,-1.0149319004571768,1.2687878651128297,-0.668617921055841,-0.4986928082209321,-0.4269939772562403,1.5567989717463533,1.0,test
1.2383674841884778,-0.4164030475790286,0.9798168112492035,2.052677050519994,1.276389250302744,0.1698800390032081,-1.0202945753837906,-0.6441590086324702,1.6804379175547333,1.2687878651128297,1.4956224900775326,-0.4986928082209321,-0.4269939772562403,1.3306596788283853,1.0,test
1.0272000637830165,-1.3084288370736354,-1.0205989410664063,2.052677050519994,-1.7580755001063062,0.9918366091923396,-0.90205240401957,-0.6441590086324702,-1.0149319004571768,-0.7881538179048341,-0.668617921055841,-0.4986928082209321,-0.4269939772562403,0.9730209055616734,2.0,test
-1.600013911468377,1.3676485314101854,-1.0205989410664063,-0.8596378055824154,0.26490100016639395,-1.638840920806041,-1.1385367467480114,-0.6441590086324702,-0.11647529445320678,-0.7881538179048341,1.4956224900775326,-0.4986928082209321,-0.4269939772562403,0.7129907303854741,2.0,test
0.227676520316822,0.47562274191557835,-1.0205989410664063,-0.8596378055824154,0.26490100016639395,0.6958649155624697,0.871580166443741,-0.6441590086324702,-1.0149319004571768,-0.7881538179048341,1.4956224900775326,-0.4986928082209321,-0.4269939772562403,-1.0023543903616128,4.0,test
-1.2388448062231743,0.47562274191557835,0.9798168112492035,0.11113381311838781,1.276389250302744,0.07633455267864682,-0.3108415471984663,-0.6441590086324702,0.7819813115507633,-0.7881538179048341,-0.668617921055841,-0.4986928082209321,-0.4269939772562403,-0.017679164311675606,4.0,test
-0.3402910242220047,-0.4164030475790286,-1.0205989410664063,-0.8596378055824154,0.26490100016639395,0.19428231990353048,-1.6115054322048943,-0.6441590086324702,0.7819813115507633,1.2687878651128297,-0.668617921055841,2.0052424729513594,-0.4269939772562403,1.4388949613337394,1.0,test
1.5107006401596588,0.47562274191557835,0.9798168112492035,0.11113381311838781,-1.7580755001063062,0.08556777819945269,0.04388496689419592,-0.6441590086324702,0.7819813115507633,-0.7881538179048341,-0.668617921055841,2.0052424729513594,-0.4269939772562403,0.03960920309575398,3.0,test
1.0883657993487363,-0.4164030475790286,-1.0205989410664063,-0.8596378055824154,-1.7580755001063062,1.3433787195072304,-0.3108415471984663,-0.6441590086324702,-0.11647529445320678,1.2687878651128297,-0.668617921055841,-0.4986928082209321,-0.4269939772562403,0.19105345852581204,3.0,test
-1.2155435736267095,-1.3084288370736354,0.9798168112492035,-0.8596378055824154,1.276389250302744,-0.4742041221021016,-0.6655680612911284,-0.6441590086324702,-1.0149319004571768,1.2687878651128297,-0.668617921055841,-0.4986928082209321,2.3419534074596497,0.11637671321596268,3.0,test
0.6718562666869301,0.47562274191557835,0.9798168112492035,-0.8596378055824154,-1.7580755001063062,0.09669782916196669,-1.1385367467480114,-0.6441590086324702,1.6804379175547333,-0.7881538179048341,-0.668617921055841,2.0052424729513594,-0.4269939772562403,1.2132323618838554,1.0,test
-0.4218453383096311,-0.4164030475790286,0.9798168112492035,-0.8596378055824154,-0.7465872499699562,-0.9619523908394821,0.3986114809868581,1.5524117284689836,-1.0149319004571768,1.2687878651128297,-0.668617921055841,-0.4986928082209321,2.3419534074596497,-0.2161661956776556,4.0,test
-0.02718071120701049,1.3676485314101854,0.9798168112492035,1.081905431819191,1.276389250302744,0.22777704362724902,-1.375021089476453,1.5524117284689836,-1.0149319004571768,-0.7881538179048341,-0.668617921055841,2.0052424729513594,-0.4269939772562403,1.5863377385860584,1.0,test
-0.8135973113376936,0.47562274191557835,-1.0205989410664063,0.11113381311838781,-0.7465872499699562,-0.18785636577946632,1.2263066805364033,-0.6441590086324702,-1.0149319004571768,-0.7881538179048341,-0.668617921055841,-0.4986928082209321,2.3419534074596497,-1.8877998542040402,4.0,test
1.2529307545612682,-0.4164030475790286,0.9798168112492035,-0.8596378055824154,1.276389250302744,1.577275745913178,1.4627910232648447,-0.6441590086324702,-0.11647529445320678,-0.7881538179048341,1.4956224900775326,-0.4986928082209321,-0.4269939772562403,-0.9809821132076659,4.0,test
0.8335085678249039,0.47562274191557835,-1.0205989410664063,0.11113381311838781,0.26490100016639395,-0.6431785789374818,1.6992753659932862,-0.6441590086324702,1.6804379175547333,1.2687878651128297,1.4956224900775326,2.0052424729513594,2.3419534074596497,-0.9340757433495397,4.0,test
1.2645813708595006,0.47562274191557835,-1.0205989410664063,0.11113381311838781,0.26490100016639395,-0.5319494167692657,-0.19259937583424555,-0.6441590086324702,0.7819813115507633,-0.7881538179048341,-0.668617921055841,-0.4986928082209321,-0.4269939772562403,-0.07304770698294322,4.0,test
1.209240943442897,0.47562274191557835,-1.0205989410664063,-0.8596378055824154,0.26490100016639395,0.4087349305467621,0.2803693096226374,1.5524117284689836,-0.11647529445320678,-0.7881538179048341,-0.668617921055841,-0.4986928082209321,-0.4269939772562403,-0.20697359055992978,4.0,test
-0.7932087328157871,1.3676485314101854,-1.0205989410664063,-0.8596378055824154,0.26490100016639395,-0.5276441045669192,0.04388496689419592,-0.6441590086324702,-1.0149319004571768,1.2687878651128297,-0.668617921055841,-0.4986928082209321,-0.4269939772562403,-0.16823017545708815,4.0,test
0.1796177280866136,0.47562274191557835,-1.0205989410664063,1.081905431819191,1.276389250302744,1.7552703042892335,0.5168536523510788,1.5524117284689836,-0.11647529445320678,-0.7881538179048341,-0.668617921055841,-0.4986928082209321,-0.4269939772562403,-0.4329378825664732,4.0,test
0.03981033250782549,0.47562274191557835,-1.0205989410664063,-0.8596378055824154,-1.7580755001063062,1.6800401013012316,0.871580166443741,-0.6441590086324702,-1.0149319004571768,1.2687878651128297,-0.668617921055841,2.0052424729513594,-0.4269939772562403,-0.7624006060757468,4.0,test
-0.6694209346470684,1.3676485314101854,-1.0205989410664063,2.052677050519994,1.276389250302744,0.18899459483094702,-0.6655680612911284,-0.6441590086324702,1.6804379175547333,-0.7881538179048341,-0.668617921055841,-0.4986928082209321,2.3419534074596497,0.7693938533008787,2.0,test
1.0679772208268297,0.47562274191557835,-1.0205989410664063,2.052677050519994,1.276389250302744,-0.6864137561945501,-1.4932632608406737,-0.6441590086324702,-0.11647529445320678,-0.7881538179048341,-0.668617921055841,-0.4986928082209321,-0.4269939772562403,0.8019684273428415,2.0,test
-1.1194259891662925,1.3676485314101854,0.9798168112492035,-0.8596378055824154,-0.7465872499699562,1.4922977944350913,0.5168536523510788,-0.6441590086324702,-0.11647529445320678,-0.7881538179048341,-0.668617921055841,-0.4986928082209321,2.3419534074596497,-0.5430093083837292,4.0,test
0.23204550142865915,1.3676485314101854,0.9798168112492035,-0.8596378055824154,1.276389250302744,-1.6580449529215273,0.5168536523510788,1.5524117284689836,-1.0149319004571768,-0.7881538179048341,-0.668617921055841,-0.4986928082209321,-0.4269939772562403,-1.264361417695063,4.0,test
-0.5019433253599784,-0.4164030475790286,0.9798168112492035,0.11113381311838781,-1.7580755001063062,-0.9127726295486315,0.6350958237152996,-0.6441590086324702,-0.11647529445320678,1.2687878651128297,-0.668617921055841,-0.4986928082209321,-0.4269939772562403,-0.7295082437661232,4.0,test
0.3558332995973778,-1.3084288370736354,0.9798168112492035,1.081905431819191,-0.7465872499699562,1.6853452426667257,0.2803693096226374,-0.6441590086324702,-1.0149319004571768,-0.7881538179048341,1.4956224900775326,-0.4986928082209321,-0.4269939772562403,-0.21058272593599764,4.0,test
-0.2412607856870298,0.47562274191557835,-1.0205989410664063,1.081905431819191,-1.7580755001063062,-1.270470303148615,-0.0743572044700248,1.5524117284689836,0.7819813115507633,-0.7881538179048341,1.4956224900775326,2.0052424729513594,-0.4269939772562403,0.7338136180675912,2.0,test
-0.12329829566742732,-1.3084288370736354,-1.0205989410664063,-0.8596378055824154,-0.7465872499699562,-1.6583085926112706,0.7533379950795204,-0.6441590086324702,-1.9133885064611469,-0.7881538179048341,1.4956224900775326,-0.4986928082209321,2.3419534074596497,-1.5800938523561063,4.0,test
-0.6009735638949534,1.3676485314101854,0.9798168112492035,-0.8596378055824154,0.26490100016639395,-1.584941772011014,0.5168536523510788,-0.6441590086324702,1.6804379175547333,-0.7881538179048341,-0.668617921055841,-0.4986928082209321,2.3419534074596497,-0.5121222651702511,4.0,test
-1.2854472714161036,0.47562274191557835,0.9798168112492035,1.081905431819191,-0.7465872499699562,1.1489718545386893,1.2263066805364033,-0.6441590086324702,-1.9133885064611469,-0.7881538179048341,-0.668617921055841,-0.4986928082209321,-0.4269939772562403,-1.1928533114775526,4.0,test
1.4772051183022408,-1.3084288370736354,-1.0205989410664063,2.052677050519994,1.276389250302744,1.5223435284048197,0.3986114809868581,1.5524117284689836,-0.11647529445320678,-0.7881538179048341,-0.668617921055841,-0.4986928082209321,2.3419534074596497,0.07950625387104124,3.0,test
-1.7398213070471649,1.3676485314101854,-1.0205989410664063,-0.8596378055824154,-0.7465872499699562,1.0172690081676703,-1.729747603569115,-0.6441590086324702,-1.0149319004571768,-0.7881538179048341,-0.668617921055841,-0.4986928082209321,-0.4269939772562403,1.2414232989377958,1.0,test
1.6810909035213069,1.3676485314101854,0.9798168112492035,-0.8596378055824154,0.26490100016639395,1.4453242264485273,1.1080645091721826,-0.6441590086324702,-0.11647529445320678,-0.7881538179048341,-0.668617921055841,2.0052424729513594,-0.4269939772562403,-1.1106656410387437,4.0,test
0.834964894862183,-1.3084288370736354,0.9798168112492035,-0.8596378055824154,-1.7580755001063062,1.3497179599957114,0.16212713825841665,-0.6441590086324702,-0.11647529445320678,-0.7881538179048341,-0.668617921055841,-0.4986928082209321,2.3419534074596497,-0.3512619997278596,4.0,test
0.7941877378183697,-0.4164030475790286,0.9798168112492035,0.11113381311838781,2.2878775004390945,1.2261437718770607,0.9898223378079618,-0.6441590086324702,0.7819813115507633,-0.7881538179048341,-0.668617921055841,-0.4986928082209321,2.3419534074596497,-0.729665730829249,4.0,test
-1.0451533102650614,-1.3084288370736354,0.9798168112492035,1.081905431819191,0.26490100016639395,0.9531651903242221,-0.6655680612911284,-0.6441590086324702,0.7819813115507633,-0.7881538179048341,-0.668617921055841,-0.4986928082209321,-0.4269939772562403,0.8042421008219116,2.0,test
-1.7136074203761422,0.47562274191557835,-1.0205989410664063,-0.8596378055824154,-0.7465872499699562,0.20416513765344957,-0.6655680612911284,-0.6441590086324702,-0.11647529445320678,-0.7881538179048341,-0.668617921055841,2.0052424729513594,-0.4269939772562403,0.5402184623183983,3.0,test
-0.16844443382307764,0.47562274191557835,0.9798168112492035,0.11113381311838781,0.26490100016639395,-0.8267885935118208,-0.3108415471984663,-0.6441590086324702,0.7819813115507633,-0.7881538179048341,-0.668617921055841,-0.4986928082209321,-0.4269939772562403,0.17876091512283973,3.0,test
0.9267134982107627,1.3676485314101854,0.9798168112492035,0.11113381311838781,-0.7465872499699562,0.04902853873808777,1.5810331946290654,1.5524117284689836,-1.0149319004571768,-0.7881538179048341,1.4956224900775326,-0.4986928082209321,-0.4269939772562403,-2.055756807565376,4.0,test
0.6660309585378139,0.47562274191557835,-1.0205989410664063,-0.8596378055824154,-0.7465872499699562,-0.7901712444907237,0.04388496689419592,1.5524117284689836,-0.11647529445320678,1.2687878651128297,-0.668617921055841,-0.4986928082209321,-0.4269939772562403,-0.11112772588966124,4.0,test
1.0912784534232944,1.3676485314101854,0.9798168112492035,2.052677050519994,1.276389250302744,-0.05863918629679387,0.7533379950795204,-0.6441590086324702,-0.11647529445320678,-0.7881538179048341,-0.668617921055841,-0.4986928082209321,-0.4269939772562403,-1.225453473644273,4.0,test
-0.4291269734960263,1.3676485314101854,-1.0205989410664063,0.11113381311838781,0.26490100016639395,0.3586041822513287,-0.90205240401957,-0.6441590086324702,-1.0149319004571768,-0.7881538179048341,-0.668617921055841,-0.4986928082209321,2.3419534074596497,0.8047396672792873,2.0,test
-1.5170032703434713,-1.3084288370736354,0.9798168112492035,-0.8596378055824154,0.26490100016639395,-0.9568229324053872,-1.4932632608406737,-0.6441590086324702,-0.11647529445320678,1.2687878651128297,-0.668617921055841,-0.4986928082209321,-0.4269939772562403,1.2768606014524415,1.0,test
-0.7757328083684385,-0.4164030475790286,-1.0205989410664063,2.052677050519994,0.26490100016639395,1.3680768629647166,1.4627910232648447,-0.6441590086324702,-0.11647529445320678,1.2687878651128297,-0.668617921055841,-0.4986928082209321,-0.4269939772562403,-1.2454340287486794,4.0,test
-1.160203146210106,-1.3084288370736354,-1.0205989410664063,2.052677050519994,1.276389250302744,-1.1226767988812685,-0.90205240401957,-0.6441590086324702,0.7819813115507633,1.2687878651128297,1.4956224900775326,-0.4986928082209321,-0.4269939772562403,1.2335986560096501,1.0,test
0.3893288214547958,0.47562274191557835,-1.0205989410664063,-0.8596378055824154,0.26490100016639395,0.42639225671788655,1.6992753659932862,-0.6441590086324702,1.6804379175547333,1.2687878651128297,-0.668617921055841,-0.4986928082209321,2.3419534074596497,-1.269966903233252,4.0,test
-0.4495155520179329,-0.4164030475790286,0.9798168112492035,1.081905431819191,-0.7465872499699562,-1.118554166926348,-0.3108415471984663,1.5524117284689836,1.6804379175547333,-0.7881538179048341,1.4956224900775326,-0.4986928082209321,-0.4269939772562403,0.6842529880957978,2.0,test
0.20874426883219446,-0.4164030475790286,0.9798168112492035,2.052677050519994,2.2878775004390945,-0.8254100559802928,1.2263066805364033,1.5524117284689836,-0.11647529445320678,1.2687878651128297,-0.668617921055841,-0.4986928082209321,-0.4269939772562403,-1.0947591134418602,4.0,test
-1.0582602536005727,1.3676485314101854,0.9798168112492035,-0.8596378055824154,-1.7580755001063062,0.7282120021308245,-0.6655680612911284,-0.6441590086324702,-0.11647529445320678,1.2687878651128297,-0.668617921055841,-0.4986928082209321,-0.4269939772562403,0.8022341958188581,2.0,test
-0.38106818126581793,1.3676485314101854,-1.0205989410664063,1.081905431819191,-1.7580755001063062,0.0543220134793977,0.2803693096226374,1.5524117284689836,0.7819813115507633,1.2687878651128297,1.4956224900775326,-0.4986928082209321,-0.4269939772562403,0.4248363374668533,3.0,test
-0.043200308617079956,-1.3084288370736354,0.9798168112492035,-0.8596378055824154,-0.7465872499699562,-1.0828575779305545,-1.4932632608406737,1.5524117284689836,-1.9133885064611469,-0.7881538179048341,-0.668617921055841,-0.4986928082209321,-0.4269939772562403,0.8092400958416442,2.0,test
-0.7043727835417655,-1.3084288370736354,0.9798168112492035,-0.8596378055824154,0.26490100016639395,-0.5964241708343337,0.5168536523510788,-0.6441590086324702,1.6804379175547333,-0.7881538179048341,1.4956224900775326,-0.4986928082209321,-0.4269939772562403,-0.22252651173214774,4.0,test
-0.7378683053991835,-0.4164030475790286,-1.0205989410664063,1.081905431819191,0.26490100016639395,1.738029836630629,-1.0202945753837906,1.5524117284689836,0.7819813115507633,1.2687878651128297,1.4956224900775326,-0.4986928082209321,-0.4269939772562403,1.8731461198740431,0.0,test
-1.100493737681665,-1.3084288370736354,-1.0205989410664063,-0.8596378055824154,-0.7465872499699562,-0.5824370801165419,-1.4932632608406737,1.5524117284689836,-1.0149319004571768,-0.7881538179048341,-0.668617921055841,-0.4986928082209321,2.3419534074596497,1.310029526949782,1.0,test
-1.5184595973807504,0.47562274191557835,-1.0205989410664063,-0.8596378055824154,0.26490100016639395,0.31699198693923397,0.9898223378079618,-0.6441590086324702,-0.11647529445320678,-0.7881538179048341,-0.668617921055841,-0.4986928082209321,-0.4269939772562403,-0.9389777945162029,4.0,test
0.6383607448295121,-1.3084288370736354,-1.0205989410664063,-0.8596378055824154,0.26490100016639395,-1.000107029900499,1.3445488519006241,1.5524117284689836,-0.11647529445320678,-0.7881538179048341,-0.668617921055841,-0.4986928082209321,-0.4269939772562403,-1.2195981196970782,4.0,test
-0.18155137715858904,-0.4164030475790286,0.9798168112492035,0.11113381311838781,0.26490100016639395,0.37879026477823524,1.1080645091721826,1.5524117284689836,0.7819813115507633,1.2687878651128297,1.4956224900775326,-0.4986928082209321,-0.4269939772562403,-0.49232215375485755,4.0,test
-1.6174898359157253,0.47562274191557835,0.9798168112492035,1.081905431819191,1.276389250302744,-1.0451116116660453,0.9898223378079618,-0.6441590086324702,0.7819813115507633,-0.7881538179048341,-0.668617921055841,-0.4986928082209321,-0.4269939772562403,-0.8000775363418484,4.0,test
0.874285724868717,0.47562274191557835,0.9798168112492035,0.11113381311838781,1.276389250302744,-0.744423088111905,-1.729747603569115,-0.6441590086324702,1.6804379175547333,-0.7881538179048341,1.4956224900775326,-0.4986928082209321,-0.4269939772562403,1.4788368326124095,1.0,test
-0.825247927635926,0.47562274191557835,0.9798168112492035,-0.8596378055824154,-1.7580755001063062,-1.3417343538702524,1.5810331946290654,-0.6441590086324702,-1.0149319004571768,1.2687878651128297,-0.668617921055841,2.0052424729513594,-0.4269939772562403,-2.055756807565376,4.0,test
0.3048618532926113,1.3676485314101854,0.9798168112492035,-0.8596378055824154,-0.7465872499699562,1.0100981564057832,-0.7838102326553492,-0.6441590086324702,0.7819813115507633,-0.7881538179048341,1.4956224900775326,-0.4986928082209321,-0.4269939772562403,0.664334411969356,2.0,test
-1.7252580366743746,0.47562274191557835,-1.0205989410664063,-0.8596378055824154,-0.7465872499699562,-0.37127193603968844,0.04388496689419592,-0.6441590086324702,-0.11647529445320678,-0.7881538179048341,-0.668617921055841,-0.4986928082209321,2.3419534074596497,-0.3658429243746977,4.0,test
-0.16407545271124052,1.3676485314101854,-1.0205989410664063,1.081905431819191,-0.7465872499699562,1.0994037836381223,0.871580166443741,-0.6441590086324702,0.7819813115507633,-0.7881538179048341,-0.668617921055841,2.0052424729513594,-0.4269939772562403,-0.8636546403383307,4.0,test
-0.8864136632016458,0.47562274191557835,-1.0205989410664063,2.052677050519994,-0.7465872499699562,0.814182549096695,1.2263066805364033,-0.6441590086324702,0.7819813115507633,1.2687878651128297,1.4956224900775326,-0.4986928082209321,-0.4269939772562403,-0.6478274375028248,4.0,test
1.0563266045285975,-1.3084288370736354,0.9798168112492035,1.081905431819191,1.276389250302744,-1.4154865805700345,0.5168536523510788,-0.6441590086324702,-1.9133885064611469,-0.7881538179048341,1.4956224900775326,-0.4986928082209321,-0.4269939772562403,-1.3136397238625492,4.0,test
-1.4441869184795193,1.3676485314101854,-1.0205989410664063,-0.8596378055824154,0.26490100016639395,-0.18972330026697937,0.3986114809868581,-0.6441590086324702,-1.0149319004571768,1.2687878651128297,-0.668617921055841,-0.4986928082209321,-0.4269939772562403,-0.813904084462465,4.0,test
0.1723360929002184,-0.4164030475790286,-1.0205989410664063,1.081905431819191,-0.7465872499699562,1.159017941917208,-1.729747603569115,1.5524117284689836,0.7819813115507633,1.2687878651128297,-0.668617921055841,-0.4986928082209321,-0.4269939772562403,1.5584641759498208,1.0,test
1.1189486671315962,-1.3084288370736354,0.9798168112492035,-0.8596378055824154,2.2878775004390945,-0.2824278637726381,-0.5473258899269078,-0.6441590086324702,-1.0149319004571768,1.2687878651128297,-0.668617921055841,-0.4986928082209321,-0.4269939772562403,0.06386936672296618,4.0,test
1.1029290697215268,1.3676485314101854,0.9798168112492035,-0.8596378055824154,-1.7580755001063062,1.6578396662165356,-0.90205240401957,-0.6441590086324702,-0.11647529445320678,-0.7881538179048341,-0.668617921055841,-0.4986928082209321,-0.4269939772562403,1.0808486353235542,2.0,test
0.31796879662812266,-0.4164030475790286,0.9798168112492035,-0.8596378055824154,-0.7465872499699562,1.290762112135558,0.9898223378079618,-0.6441590086324702,-1.9133885064611469,1.2687878651128297,1.4956224900775326,-0.4986928082209321,-0.4269939772562403,-0.5952657826249098,4.0,test
